종목코드,종목명,섹터,투자등급,등락률,등급변동,변동이유,현재가,외국인보유율,쌍끌이여부,외국인연속매수(일),기관연속매수(일),최근3일외인순매수,최근3일기관순매수,20일선위,정배열여부,20일이격도,과열여부,추세단계,추천매수가,MA5,MA20,MA60,MA120,상세페이지
006120,SK디스커버리,일반 주도주,A+,--2.65%,A+ (유지),기존 등급 유지,"66,000",13.97%,O,1,1,"12,862",-627,O,O,111.2%,상승과열,고점지속(A+),"59,335원 ~ 65,580원","65,580","59,335","54,357","53,450",https://stock.naver.com/domestic/stock/006120/price
008930,한미사이언스,바이오/헬스케어,A+,+3.80%,A+ (유지),기존 등급 유지,"57,400",1.25%,O,3,5,"24,836","38,251",O,O,109.1%,상승과열,정배열가속(A+),"52,622원 ~ 54,060원","54,060","52,622","44,241","38,999",https://stock.naver.com/domestic/stock/008930/price
010950,S-Oil,전력/에너지/원자력,A+,--1.08%,A+ (유지),기존 등급 유지,"164,400",79.95%,O,1,1,"193,734","14,822",O,O,105.6%,적정(안전),정배열가속(A+),"155,620원 ~ 160,160원","160,160","155,620","144,795","128,974",https://stock.naver.com/domestic/stock/010950/price
011200,HMM,조선/방산/중공업,A+,--0.23%,A+ (유지),기존 등급 유지,"21,450",8.82%,O,3,2,"645,081","-244,637",O,O,102.0%,적정(안전),정배열가속(A+),"21,032원 ~ 21,160원","21,160","21,032","21,000","20,544",https://stock.naver.com/domestic/stock/011200/price
012750,에스원,일반 주도주,A+,+2.05%,A+ (유지),기존 등급 유지,"84,800",55.73%,O,3,1,"7,071","-5,603",O,O,102.7%,적정(안전),정배열가속(A+),"82,610원 ~ 83,400원","83,400","82,610","77,958","77,482",https://stock.naver.com/domestic/stock/012750/price
028670,팬오션,조선/방산/중공업,A+,--4.01%,A -> A+ (상향),"정배열 달성(5>=20>=60>=120일), 외인/기관 쌍끌이 유입","5,990",17.50%,O,1,2,"1,163,503","1,643,457",O,O,101.7%,적정(안전),정배열가속(A+),"5,889원 ~ 5,912원","5,912","5,889","5,643","5,520",https://stock.naver.com/domestic/stock/028670/price
094800,맵스리얼티,건설/인프라,A+,--1.91%,A+ (유지),기존 등급 유지,"7,720",3.83%,O,2,5,"9,442","31,163",O,O,101.5%,적정(안전),정배열가속(A+),"7,608원 ~ 7,864원","7,864","7,608","6,879","6,507",https://stock.naver.com/domestic/stock/094800/price
096770,SK이노베이션,2차전지/배터리,A+,+1.69%,A+ (유지),기존 등급 유지,"156,600",16.55%,O,1,1,"568,059","-338,687",O,O,108.4%,상승과열,정배열가속(A+),"144,445원 ~ 149,080원","149,080","144,445","127,203","122,381",https://stock.naver.com/domestic/stock/096770/price
131290,티에스이,반도체/소부장,A+,+6.88%,A+ (유지),기존 등급 유지,"310,500",9.55%,O,2,2,"13,226","15,483",O,O,114.4%,상승과열,고점지속(A+),"271,425원 ~ 298,900원","298,900","271,425","244,945","223,720",https://stock.naver.com/domestic/stock/131290/price
000240,한국앤컴퍼니,금융/지주,A,--0.59%,A (유지),기존 등급 유지,"25,300",8.79%,O,1,4,"-14,145","33,888",O,X,102.4%,적정(안전),수급우량(A),"24,708원 ~ 25,160원","25,160","24,708","24,838","24,817",https://stock.naver.com/domestic/stock/000240/price
000500,가온전선,전력/에너지/원자력,A,--0.46%,A (유지),기존 등급 유지,"327,500",2.70%,O,2,4,"26,372","22,134",O,X,116.3%,단기과열(경계),단기과열 (추격금지),"281,625원 ~ 321,500원","321,500","281,625","213,827","255,930",https://stock.naver.com/domestic/stock/000500/price
001440,대한전선,IT/소프트웨어/AI,A,+0.63%,A (유지),기존 등급 유지,"31,700",10.77%,O,1,2,"-306,298","163,410",O,X,106.2%,적정(안전),수급우량(A),"29,852원 ~ 30,760원","30,760","29,852","28,350","36,531",https://stock.naver.com/domestic/stock/001440/price
0017J0,세미티에스,일반 주도주,A,+5.26%,A (유지),기존 등급 유지,"3,405",2.72%,O,3,2,"273,746","229,685",O,X,127.3%,단기과열(경계),단기과열 (추격금지),"2,674원 ~ 2,970원","2,970","2,674","2,862",0,https://stock.naver.com/domestic/stock/0017J0/price
003380,하림지주,금융/지주,A,+2.66%,A (유지),기존 등급 유지,"11,590",7.74%,O,2,3,"52,866","129,886",O,X,103.9%,적정(안전),수급우량(A),"11,100원 ~ 11,156원","11,100","11,156","10,627","11,182",https://stock.naver.com/domestic/stock/003380/price
003570,SNT다이내믹스,조선/방산/중공업,A,--4.75%,A (유지),기존 등급 유지,"31,050",12.53%,O,1,5,"-37,027","103,347",O,X,107.3%,적정(안전),수급우량(A),"28,942원 ~ 31,160원","31,160","28,942","30,836","38,835",https://stock.naver.com/domestic/stock/003570/price
004490,세방전지,일반 주도주,A,+3.70%,A (유지),기존 등급 유지,"64,500",23.56%,O,2,5,"6,267","38,133",O,X,105.0%,적정(안전),수급우량(A),"61,415원 ~ 61,640원","61,640","61,415","57,572","57,976",https://stock.naver.com/domestic/stock/004490/price
005070,코스모신소재,2차전지/배터리,A,+0.74%,A (유지),기존 등급 유지,"47,550",6.28%,O,1,5,"8,710","89,765",O,X,113.6%,상승과열,수급우량(A),"41,845원 ~ 45,270원","45,270","41,845","38,797","44,783",https://stock.naver.com/domestic/stock/005070/price
005420,코스모화학,2차전지/배터리,A,+6.34%,A (유지),기존 등급 유지,"11,900",4.74%,O,3,3,"83,065","20,016",O,X,112.9%,상승과열,수급우량(A),"10,536원 ~ 10,840원","10,840","10,536","10,114","12,221",https://stock.naver.com/domestic/stock/005420/price
005850,에스엘,IT/소프트웨어/AI,A,+0.19%,A (유지),기존 등급 유지,"52,200",16.01%,O,1,2,"9,811","44,669",O,X,102.8%,적정(안전),수급우량(A),"50,755원 ~ 51,120원","51,120","50,755","53,158","58,905",https://stock.naver.com/domestic/stock/005850/price
006400,삼성SDI,2차전지/배터리,A,+7.94%,B -> A (상향),"20일선 돌파, 외인/기관 쌍끌이 유입","571,000",25.58%,O,1,3,"-11,518","51,552",O,X,106.0%,적정(안전),수급우량(A),"529,400원 ~ 538,850원","529,400","538,850","487,725","529,771",https://stock.naver.com/domestic/stock/006400/price
006730,서부T&D,일반 주도주,A,0.00%,A (유지),기존 등급 유지,"11,480",16.42%,O,2,2,"25,306","49,588",O,X,103.4%,적정(안전),수급우량(A),"11,078원 ~ 11,102원","11,078","11,102","10,660","11,379",https://stock.naver.com/domestic/stock/006730/price
008730,율촌화학,철강/소재/화학,A,+5.89%,B -> A (상향),"20일선 돌파, 외인/기관 쌍끌이 유입","15,810",5.55%,O,3,5,"15,773","8,628",O,X,103.6%,적정(안전),수급우량(A),"14,894원 ~ 15,254원","14,894","15,254","14,752","17,951",https://stock.naver.com/domestic/stock/008730/price
009150,삼성전기,IT/소프트웨어/AI,A,+5.82%,A (유지),기존 등급 유지,"1,673,000",37.76%,O,2,2,"95,677","66,999",O,X,115.5%,단기과열(경계),단기과열 (추격금지),"1,448,650원 ~ 1,573,600원","1,573,600","1,448,650","1,368,550","1,379,725",https://stock.naver.com/domestic/stock/009150/price
009155,삼성전기우,일반 주도주,A,+3.05%,A (유지),기존 등급 유지,"541,000",28.68%,O,2,2,"4,114","1,156",O,X,106.4%,적정(안전),수급우량(A),"508,225원 ~ 530,000원","530,000","508,225","484,292","495,946",https://stock.naver.com/domestic/stock/009155/price
009830,한화솔루션,전력/에너지/원자력,A,+2.63%,A (유지),기존 등급 유지,"37,050",13.08%,O,1,5,"658,936","1,213,737",O,X,120.5%,단기과열(경계),단기과열 (추격금지),"30,752원 ~ 34,580원","34,580","30,752","30,721","35,841",https://stock.naver.com/domestic/stock/009830/price
010120,LS ELECTRIC,전력/에너지/원자력,A,+3.58%,A (유지),기존 등급 유지,"217,000",19.04%,O,1,1,"86,184","-42,325",O,X,105.7%,적정(안전),수급우량(A),"205,275원 ~ 208,800원","208,800","205,275","199,418","230,203",https://stock.naver.com/domestic/stock/010120/price
016380,KG스틸,철강/소재/화학,A,--0.70%,A (유지),기존 등급 유지,"5,710",5.87%,O,1,1,"-304,548",-236,O,X,101.4%,적정(안전),수급우량(A),"5,634원 ~ 5,656원","5,656","5,634","5,480","5,753",https://stock.naver.com/domestic/stock/016380/price
018880,한온시스템,자동차/모빌리티,A,+2.35%,A (유지),기존 등급 유지,"3,920",5.99%,O,1,5,"-1,150,358","5,946,337",O,X,112.9%,상승과열,수급우량(A),"3,473원 ~ 3,632원","3,632","3,473","3,507","4,003",https://stock.naver.com/domestic/stock/018880/price
020150,롯데에너지머티리얼즈,2차전지/배터리,A,+6.69%,A (유지),기존 등급 유지,"54,200",7.84%,O,1,1,"-19,434","417,097",O,X,130.2%,단기과열(경계),단기과열 (추격금지),"41,612원 ~ 46,670원","46,670","41,612","35,187","45,452",https://stock.naver.com/domestic/stock/020150/price
022100,포스코DX,IT/소프트웨어/AI,A,+5.04%,B -> A (상향),"20일선 돌파, 외인/기관 쌍끌이 유입","21,900",3.00%,O,2,3,"64,556","28,123",O,X,103.7%,적정(안전),수급우량(A),"20,644원 ~ 21,118원","20,644","21,118","20,355","25,275",https://stock.naver.com/domestic/stock/022100/price
026960,동서,일반 주도주,A,--4.69%,A (유지),기존 등급 유지,"26,400",3.82%,O,1,1,"53,634","12,915",O,X,102.6%,적정(안전),수급우량(A),"25,725원 ~ 26,250원","26,250","25,725","25,777","25,593",https://stock.naver.com/domestic/stock/026960/price
033100,제룡전기,IT/소프트웨어/AI,A,+2.02%,A (유지),기존 등급 유지,"50,400",6.93%,O,5,2,"31,344","18,972",O,X,107.0%,적정(안전),수급우량(A),"47,122원 ~ 48,890원","48,890","47,122","45,867","52,215",https://stock.naver.com/domestic/stock/033100/price
033790,피노,일반 주도주,A,+1.58%,A (유지),기존 등급 유지,"10,290",37.61%,O,1,5,"55,887","333,889",O,X,122.8%,단기과열(경계),단기과열 (추격금지),"8,382원 ~ 9,334원","9,334","8,382","6,821","8,867",https://stock.naver.com/domestic/stock/033790/price
036460,한국가스공사,일반 주도주,A,+0.14%,B -> A (상향),"20일선 돌파, 외인/기관 쌍끌이 유입","36,050",13.33%,O,2,1,"28,297","-37,754",O,X,100.7%,적정(안전),수급우량(A),"35,380원 ~ 35,795원","35,380","35,795","35,232","35,544",https://stock.naver.com/domestic/stock/036460/price
041190,우리기술투자,IT/소프트웨어/AI,A,--1.57%,A (유지),기존 등급 유지,"6,280",1.01%,O,5,2,"1,116,715","299,385",O,X,107.6%,적정(안전),수급우량(A),"5,834원 ~ 6,044원","6,044","5,834","5,229","5,577",https://stock.naver.com/domestic/stock/041190/price
043260,성호전자,일반 주도주,A,+3.69%,A (유지),기존 등급 유지,"32,350",2.91%,O,1,3,"307,645","279,441",O,X,142.7%,단기과열(경계),단기과열 (추격금지),"22,678원 ~ 28,860원","28,860","22,678","19,458","30,082",https://stock.naver.com/domestic/stock/043260/price
044450,KSS해운,일반 주도주,A,0.00%,A (유지),기존 등급 유지,"11,910",8.69%,O,1,1,"-9,816","1,304",O,X,109.5%,상승과열,수급우량(A),"10,881원 ~ 12,166원","12,166","10,881","10,226","10,538",https://stock.naver.com/domestic/stock/044450/price
044490,태웅,전력/에너지/원자력,A,--0.26%,A (유지),기존 등급 유지,"37,850",3.29%,O,1,1,"3,555","4,394",O,X,101.7%,적정(안전),수급우량(A),"37,235원 ~ 37,950원","37,950","37,235","31,817","36,230",https://stock.naver.com/domestic/stock/044490/price
046970,우리로,일반 주도주,A,+3.48%,A (유지),기존 등급 유지,"8,630",1.85%,O,2,3,"413,141","33,366",O,X,121.2%,단기과열(경계),단기과열 (추격금지),"7,121원 ~ 7,864원","7,864","7,121","5,370","6,709",https://stock.naver.com/domestic/stock/046970/price
047050,포스코인터내셔널,반도체/소부장,A,+1.24%,A (유지),기존 등급 유지,"57,300",6.01%,O,1,3,"-262,430","185,319",O,X,101.6%,적정(안전),수급우량(A),"56,400원 ~ 56,500원","56,500","56,400","53,985","60,177",https://stock.naver.com/domestic/stock/047050/price
047810,한국항공우주,조선/방산/중공업,A,--3.00%,A (유지),기존 등급 유지,"129,500",24.10%,O,1,2,"94,137","32,514",O,X,100.2%,적정(안전),수급우량(A),"128,660원 ~ 129,245원","128,660","129,245","136,150","149,498",https://stock.naver.com/domestic/stock/047810/price
053800,안랩,IT/소프트웨어/AI,A,+12.99%,A (유지),기존 등급 유지,"87,000",29.20%,O,5,5,"32,097","15,476",O,X,129.0%,단기과열(경계),단기과열 (추격금지),"67,440원 ~ 78,800원","78,800","67,440","60,005","60,075",https://stock.naver.com/domestic/stock/053800/price
056190,SFA,일반 주도주,A,+1.93%,A (유지),기존 등급 유지,"31,650",12.77%,O,1,2,"15,268","15,351",O,X,115.8%,단기과열(경계),단기과열 (추격금지),"27,335원 ~ 30,070원","30,070","27,335","23,870","25,851",https://stock.naver.com/domestic/stock/056190/price
058610,에스피지,IT/소프트웨어/AI,A,+3.99%,A (유지),기존 등급 유지,"106,900",5.37%,O,3,2,"94,364","12,964",O,X,109.1%,상승과열,수급우량(A),"97,980원 ~ 101,080원","101,080","97,980","92,328","100,113",https://stock.naver.com/domestic/stock/058610/price
062040,산일전기,전력/에너지/원자력,A,+2.86%,A (유지),기존 등급 유지,"233,500",17.27%,O,1,3,-223,"142,942",O,X,113.8%,상승과열,수급우량(A),"205,170원 ~ 218,800원","218,800","205,170","182,943","210,932",https://stock.naver.com/domestic/stock/062040/price
064400,LG씨엔에스,IT/소프트웨어/AI,A,+1.81%,A (유지),기존 등급 유지,"73,200",5.74%,O,2,1,"245,496","-25,631",O,X,102.6%,적정(안전),수급우량(A),"70,840원 ~ 71,335원","70,840","71,335","70,517","75,952",https://stock.naver.com/domestic/stock/064400/price
066570,LG전자,IT/소프트웨어/AI,A,+7.18%,A (유지),기존 등급 유지,"231,500",29.95%,O,1,5,"-90,687","269,425",O,X,111.4%,상승과열,수급우량(A),"207,855원 ~ 217,700원","217,700","207,855","193,667","195,241",https://stock.naver.com/domestic/stock/066570/price
067310,하나마이크론,반도체/소부장,A,+2.14%,A (유지),기존 등급 유지,"52,600",20.08%,O,2,3,"413,323","309,383",O,X,127.6%,단기과열(경계),단기과열 (추격금지),"41,222원 ~ 50,100원","50,100","41,222","36,877","40,248",https://stock.naver.com/domestic/stock/067310/price
071320,지역난방공사,일반 주도주,A,--0.75%,A (유지),기존 등급 유지,"78,900",2.77%,O,1,2,"4,252","-2,717",O,X,102.9%,적정(안전),수급우량(A),"76,695원 ~ 79,080원","79,080","76,695","71,735","71,896",https://stock.naver.com/domestic/stock/071320/price
078600,대주전자재료,2차전지/배터리,A,+3.23%,A (유지),기존 등급 유지,"111,800",15.03%,O,1,2,"78,170","110,173",O,X,124.2%,단기과열(경계),단기과열 (추격금지),"90,050원 ~ 100,500원","100,500","90,050","84,973","107,636",https://stock.naver.com/domestic/stock/078600/price
079550,LIG디펜스앤에어로스페이스,조선/방산/중공업,A,--6.96%,A (유지),기존 등급 유지,"709,000",27.23%,O,3,2,"14,189","49,179",O,X,102.2%,적정(안전),수급우량(A),"693,650원 ~ 710,800원","710,800","693,650","716,183","785,967",https://stock.naver.com/domestic/stock/079550/price
080220,제주반도체,IT/소프트웨어/AI,A,+0.87%,A (유지),기존 등급 유지,"93,200",2.14%,O,3,4,"554,854","410,874",O,X,120.9%,단기과열(경계),단기과열 (추격금지),"77,070원 ~ 86,320원","86,320","77,070","76,110","79,016",https://stock.naver.com/domestic/stock/080220/price
080580,오킨스전자,반도체/소부장,A,--1.71%,A (유지),기존 등급 유지,"28,750",9.45%,O,4,1,"430,870","-37,698",O,X,124.6%,단기과열(경계),단기과열 (추격금지),"23,066원 ~ 26,730원","26,730","23,066","17,483","18,623",https://stock.naver.com/domestic/stock/080580/price
086520,에코프로,2차전지/배터리,A,+7.20%,A (유지),기존 등급 유지,"95,300",19.48%,O,3,3,"503,956","353,991",O,X,114.4%,상승과열,수급우량(A),"83,280원 ~ 85,740원","85,740","83,280","83,270","106,958",https://stock.naver.com/domestic/stock/086520/price
091580,상신이디피,2차전지/배터리,A,+11.43%,A (유지),기존 등급 유지,"24,850",4.21%,O,5,2,"89,417","34,227",O,X,115.2%,단기과열(경계),단기과열 (추격금지),"21,578원 ~ 21,990원","21,990","21,578","18,156","19,757",https://stock.naver.com/domestic/stock/091580/price
093370,후성,반도체/소부장,A,--0.98%,A (유지),기존 등급 유지,"16,230",10.63%,O,1,5,"504,063","913,376",O,X,114.3%,상승과열,수급우량(A),"14,196원 ~ 15,504원","15,504","14,196","12,202","13,132",https://stock.naver.com/domestic/stock/093370/price
097950,CJ제일제당,일반 주도주,A,+0.06%,A (유지),기존 등급 유지,"179,400",11.39%,O,1,2,"-4,619","6,649",O,X,100.2%,적정(안전),수급우량(A),"178,975원 ~ 179,040원","179,040","178,975","185,882","199,426",https://stock.naver.com/domestic/stock/097950/price
098460,고영,반도체/소부장,A,+6.60%,A (유지),기존 등급 유지,"36,350",31.18%,O,5,2,"913,061","246,977",O,X,123.9%,단기과열(경계),단기과열 (추격금지),"29,342원 ~ 33,280원","33,280","29,342","28,487","31,519",https://stock.naver.com/domestic/stock/098460/price
100090,SK오션플랜트,전력/에너지/원자력,A,+6.42%,B -> A (상향),"20일선 돌파, 외인/기관 쌍끌이 유입","12,760",3.89%,O,3,1,"120,943","-15,700",O,X,104.1%,적정(안전),수급우량(A),"12,028원 ~ 12,262원","12,028","12,262","13,154","16,183",https://stock.naver.com/domestic/stock/100090/price
108490,로보티즈,IT/소프트웨어/AI,A,+1.77%,A (유지),기존 등급 유지,"316,500",7.39%,O,3,2,"84,879","53,710",O,X,103.4%,적정(안전),수급우량(A),"300,300원 ~ 306,050원","300,300","306,050","253,643","273,726",https://stock.naver.com/domestic/stock/108490/price
108860,셀바스AI,IT/소프트웨어/AI,A,+4.91%,A (유지),기존 등급 유지,"9,400",1.82%,O,3,1,"126,944",-546,O,X,105.4%,적정(안전),수급우량(A),"8,922원 ~ 8,980원","8,980","8,922","8,754","9,806",https://stock.naver.com/domestic/stock/108860/price
112040,위메이드,IT/소프트웨어/AI,A,+0.45%,A (유지),기존 등급 유지,"15,670",7.29%,O,2,2,"20,641","9,916",O,X,102.1%,적정(안전),수급우량(A),"15,344원 ~ 15,412원","15,412","15,344","15,852","18,044",https://stock.naver.com/domestic/stock/112040/price
128940,한미약품,바이오/헬스케어,A,+2.57%,A (유지),기존 등급 유지,"519,000",12.81%,O,1,3,"9,199","4,149",O,X,104.8%,적정(안전),수급우량(A),"495,025원 ~ 504,700원","504,700","495,025","437,217","446,062",https://stock.naver.com/domestic/stock/128940/price
138080,오이솔루션,일반 주도주,A,+1.39%,A (유지),기존 등급 유지,"32,900",3.70%,O,4,5,"205,192","71,969",O,X,125.0%,단기과열(경계),단기과열 (추격금지),"26,328원 ~ 30,460원","30,460","26,328","22,944","29,821",https://stock.naver.com/domestic/stock/138080/price
138930,BNK금융지주,금융/지주,A,+0.38%,A (유지),기존 등급 유지,"16,000",36.95%,O,1,1,"-430,942","50,629",O,X,100.8%,적정(안전),수급우량(A),"15,878원 ~ 16,042원","16,042","15,878","15,943","16,848",https://stock.naver.com/domestic/stock/138930/price
189300,인텔리안테크,조선/방산/중공업,A,+2.89%,A (유지),기존 등급 유지,"74,800",22.07%,O,2,2,"8,943","14,178",O,X,112.0%,상승과열,수급우량(A),"66,780원 ~ 70,100원","70,100","66,780","66,034","93,565",https://stock.naver.com/domestic/stock/189300/price
200470,에이팩트,일반 주도주,A,--0.79%,A (유지),기존 등급 유지,"10,060",3.91%,O,4,4,"205,245","730,590",O,X,133.4%,단기과열(경계),단기과열 (추격금지),"7,540원 ~ 9,614원","9,614","7,540","6,136","7,414",https://stock.naver.com/domestic/stock/200470/price
215200,메가스터디교육,일반 주도주,A,+1.07%,A (유지),기존 등급 유지,"37,900",26.41%,O,5,3,"14,818","21,654",O,X,106.2%,적정(안전),수급우량(A),"35,688원 ~ 37,250원","37,250","35,688","37,423","39,757",https://stock.naver.com/domestic/stock/215200/price
253590,네오셈,반도체/소부장,A,+4.30%,A (유지),기존 등급 유지,"16,250",0.57%,O,2,2,"460,824","139,809",O,X,127.8%,단기과열(경계),단기과열 (추격금지),"12,712원 ~ 14,658원","14,658","12,712","10,836","12,881",https://stock.naver.com/domestic/stock/253590/price
277810,레인보우로보틱스,IT/소프트웨어/AI,A,+3.34%,A (유지),기존 등급 유지,"464,500",5.95%,O,2,3,"47,288","20,168",O,X,106.2%,적정(안전),수급우량(A),"437,250원 ~ 437,700원","437,700","437,250","444,892","544,188",https://stock.naver.com/domestic/stock/277810/price
281740,레이크머티리얼즈,2차전지/배터리,A,+4.70%,A (유지),기존 등급 유지,"13,140",8.64%,O,2,2,"-65,136","15,860",O,X,117.0%,단기과열(경계),단기과열 (추격금지),"11,233원 ~ 12,180원","12,180","11,233","11,714","15,266",https://stock.naver.com/domestic/stock/281740/price
293940,신한알파리츠,건설/인프라,A,--0.18%,A (유지),기존 등급 유지,"5,530",11.14%,O,1,5,"1,918","34,367",O,X,101.0%,적정(안전),수급우량(A),"5,477원 ~ 5,574원","5,574","5,477","5,350","5,463",https://stock.naver.com/domestic/stock/293940/price
306200,세아제강,일반 주도주,A,+0.32%,A (유지),기존 등급 유지,"155,100",4.95%,O,1,1,561,"-7,424",O,X,105.1%,적정(안전),수급우량(A),"147,510원 ~ 151,700원","151,700","147,510","136,803","141,957",https://stock.naver.com/domestic/stock/306200/price
310200,애니플러스,일반 주도주,A,+1.37%,A (유지),기존 등급 유지,"2,215",2.53%,O,2,2,"85,635","56,392",O,X,109.9%,상승과열,수급우량(A),"2,015원 ~ 2,144원","2,144","2,015","2,377","2,409",https://stock.naver.com/domestic/stock/310200/price
322000,HD현대에너지솔루션,전력/에너지/원자력,A,+7.39%,A (유지),기존 등급 유지,"149,600",7.80%,O,3,5,"200,504","87,949",O,X,115.0%,단기과열(경계),단기과열 (추격금지),"130,040원 ~ 134,200원","134,200","130,040","127,577","148,612",https://stock.naver.com/domestic/stock/322000/price
327260,RF머트리얼즈,조선/방산/중공업,A,+10.48%,A (유지),기존 등급 유지,"58,000",8.91%,O,1,4,"-95,393","135,828",O,X,127.6%,단기과열(경계),단기과열 (추격금지),"45,465원 ~ 51,870원","51,870","45,465","39,324","60,891",https://stock.naver.com/domestic/stock/327260/price
347700,스피어,조선/방산/중공업,A,+9.15%,A (유지),기존 등급 유지,"26,850",8.31%,O,4,3,"266,192","290,900",O,X,122.5%,단기과열(경계),단기과열 (추격금지),"21,912원 ~ 23,560원","23,560","21,912","21,010","28,620",https://stock.naver.com/domestic/stock/347700/price
348340,뉴로메카,IT/소프트웨어/AI,A,+1.79%,A (유지),기존 등급 유지,"22,700",4.66%,O,3,1,"135,732","9,294",O,X,117.1%,단기과열(경계),단기과열 (추격금지),"19,378원 ~ 21,260원","21,260","19,378","22,470","38,891",https://stock.naver.com/domestic/stock/348340/price
356860,티엘비,반도체/소부장,A,+3.82%,A (유지),기존 등급 유지,"50,300",6.37%,O,3,4,"49,782","51,036",O,X,122.4%,단기과열(경계),단기과열 (추격금지),"41,108원 ~ 47,740원","47,740","41,108","39,336","65,612",https://stock.naver.com/domestic/stock/356860/price
368770,파이버프로,조선/방산/중공업,A,--0.48%,A (유지),기존 등급 유지,"14,490",2.96%,O,5,1,"48,195","11,992",O,X,112.3%,상승과열,수급우량(A),"12,908원 ~ 13,738원","13,738","12,908","12,596","15,798",https://stock.naver.com/domestic/stock/368770/price
373220,LG에너지솔루션,2차전지/배터리,A,+4.31%,A (유지),기존 등급 유지,"387,000",5.62%,O,1,3,"12,118","138,960",O,X,107.2%,적정(안전),수급우량(A),"361,100원 ~ 365,000원","365,000","361,100","348,275","381,833",https://stock.naver.com/domestic/stock/373220/price
388720,유일로보틱스,일반 주도주,A,+1.55%,A (유지),기존 등급 유지,"72,000",15.81%,O,5,2,"19,105","5,769",O,X,105.3%,적정(안전),수급우량(A),"68,385원 ~ 69,140원","69,140","68,385","66,893","78,053",https://stock.naver.com/domestic/stock/388720/price
389140,포바이포,일반 주도주,A,+0.18%,A (유지),기존 등급 유지,"5,640",1.77%,O,2,5,"3,405",386,O,X,104.6%,적정(안전),수급우량(A),"5,390원 ~ 5,516원","5,516","5,390","5,095","6,180",https://stock.naver.com/domestic/stock/389140/price
402340,SK스퀘어,반도체/소부장,A,--0.26%,A (유지),기존 등급 유지,"1,157,000",46.75%,O,1,2,"-24,949","48,054",O,X,105.0%,적정(안전),수급우량(A),"1,102,100원 ~ 1,144,200원","1,144,200","1,102,100","1,095,583","1,142,592",https://stock.naver.com/domestic/stock/402340/price
417840,저스템,반도체/소부장,A,+5.23%,A (유지),기존 등급 유지,"19,500",7.96%,O,4,1,"423,941","-191,105",O,X,122.5%,단기과열(경계),단기과열 (추격금지),"15,916원 ~ 18,538원","18,538","15,916","13,067","13,470",https://stock.naver.com/domestic/stock/417840/price
437730,삼현,일반 주도주,A,+0.39%,A (유지),기존 등급 유지,"52,000",1.45%,O,1,2,"26,278","36,811",O,X,112.8%,상승과열,수급우량(A),"46,115원 ~ 50,770원","50,770","46,115","38,052","43,460",https://stock.naver.com/domestic/stock/437730/price
454910,두산로보틱스,IT/소프트웨어/AI,A,+2.87%,A (유지),기존 등급 유지,"75,200",5.64%,O,2,2,"180,161","28,418",O,X,106.6%,적정(안전),수급우량(A),"70,545원 ~ 71,480원","71,480","70,545","69,648","86,368",https://stock.naver.com/domestic/stock/454910/price
462350,이노스페이스,조선/방산/중공업,A,--1.24%,A (유지),기존 등급 유지,"6,390",2.84%,O,3,1,"53,902",167,O,X,102.6%,적정(안전),수급우량(A),"6,229원 ~ 6,284원","6,284","6,229","6,416","10,281",https://stock.naver.com/domestic/stock/462350/price
466100,클로봇,IT/소프트웨어/AI,A,+1.47%,A (유지),기존 등급 유지,"24,100",6.01%,O,3,2,"193,255","7,392",O,X,103.1%,적정(안전),수급우량(A),"23,190원 ~ 23,365원","23,190","23,365","25,377","33,415",https://stock.naver.com/domestic/stock/466100/price
468530,프로티나,바이오/헬스케어,A,--0.39%,A (유지),기존 등급 유지,"51,100",2.24%,O,1,5,"11,162","58,066",O,X,132.9%,단기과열(경계),단기과열 (추격금지),"38,440원 ~ 51,820원","51,820","38,440","31,201","37,771",https://stock.naver.com/domestic/stock/468530/price
484870,엠앤씨솔루션,조선/방산/중공업,A,+2.95%,A (유지),기존 등급 유지,"19,200",6.76%,O,1,1,"-9,465","54,182",O,X,106.8%,적정(안전),수급우량(A),"17,982원 ~ 18,164원","18,164","17,982","18,426","51,995",https://stock.naver.com/domestic/stock/484870/price
000150,두산,전력/에너지/원자력,B,+9.02%,C -> B (상향),20일선 돌파,"1,462,000",18.32%,X,1,0,"-5,403","-51,562",O,X,107.4%,적정(안전),관망(C),"1,361,300원 ~ 1,390,400원","1,390,400","1,361,300","1,247,433","1,416,983",https://stock.naver.com/domestic/stock/000150/price
000155,두산우,일반 주도주,B,+6.30%,B (유지),기존 등급 유지,"481,000",9.96%,X,0,3,"-4,682","1,708",O,X,105.8%,적정(안전),관망(C),"454,550원 ~ 468,800원","468,800","454,550","432,958","509,400",https://stock.naver.com/domestic/stock/000155/price
000250,삼천당제약,바이오/헬스케어,B,+19.57%,B (유지),기존 등급 유지,"247,500",4.08%,X,0,3,"-104,329","65,101",O,X,144.8%,단기과열(경계),단기과열 (추격금지),"170,910원 ~ 199,120원","199,120","170,910","171,587","259,085",https://stock.naver.com/domestic/stock/000250/price
000640,동아쏘시오홀딩스,일반 주도주,B,--0.74%,B (유지),기존 등급 유지,"93,900",17.04%,X,0,2,"-2,401","6,752",O,O,100.9%,적정(안전),관망(C),"93,045원 ~ 93,880원","93,880","93,045","89,708","89,637",https://stock.naver.com/domestic/stock/000640/price
000880,한화,전력/에너지/원자력,B,--1.86%,B (유지),기존 등급 유지,"126,500",21.55%,O,1,2,"17,351","-3,109",X,X,94.4%,이격과도(눌림),추세초입(B),"126,280원 ~ 133,980원","126,280","133,980","108,218","116,618",https://stock.naver.com/domestic/stock/000880/price
00088K,한화3우B,일반 주도주,B,--0.25%,B (유지),기존 등급 유지,"39,400",30.00%,O,1,2,"-6,237","6,164",X,X,96.4%,이격과도(눌림),추세초입(B),"39,320원 ~ 40,862원","39,320","40,862","35,038","40,060",https://stock.naver.com/domestic/stock/00088K/price
000990,DB하이텍,반도체/소부장,B,--0.64%,B (유지),기존 등급 유지,"139,900",23.51%,X,0,0,"-213,815","63,538",O,X,113.8%,상승과열,관망(C),"122,895원 ~ 140,440원","140,440","122,895","105,245","128,856",https://stock.naver.com/domestic/stock/000990/price
001120,LX인터내셔널,일반 주도주,B,--1.81%,B (유지),기존 등급 유지,"43,300",25.28%,X,0,5,"-116,105","119,899",O,X,105.0%,적정(안전),관망(C),"41,230원 ~ 42,710원","42,710","41,230","38,837","41,351",https://stock.naver.com/domestic/stock/001120/price
0011A0,액스비스,일반 주도주,B,+0.92%,B (유지),기존 등급 유지,"12,070",1.32%,X,2,0,"-26,236","-10,534",O,X,103.8%,적정(안전),관망(C),"11,630원 ~ 11,698원","11,698","11,630","9,772","14,292",https://stock.naver.com/domestic/stock/0011A0/price
001200,유진투자증권,금융/지주,B,--0.49%,B (유지),기존 등급 유지,"4,070",11.34%,O,2,2,"71,183","9,296",X,X,96.5%,이격과도(눌림),관망(C),"4,076원 ~ 4,220원","4,076","4,220","4,240","4,631",https://stock.naver.com/domestic/stock/001200/price
001430,세아베스틸지주,철강/소재/화학,B,+1.29%,B (유지),기존 등급 유지,"47,250",6.02%,X,0,0,"-108,693","98,234",O,X,107.5%,적정(안전),관망(C),"43,968원 ~ 46,390원","46,390","43,968","39,744","48,251",https://stock.naver.com/domestic/stock/001430/price
001510,SK증권,금융/지주,B,--1.48%,B (유지),기존 등급 유지,"2,330",2.51%,O,5,2,"1,022,117",-521,X,X,98.2%,적정(안전),추세초입(B),"2,313원 ~ 2,372원","2,313","2,372","2,331","2,790",https://stock.naver.com/domestic/stock/001510/price
001820,삼화콘덴서,일반 주도주,B,+1.98%,B (유지),기존 등급 유지,"159,600",8.59%,X,0,0,"-83,937","-35,876",O,O,114.6%,상승과열,관망(C),"139,215원 ~ 157,180원","157,180","139,215","106,975","103,689",https://stock.naver.com/domestic/stock/001820/price
002960,한국쉘석유,일반 주도주,B,+0.19%,B (유지),기존 등급 유지,"519,000",58.49%,X,0,3,-668,185,O,O,101.9%,적정(안전),관망(C),"509,150원 ~ 518,000원","518,000","509,150","505,600","500,908",https://stock.naver.com/domestic/stock/002960/price
003030,세아제강지주,철강/소재/화학,B,--1.91%,B (유지),기존 등급 유지,"113,100",8.09%,X,0,4,"-26,534","27,163",O,X,104.6%,적정(안전),관망(C),"108,085원 ~ 114,060원","114,060","108,085","105,438","138,403",https://stock.naver.com/domestic/stock/003030/price
003160,디아이,반도체/소부장,B,--1.05%,B (유지),기존 등급 유지,"42,350",18.33%,X,2,0,"437,341","-98,034",O,X,124.2%,단기과열(경계),단기과열 (추격금지),"34,108원 ~ 40,320원","40,320","34,108","26,636","28,053",https://stock.naver.com/domestic/stock/003160/price
003280,흥아해운,일반 주도주,B,--2.32%,B (유지),기존 등급 유지,"1,812",3.00%,X,3,0,"1,048,300","13,842",O,X,100.3%,적정(안전),관망(C),"1,807원 ~ 1,821원","1,821","1,807","1,759","2,073",https://stock.naver.com/domestic/stock/003280/price
003490,대한항공,엔터/미디어/소비재,B,+1.31%,B (유지),기존 등급 유지,"31,000",26.31%,X,1,0,"-146,681","149,543",O,O,102.3%,적정(안전),관망(C),"30,302원 ~ 31,300원","31,300","30,302","27,778","27,008",https://stock.naver.com/domestic/stock/003490/price
003530,한화투자증권,금융/지주,B,--0.96%,B (유지),기존 등급 유지,"4,620",6.09%,O,2,1,"-113,262","-8,436",X,X,97.8%,적정(안전),추세초입(B),"4,626원 ~ 4,722원","4,626","4,722","4,580","5,553",https://stock.naver.com/domestic/stock/003530/price
003550,LG,IT/소프트웨어/AI,B,+3.42%,C -> B (상향),20일선 돌파,"114,900",36.61%,X,0,2,"-10,005","-3,410",O,X,100.3%,적정(안전),관망(C),"111,600원 ~ 114,500원","111,600","114,500","108,875","108,161",https://stock.naver.com/domestic/stock/003550/price
003670,포스코퓨처엠,2차전지/배터리,B,+8.61%,B (유지),기존 등급 유지,"203,000",9.36%,X,3,0,"94,015","31,736",O,X,109.8%,상승과열,관망(C),"184,880원 ~ 185,660원","185,660","184,880","165,480","193,162",https://stock.naver.com/domestic/stock/003670/price
005290,동진쎄미켐,철강/소재/화학,B,+0.58%,B (유지),기존 등급 유지,"52,300",12.82%,X,0,5,"-19,495","380,994",O,X,118.9%,단기과열(경계),단기과열 (추격금지),"43,995원 ~ 50,580원","50,580","43,995","42,552","49,650",https://stock.naver.com/domestic/stock/005290/price
005387,현대차2우B,자동차/모빌리티,B,+2.46%,C -> B (상향),20일선 돌파,"179,300",54.62%,X,0,5,"-98,676","35,234",O,X,100.4%,적정(안전),관망(C),"177,240원 ~ 178,600원","177,240","178,600","190,853","219,727",https://stock.naver.com/domestic/stock/005387/price
005690,파미셀,바이오/헬스케어,B,+6.69%,B (유지),기존 등급 유지,"13,230",8.46%,X,0,0,"-57,638","-8,642",O,X,112.9%,상승과열,관망(C),"11,717원 ~ 12,504원","12,504","11,717","11,236","13,537",https://stock.naver.com/domestic/stock/005690/price
005880,대한해운,조선/방산/중공업,B,--5.35%,A -> B (하향),20일선 이탈,"2,035",12.45%,O,3,4,"712,068","443,247",X,X,98.3%,적정(안전),추세초입(B),"2,069원 ~ 2,080원","2,080","2,069","1,989","2,153",https://stock.naver.com/domestic/stock/005880/price
005930,삼성전자,반도체/소부장,B,--1.45%,B (유지),기존 등급 유지,"272,000",46.41%,X,0,2,"-4,300,462","-748,777",O,X,101.9%,적정(안전),관망(C),"266,875원 ~ 273,400원","273,400","266,875","258,467","271,800",https://stock.naver.com/domestic/stock/005930/price
005940,NH투자증권,금융/지주,B,--1.11%,B (유지),기존 등급 유지,"26,650",13.34%,X,0,4,"-95,856","324,855",O,X,101.5%,적정(안전),관망(C),"26,265원 ~ 26,430원","26,430","26,265","27,518","30,086",https://stock.naver.com/domestic/stock/005940/price
006110,삼아알미늄,철강/소재/화학,B,+10.86%,B (유지),기존 등급 유지,"69,400",39.07%,X,0,5,"-63,729","143,964",O,X,113.2%,상승과열,관망(C),"61,300원 ~ 62,300원","62,300","61,300","50,959","57,431",https://stock.naver.com/domestic/stock/006110/price
006280,녹십자,바이오/헬스케어,B,+1.35%,B (유지),기존 등급 유지,"127,500",23.90%,X,0,2,"4,828","8,137",O,X,101.5%,적정(안전),관망(C),"125,630원 ~ 125,680원","125,680","125,630","124,423","129,246",https://stock.naver.com/domestic/stock/006280/price
006340,대원전선,전력/에너지/원자력,B,+0.15%,B (유지),기존 등급 유지,"13,390",3.12%,X,2,0,"97,501","-21,354",O,O,101.0%,적정(안전),관망(C),"13,258원 ~ 13,258원","13,258","13,258","13,193","12,296",https://stock.naver.com/domestic/stock/006340/price
007340,DN오토모티브,자동차/모빌리티,B,--1.00%,B (유지),기존 등급 유지,"49,500",5.77%,X,3,0,"47,761","-17,466",O,O,104.2%,적정(안전),관망(C),"47,528원 ~ 49,520원","49,520","47,528","45,035","43,551",https://stock.naver.com/domestic/stock/007340/price
007660,이수페타시스,반도체/소부장,B,+8.75%,B (유지),기존 등급 유지,"131,800",15.72%,X,0,2,"-100,212","123,656",O,X,116.5%,단기과열(경계),단기과열 (추격금지),"113,135원 ~ 122,200원","122,200","113,135","100,062","113,661",https://stock.naver.com/domestic/stock/007660/price
007810,코리아써키트,반도체/소부장,B,+7.65%,B (유지),기존 등급 유지,"88,700",5.22%,X,0,5,"-90,573","81,308",O,X,145.6%,단기과열(경계),단기과열 (추격금지),"60,938원 ~ 80,160원","80,160","60,938","59,950","80,442",https://stock.naver.com/domestic/stock/007810/price
0082N0,카나프테라퓨틱스,일반 주도주,B,0.00%,C -> B (상향),20일선 돌파,"12,880",4.16%,X,0,0,"4,163","-30,299",O,X,100.4%,적정(안전),관망(C),"12,636원 ~ 12,824원","12,636","12,824","13,343","19,868",https://stock.naver.com/domestic/stock/0082N0/price
0088M0,메쥬,일반 주도주,B,+5.42%,B (유지),기존 등급 유지,"15,170",4.39%,X,0,0,"44,168","-26,687",O,X,116.0%,단기과열(경계),단기과열 (추격금지),"13,072원 ~ 14,264원","14,264","13,072","12,982","19,895",https://stock.naver.com/domestic/stock/0088M0/price
009290,광동제약,바이오/헬스케어,B,+3.82%,B (유지),기존 등급 유지,"6,800",15.79%,X,0,0,"-24,421","-3,059",O,X,106.1%,적정(안전),관망(C),"6,412원 ~ 6,544원","6,544","6,412","6,253","6,678",https://stock.naver.com/domestic/stock/009290/price
009520,포스코엠텍,철강/소재/화학,B,+2.67%,B (유지),기존 등급 유지,"13,470",7.21%,X,5,0,"68,259","14,129",O,X,106.1%,적정(안전),관망(C),"12,694원 ~ 12,834원","12,834","12,694","11,838","14,269",https://stock.naver.com/domestic/stock/009520/price
010060,OCI홀딩스,전력/에너지/원자력,B,+3.17%,B (유지),기존 등급 유지,"244,000",16.00%,X,0,5,"-34,949","109,251",O,X,113.3%,상승과열,관망(C),"215,435원 ~ 228,400원","228,400","215,435","228,407","257,817",https://stock.naver.com/domestic/stock/010060/price
010130,고려아연,철강/소재/화학,B,+2.41%,B (유지),기존 등급 유지,"1,106,000",27.57%,O,4,1,"3,353","-9,155",X,X,96.8%,이격과도(눌림),추세초입(B),"1,080,800원 ~ 1,142,700원","1,080,800","1,142,700","1,136,267","1,262,683",https://stock.naver.com/domestic/stock/010130/price
010170,대한광통신,건설/인프라,B,+4.44%,B (유지),기존 등급 유지,"18,590",3.81%,X,2,0,"-490,302","-131,096",O,X,115.6%,단기과열(경계),단기과열 (추격금지),"16,088원 ~ 17,450원","17,450","16,088","13,096","15,704",https://stock.naver.com/domestic/stock/010170/price
010820,퍼스텍,반도체/소부장,B,--4.75%,B (유지),기존 등급 유지,"6,210",11.50%,X,0,1,"50,952","-2,727",O,X,100.2%,적정(안전),관망(C),"6,198원 ~ 6,330원","6,330","6,198","5,949","8,091",https://stock.naver.com/domestic/stock/010820/price
011070,LG이노텍,IT/소프트웨어/AI,B,+11.85%,B (유지),기존 등급 유지,"642,000",27.05%,X,0,0,"-10,391","-18,334",O,X,116.3%,단기과열(경계),단기과열 (추격금지),"552,100원 ~ 589,400원","589,400","552,100","584,417","708,421",https://stock.naver.com/domestic/stock/011070/price
011790,SKC,2차전지/배터리,B,+4.69%,B (유지),기존 등급 유지,"111,500",10.38%,X,0,5,"-118,615","288,145",O,X,121.3%,단기과열(경계),단기과열 (추격금지),"91,915원 ~ 102,940원","102,940","91,915","86,352","106,168",https://stock.naver.com/domestic/stock/011790/price
0120G0,삼양바이오팜,바이오/헬스케어,B,+4.34%,B (유지),기존 등급 유지,"50,500",3.62%,X,0,0,"14,826",677,O,X,104.5%,적정(안전),관망(C),"48,010원 ~ 48,332원","48,010","48,332","46,928","54,520",https://stock.naver.com/domestic/stock/0120G0/price
0126Z0,삼성에피스홀딩스,바이오/헬스케어,B,+1.37%,B (유지),기존 등급 유지,"370,000",5.37%,X,0,4,"36,393","10,754",O,X,107.4%,적정(안전),관망(C),"344,400원 ~ 359,300원","359,300","344,400","370,117","429,575",https://stock.naver.com/domestic/stock/0126Z0/price
013030,하이록코리아,일반 주도주,B,--1.79%,B (유지),기존 등급 유지,"35,650",29.84%,X,1,0,"-14,189","-2,323",O,X,100.2%,적정(안전),관망(C),"35,578원 ~ 36,420원","36,420","35,578","33,143","35,429",https://stock.naver.com/domestic/stock/013030/price
014680,한솔케미칼,반도체/소부장,B,+0.36%,B (유지),기존 등급 유지,"275,000",41.93%,X,0,5,"-113,705","154,430",O,X,122.2%,단기과열(경계),단기과열 (추격금지),"224,955원 ~ 267,800원","267,800","224,955","221,170","252,027",https://stock.naver.com/domestic/stock/014680/price
014820,동원시스템즈,철강/소재/화학,B,+3.29%,B (유지),기존 등급 유지,"22,000",13.70%,X,1,0,"7,074","-3,037",O,X,103.1%,적정(안전),관망(C),"21,280원 ~ 21,330원","21,280","21,330","20,996","22,055",https://stock.naver.com/domestic/stock/014820/price
016360,삼성증권,금융/지주,B,--1.44%,B (유지),기존 등급 유지,"89,100",26.92%,X,0,4,"-16,193","119,506",O,X,101.3%,적정(안전),관망(C),"87,970원 ~ 89,260원","89,260","87,970","93,232","105,535",https://stock.naver.com/domestic/stock/016360/price
016610,DB증권,금융/지주,B,--1.24%,B (유지),기존 등급 유지,"10,370",8.78%,X,0,5,"-28,494","70,602",O,X,101.6%,적정(안전),관망(C),"10,209원 ~ 10,388원","10,388","10,209","9,557","10,763",https://stock.naver.com/domestic/stock/016610/price
017670,SK텔레콤,IT/소프트웨어/AI,B,--0.23%,B (유지),기존 등급 유지,"88,200",34.88%,O,3,1,"277,373","-173,870",X,X,99.2%,적정(안전),관망(C),"86,980원 ~ 88,915원","86,980","88,915","90,402","94,222",https://stock.naver.com/domestic/stock/017670/price
018670,SK가스,일반 주도주,B,+7.56%,C -> B (상향),20일선 돌파,"256,000",5.62%,X,1,0,317,"-1,429",O,X,105.5%,적정(안전),관망(C),"242,625원 ~ 243,200원","243,200","242,625","233,167","236,067",https://stock.naver.com/domestic/stock/018670/price
020560,아시아나항공,일반 주도주,B,+0.98%,B (유지),기존 등급 유지,"8,250",3.92%,X,0,0,"-11,063","106,681",O,O,102.2%,적정(안전),관망(C),"8,070원 ~ 8,332원","8,332","8,070","7,454","7,340",https://stock.naver.com/domestic/stock/020560/price
021240,코웨이,일반 주도주,B,--0.79%,B (유지),기존 등급 유지,"100,800",54.17%,X,0,5,"-47,021","42,046",O,O,100.4%,적정(안전),관망(C),"100,405원 ~ 100,580원","100,580","100,405","96,508","92,638",https://stock.naver.com/domestic/stock/021240/price
028300,HLB,바이오/헬스케어,B,+16.32%,B (유지),기존 등급 유지,"47,050",14.10%,X,0,3,"-208,148","329,058",O,X,135.7%,단기과열(경계),단기과열 (추격금지),"34,665원 ~ 42,040원","42,040","34,665","35,421","44,645",https://stock.naver.com/domestic/stock/028300/price
030000,제일기획,일반 주도주,B,--0.27%,B (유지),기존 등급 유지,"18,650",17.47%,X,0,4,"-79,926","149,805",O,X,101.6%,적정(안전),관망(C),"18,364원 ~ 18,574원","18,574","18,364","18,746","18,939",https://stock.naver.com/domestic/stock/030000/price
030190,NICE평가정보,IT/소프트웨어/AI,B,--1.17%,B (유지),기존 등급 유지,"16,080",32.59%,X,0,1,"-10,378","14,350",O,O,100.7%,적정(안전),관망(C),"15,970원 ~ 16,170원","16,170","15,970","15,204","14,878",https://stock.naver.com/domestic/stock/030190/price
030520,한컴,IT/소프트웨어/AI,B,+7.10%,B (유지),기존 등급 유지,"18,400",4.85%,X,0,0,"-28,435","5,159",O,X,107.0%,적정(안전),관망(C),"17,203원 ~ 17,514원","17,514","17,203","17,302","18,496",https://stock.naver.com/domestic/stock/030520/price
031980,피에스케이홀딩스,반도체/소부장,B,+1.24%,B (유지),기존 등급 유지,"196,000",6.91%,X,0,0,"39,596","-89,781",O,O,117.9%,단기과열(경계),단기과열 (추격금지),"166,275원 ~ 188,600원","188,600","166,275","132,185","128,163",https://stock.naver.com/domestic/stock/031980/price
032500,케이엠더블유,건설/인프라,B,--0.47%,B (유지),기존 등급 유지,"21,000",5.55%,X,0,2,"-4,406","84,162",O,X,118.1%,단기과열(경계),단기과열 (추격금지),"17,779원 ~ 19,870원","19,870","17,779","16,214","22,257",https://stock.naver.com/domestic/stock/032500/price
033160,엠케이전자,일반 주도주,B,--1.70%,B (유지),기존 등급 유지,"19,610",12.98%,X,1,0,"-168,451","-16,455",O,X,129.1%,단기과열(경계),단기과열 (추격금지),"15,188원 ~ 18,386원","18,386","15,188","15,286","20,461",https://stock.naver.com/domestic/stock/033160/price
033500,동성화인텍,조선/방산/중공업,B,--1.28%,B (유지),기존 등급 유지,"16,160",15.99%,O,1,2,"27,192","15,572",X,X,98.2%,적정(안전),관망(C),"16,018원 ~ 16,463원","16,018","16,463","16,644","19,610",https://stock.naver.com/domestic/stock/033500/price
033640,네패스,IT/소프트웨어/AI,B,+3.85%,B (유지),기존 등급 유지,"32,400",11.54%,X,1,0,"-9,001","120,230",O,X,124.1%,단기과열(경계),단기과열 (추격금지),"26,118원 ~ 30,880원","30,880","26,118","21,192","25,856",https://stock.naver.com/domestic/stock/033640/price
033780,KT&G,전력/에너지/원자력,B,--0.51%,B (유지),기존 등급 유지,"176,000",51.12%,X,0,2,"-135,288","16,133",O,X,101.7%,적정(안전),관망(C),"173,080원 ~ 176,020원","176,020","173,080","176,095","176,672",https://stock.naver.com/domestic/stock/033780/price
034730,SK,전력/에너지/원자력,B,0.00%,C -> B (상향),20일선 돌파,"584,000",30.16%,X,1,0,"12,101","-5,091",O,X,100.5%,적정(안전),관망(C),"580,900원 ~ 584,400원","584,400","580,900","569,858","570,179",https://stock.naver.com/domestic/stock/034730/price
035810,이지홀딩스,일반 주도주,B,--1.87%,B (유지),기존 등급 유지,"4,455",5.98%,O,1,1,"-74,566","1,314",X,X,97.1%,적정(안전),추세초입(B),"4,493원 ~ 4,587원","4,493","4,587","4,472","4,721",https://stock.naver.com/domestic/stock/035810/price
036540,SFA반도체,IT/소프트웨어/AI,B,+1.23%,B (유지),기존 등급 유지,"11,510",14.24%,X,5,0,"2,736,790","-2,232,816",O,X,128.6%,단기과열(경계),단기과열 (추격금지),"8,954원 ~ 11,118원","11,118","8,954","6,604","7,074",https://stock.naver.com/domestic/stock/036540/price
036570,NC,IT/소프트웨어/AI,B,--6.64%,B (유지),기존 등급 유지,"225,000",38.26%,X,0,2,"-127,540","171,848",O,X,105.0%,적정(안전),관망(C),"214,375원 ~ 224,900원","224,900","214,375","225,608","244,646",https://stock.naver.com/domestic/stock/036570/price
036930,주성엔지니어링,반도체/소부장,B,+17.93%,B (유지),기존 등급 유지,"279,500",9.26%,X,0,4,"36,970","253,276",O,O,131.5%,단기과열(경계),단기과열 (추격금지),"212,585원 ~ 243,100원","243,100","212,585","179,082","172,484",https://stock.naver.com/domestic/stock/036930/price
037460,삼지전자,일반 주도주,B,--1.20%,B (유지),기존 등급 유지,"32,850",6.07%,X,2,0,"16,072",-993,O,X,106.5%,적정(안전),관망(C),"30,848원 ~ 32,060원","32,060","30,848","32,629","35,516",https://stock.naver.com/domestic/stock/037460/price
039030,이오테크닉스,반도체/소부장,B,+1.69%,B (유지),기존 등급 유지,"541,000",24.69%,X,0,4,"-51,253","62,506",O,X,113.3%,상승과열,관망(C),"477,300원 ~ 530,800원","530,800","477,300","395,592","435,888",https://stock.naver.com/domestic/stock/039030/price
039200,오스코텍,바이오/헬스케어,B,+6.69%,B (유지),기존 등급 유지,"39,050",12.42%,X,0,0,"-33,230","77,378",O,X,108.7%,상승과열,관망(C),"35,932원 ~ 37,030원","37,030","35,932","34,482","39,409",https://stock.naver.com/domestic/stock/039200/price
042000,카페24,IT/소프트웨어/AI,B,+10.39%,B (유지),기존 등급 유지,"22,850",17.45%,X,0,3,"-289,977","117,499",O,X,134.0%,단기과열(경계),단기과열 (추격금지),"17,050원 ~ 20,452원","20,452","17,050","16,973","19,472",https://stock.naver.com/domestic/stock/042000/price
042520,한스바이오메드,바이오/헬스케어,B,+4.47%,B (유지),기존 등급 유지,"22,200",6.78%,X,0,5,"29,154","79,201",O,X,112.6%,상승과열,관망(C),"19,711원 ~ 21,660원","21,660","19,711","20,467","24,080",https://stock.naver.com/domestic/stock/042520/price
042700,한미반도체,반도체/소부장,B,+2.02%,B (유지),기존 등급 유지,"277,500",7.68%,X,0,5,"55,691","257,415",O,X,113.9%,상승과열,관망(C),"243,650원 ~ 265,500원","265,500","243,650","222,995","265,160",https://stock.naver.com/domestic/stock/042700/price
050890,쏠리드,일반 주도주,B,+0.19%,B (유지),기존 등급 유지,"10,620",15.53%,X,0,2,"112,839","67,218",O,X,114.7%,상승과열,관망(C),"9,260원 ~ 10,096원","10,096","9,260","9,303","12,033",https://stock.naver.com/domestic/stock/050890/price
051600,한전KPS,전력/에너지/원자력,B,+0.89%,B (유지),기존 등급 유지,"45,350",8.13%,O,1,1,"-59,430","-44,002",X,X,97.2%,적정(안전),추세초입(B),"44,750원 ~ 46,655원","44,750","46,655","45,652","49,739",https://stock.naver.com/domestic/stock/051600/price
051910,LG화학,2차전지/배터리,B,+5.71%,C -> B (상향),20일선 돌파,"277,500",36.41%,X,0,3,"-18,100","44,030",O,X,103.8%,적정(안전),관망(C),"259,600원 ~ 267,425원","259,600","267,425","264,725","307,846",https://stock.naver.com/domestic/stock/051910/price
051915,LG화학우,철강/소재/화학,B,+3.70%,C -> B (상향),20일선 돌파,"120,500",46.20%,X,0,0,"1,640",-526,O,X,100.3%,적정(안전),관망(C),"115,580원 ~ 120,170원","115,580","120,170","121,045","142,965",https://stock.naver.com/domestic/stock/051915/price
058470,리노공업,반도체/소부장,B,+3.56%,B (유지),기존 등급 유지,"87,300",26.67%,X,0,4,"-1,064,356","1,195,466",O,X,121.6%,단기과열(경계),단기과열 (추격금지),"71,805원 ~ 80,440원","80,440","71,805","69,193","85,441",https://stock.naver.com/domestic/stock/058470/price
059090,미코,일반 주도주,B,0.00%,B (유지),기존 등급 유지,"23,900",23.35%,X,0,5,"-194,921","530,826",O,X,114.6%,상승과열,관망(C),"20,858원 ~ 23,310원","23,310","20,858","17,990","19,231",https://stock.naver.com/domestic/stock/059090/price
060280,큐렉소,반도체/소부장,B,+2.85%,B (유지),기존 등급 유지,"9,030",4.86%,X,0,2,"3,018","38,281",O,X,110.7%,상승과열,관망(C),"8,156원 ~ 8,564원","8,564","8,156","8,418","10,544",https://stock.naver.com/domestic/stock/060280/price
060370,LS마린솔루션,건설/인프라,B,+2.36%,B (유지),기존 등급 유지,"34,700",2.81%,X,3,0,"68,658","-181,513",O,X,106.9%,적정(안전),관망(C),"32,458원 ~ 33,100원","33,100","32,458","30,668","31,896",https://stock.naver.com/domestic/stock/060370/price
060570,드림어스컴퍼니,일반 주도주,B,+0.20%,B (유지),기존 등급 유지,"5,000",2.16%,X,0,5,-445,"4,983",O,O,104.3%,적정(안전),관망(C),"4,792원 ~ 5,044원","5,044","4,792","2,510","1,759",https://stock.naver.com/domestic/stock/060570/price
064290,인텍플러스,반도체/소부장,B,+2.20%,B (유지),기존 등급 유지,"60,400",5.31%,X,2,0,"118,406","-133,658",O,O,120.4%,단기과열(경계),단기과열 (추격금지),"50,160원 ~ 57,680원","57,680","50,160","38,962","37,266",https://stock.naver.com/domestic/stock/064290/price
064350,현대로템,조선/방산/중공업,B,--3.61%,B (유지),기존 등급 유지,"112,300",39.14%,O,1,2,"51,972","-101,007",X,X,93.5%,이격과도(눌림),관망(C),"113,180원 ~ 120,150원","113,180","120,150","136,160","172,976",https://stock.naver.com/domestic/stock/064350/price
064760,티씨케이,반도체/소부장,B,--0.17%,B (유지),기존 등급 유지,"295,500",64.87%,X,1,0,"-5,507","1,916",O,X,107.2%,적정(안전),관망(C),"275,575원 ~ 301,000원","301,000","275,575","232,857","256,028",https://stock.naver.com/domestic/stock/064760/price
064850,에프앤가이드,일반 주도주,B,--2.85%,B (유지),기존 등급 유지,"20,450",9.73%,X,0,2,"-4,512","9,691",O,X,109.5%,상승과열,관망(C),"18,672원 ~ 20,696원","20,696","18,672","18,425","22,632",https://stock.naver.com/domestic/stock/064850/price
064960,SNT모티브,일반 주도주,B,--0.19%,B (유지),기존 등급 유지,"26,900",11.96%,X,0,2,"-30,933","12,250",O,X,101.8%,적정(안전),관망(C),"26,415원 ~ 26,800원","26,800","26,415","26,474","28,836",https://stock.naver.com/domestic/stock/064960/price
066575,LG전자우,일반 주도주,B,+8.81%,B (유지),기존 등급 유지,"81,500",45.36%,X,3,0,"35,886","-1,339",O,X,112.3%,상승과열,관망(C),"72,545원 ~ 75,380원","75,380","72,545","68,910","70,712",https://stock.naver.com/domestic/stock/066575/price
066970,엘앤에프,2차전지/배터리,B,+8.78%,C -> B (상향),20일선 돌파,"123,900",16.71%,X,0,0,"15,623","1,416",O,X,107.8%,적정(안전),관망(C),"114,520원 ~ 114,950원","114,520","114,950","103,787","130,020",https://stock.naver.com/domestic/stock/066970/price
068270,셀트리온,바이오/헬스케어,B,--0.16%,B (유지),기존 등급 유지,"182,300",25.31%,X,0,2,"-67,544","35,937",O,X,100.9%,적정(안전),관망(C),"180,720원 ~ 181,000원","181,000","180,720","184,503","185,823",https://stock.naver.com/domestic/stock/068270/price
069080,웹젠,일반 주도주,B,+2.39%,B (유지),기존 등급 유지,"11,990",29.06%,X,0,2,"-109,151","7,572",O,X,105.7%,적정(안전),관망(C),"11,340원 ~ 11,714원","11,714","11,340","11,542","11,506",https://stock.naver.com/domestic/stock/069080/price
069260,TKG휴켐스,일반 주도주,B,--0.56%,B (유지),기존 등급 유지,"15,900",7.76%,O,1,2,"-38,695","3,022",X,X,97.8%,적정(안전),추세초입(B),"15,898원 ~ 16,257원","15,898","16,257","15,862","16,424",https://stock.naver.com/domestic/stock/069260/price
071050,한국금융지주,금융/지주,B,--1.71%,B (유지),기존 등급 유지,"178,100",37.98%,O,3,1,"83,056","-48,562",X,X,95.7%,이격과도(눌림),관망(C),"178,540원 ~ 186,115원","178,540","186,115","197,412","220,622",https://stock.naver.com/domestic/stock/071050/price
073240,금호타이어,자동차/모빌리티,B,--2.47%,B (유지),기존 등급 유지,"6,700",12.49%,O,2,2,"215,152","66,633",X,X,95.7%,이격과도(눌림),추세초입(B),"6,804원 ~ 7,004원","6,804","7,004","6,978","6,115",https://stock.naver.com/domestic/stock/073240/price
077970,STX엔진,조선/방산/중공업,B,+1.99%,B (유지),기존 등급 유지,"23,100",3.53%,O,3,1,"23,288","15,928",X,X,99.1%,적정(안전),관망(C),"22,450원 ~ 23,302원","22,450","23,302","24,437","32,692",https://stock.naver.com/domestic/stock/077970/price
078340,컴투스,IT/소프트웨어/AI,B,--0.40%,B (유지),기존 등급 유지,"37,350",13.56%,X,0,5,"-44,568","47,778",O,O,107.7%,적정(안전),관망(C),"34,678원 ~ 37,280원","37,280","34,678","31,534","30,147",https://stock.naver.com/domestic/stock/078340/price
078350,한양디지텍,반도체/소부장,B,+0.97%,B (유지),기존 등급 유지,"36,350",4.68%,X,0,4,"-117,156","134,599",O,X,147.8%,단기과열(경계),단기과열 (추격금지),"24,588원 ~ 33,750원","33,750","24,588","21,916","25,296",https://stock.naver.com/domestic/stock/078350/price
082920,비츠로셀,일반 주도주,B,+2.20%,B (유지),기존 등급 유지,"30,250",28.65%,X,0,2,"-19,875","31,814",O,X,105.6%,적정(안전),관망(C),"28,650원 ~ 29,100원","29,100","28,650","29,633","39,684",https://stock.naver.com/domestic/stock/082920/price
084370,유진테크,반도체/소부장,B,+1.87%,B (유지),기존 등급 유지,"180,100",35.49%,X,0,4,"-225,520","194,182",O,X,120.4%,단기과열(경계),단기과열 (추격금지),"149,640원 ~ 175,620원","175,620","149,640","135,510","141,112",https://stock.naver.com/domestic/stock/084370/price
085620,미래에셋생명,금융/지주,B,+4.62%,C -> B (상향),20일선 돌파,"20,400",0.69%,X,2,0,"31,924",-463,O,X,104.2%,적정(안전),관망(C),"19,428원 ~ 19,580원","19,428","19,580","19,264","19,196",https://stock.naver.com/domestic/stock/085620/price
085660,차바이오텍,바이오/헬스케어,B,+2.60%,B (유지),기존 등급 유지,"8,680",7.43%,X,0,2,"-54,396","49,669",O,X,106.8%,적정(안전),관망(C),"8,126원 ~ 8,468원","8,468","8,126","8,629","11,389",https://stock.naver.com/domestic/stock/085660/price
086280,현대글로비스,자동차/모빌리티,B,--0.50%,B (유지),기존 등급 유지,"200,500",46.81%,O,5,1,"41,304","-20,729",X,X,99.0%,적정(안전),추세초입(B),"198,880원 ~ 202,600원","198,880","202,600","200,188","209,900",https://stock.naver.com/domestic/stock/086280/price
088350,한화생명,금융/지주,B,--0.38%,B (유지),기존 등급 유지,"5,310",8.72%,O,1,1,"-1,665,546","-276,975",X,X,92.4%,이격과도(눌림),추세초입(B),"5,420원 ~ 5,750원","5,420","5,750","5,159","5,055",https://stock.naver.com/domestic/stock/088350/price
089030,테크윙,반도체/소부장,B,+4.55%,B (유지),기존 등급 유지,"57,400",21.36%,X,0,0,"264,453","45,941",O,X,117.3%,단기과열(경계),단기과열 (추격금지),"48,938원 ~ 54,820원","54,820","48,938","47,188","51,207",https://stock.naver.com/domestic/stock/089030/price
089860,롯데렌탈,일반 주도주,B,--1.94%,B (유지),기존 등급 유지,"50,600",6.24%,X,3,0,"41,912","-45,095",O,O,102.1%,적정(안전),관망(C),"49,575원 ~ 50,500원","50,500","49,575","44,179","37,787",https://stock.naver.com/domestic/stock/089860/price
089890,코세스,일반 주도주,B,--3.01%,B (유지),기존 등급 유지,"35,450",1.56%,X,0,5,"-86,390","177,817",O,X,124.9%,단기과열(경계),단기과열 (추격금지),"28,392원 ~ 34,700원","34,700","28,392","25,039","30,611",https://stock.naver.com/domestic/stock/089890/price
089970,브이엠,반도체/소부장,B,+5.75%,B (유지),기존 등급 유지,"69,900",10.56%,X,0,0,"-250,110","94,887",O,X,123.7%,단기과열(경계),단기과열 (추격금지),"56,508원 ~ 66,320원","66,320","56,508","66,741","68,432",https://stock.naver.com/domestic/stock/089970/price
090360,로보스타,일반 주도주,B,+3.28%,B (유지),기존 등급 유지,"81,900",5.62%,X,2,0,"36,791","4,483",O,X,105.1%,적정(안전),관망(C),"77,905원 ~ 78,140원","78,140","77,905","73,998","79,862",https://stock.naver.com/domestic/stock/090360/price
092870,엑시콘,반도체/소부장,B,+2.09%,B (유지),기존 등급 유지,"53,700",8.96%,X,2,0,"79,176","39,703",O,X,141.5%,단기과열(경계),단기과열 (추격금지),"37,955원 ~ 51,440원","51,440","37,955","25,128","27,019",https://stock.naver.com/domestic/stock/092870/price
095340,ISC,반도체/소부장,B,+0.49%,B (유지),기존 등급 유지,"207,000",26.79%,X,0,0,"-52,794","-25,582",O,X,105.1%,적정(안전),관망(C),"196,895원 ~ 212,900원","212,900","196,895","164,442","188,916",https://stock.naver.com/domestic/stock/095340/price
095610,테스,반도체/소부장,B,--0.56%,B (유지),기존 등급 유지,"176,400",7.84%,X,0,0,"-150,021","159,827",O,O,114.9%,상승과열,관망(C),"153,525원 ~ 175,280원","175,280","153,525","148,655","138,402",https://stock.naver.com/domestic/stock/095610/price
096530,씨젠,바이오/헬스케어,B,+0.81%,B (유지),기존 등급 유지,"37,200",22.88%,X,5,0,"186,822","82,426",O,O,111.3%,상승과열,관망(C),"33,420원 ~ 36,030원","36,030","33,420","30,827","29,306",https://stock.naver.com/domestic/stock/096530/price
097230,HJ중공업,조선/방산/중공업,B,+0.13%,B (유지),기존 등급 유지,"15,340",5.90%,O,3,2,"149,821","3,501",X,X,99.7%,적정(안전),관망(C),"14,986원 ~ 15,388원","14,986","15,388","16,041","20,021",https://stock.naver.com/domestic/stock/097230/price
099320,쎄트렉아이,조선/방산/중공업,B,+1.22%,B (유지),기존 등급 유지,"82,800",10.96%,X,0,2,"-11,933","5,304",O,X,109.4%,상승과열,관망(C),"75,710원 ~ 80,020원","80,020","75,710","74,960","106,737",https://stock.naver.com/domestic/stock/099320/price
102710,이엔에프테크놀로지,일반 주도주,B,+2.35%,B (유지),기존 등급 유지,"50,000",23.94%,X,4,0,"51,766","-39,484",O,X,113.4%,상승과열,관망(C),"44,090원 ~ 48,590원","48,590","44,090","43,738","46,806",https://stock.naver.com/domestic/stock/102710/price
103590,일진전기,전력/에너지/원자력,B,+1.86%,B (유지),기존 등급 유지,"87,800",8.70%,X,0,5,"-245,810","111,170",O,X,116.0%,단기과열(경계),단기과열 (추격금지),"75,685원 ~ 84,400원","84,400","75,685","67,660","81,699",https://stock.naver.com/domestic/stock/103590/price
107640,한중엔시에스,2차전지/배터리,B,+7.35%,B (유지),기존 등급 유지,"45,300",1.54%,X,3,0,"10,300","-13,446",O,X,109.0%,상승과열,관망(C),"41,550원 ~ 42,210원","42,210","41,550","36,071","43,289",https://stock.naver.com/domestic/stock/107640/price
112610,씨에스윈드,전력/에너지/원자력,B,+3.61%,B (유지),기존 등급 유지,"57,400",16.26%,X,0,5,"-16,125","357,795",O,X,111.3%,상승과열,관망(C),"51,550원 ~ 53,760원","53,760","51,550","45,873","49,694",https://stock.naver.com/domestic/stock/112610/price
119850,지엔씨에너지,전력/에너지/원자력,B,--1.12%,B (유지),기존 등급 유지,"52,900",8.63%,X,2,0,"124,337","-266,024",O,O,103.1%,적정(안전),관망(C),"51,322원 ~ 54,720원","54,720","51,322","45,562","36,954",https://stock.naver.com/domestic/stock/119850/price
120110,코오롱인더,일반 주도주,B,+3.38%,B (유지),기존 등급 유지,"58,100",17.82%,X,5,0,"48,403","-104,250",O,X,104.2%,적정(안전),관망(C),"55,735원 ~ 55,900원","55,900","55,735","54,452","65,666",https://stock.naver.com/domestic/stock/120110/price
121600,나노신소재,2차전지/배터리,B,+7.39%,B (유지),기존 등급 유지,"63,900",5.63%,X,0,3,"-38,379","61,147",O,X,122.6%,단기과열(경계),단기과열 (추격금지),"52,138원 ~ 58,220원","58,220","52,138","47,706","57,318",https://stock.naver.com/domestic/stock/121600/price
126340,비나텍,전력/에너지/원자력,B,--0.21%,B (유지),기존 등급 유지,"94,600",7.15%,X,0,0,"-38,802","10,491",O,X,121.7%,단기과열(경계),단기과열 (추격금지),"77,715원 ~ 92,640원","92,640","77,715","68,419","99,372",https://stock.naver.com/domestic/stock/126340/price
131970,두산테스나,IT/소프트웨어/AI,B,+11.69%,B (유지),기존 등급 유지,"119,400",7.89%,X,0,4,"-134,013","142,854",O,X,132.9%,단기과열(경계),단기과열 (추격금지),"89,875원 ~ 105,780원","105,780","89,875","81,955","108,470",https://stock.naver.com/domestic/stock/131970/price
138040,메리츠금융지주,금융/지주,B,+0.47%,C -> B (상향),20일선 돌파,"129,400",14.17%,X,0,2,"-97,251","73,607",O,X,100.3%,적정(안전),관망(C),"129,020원 ~ 129,025원","129,020","129,025","122,732","116,419",https://stock.naver.com/domestic/stock/138040/price
139130,iM금융지주,금융/지주,B,+0.64%,B (유지),기존 등급 유지,"18,760",44.89%,X,0,4,"-397,826","402,227",O,X,102.0%,적정(안전),관망(C),"18,398원 ~ 18,548원","18,548","18,398","17,882","17,946",https://stock.naver.com/domestic/stock/139130/price
139480,이마트,엔터/미디어/소비재,B,0.00%,B (유지),기존 등급 유지,"71,900",22.74%,O,1,1,"-27,686","-4,708",X,X,98.2%,적정(안전),관망(C),"71,700원 ~ 73,205원","71,700","73,205","76,442","85,326",https://stock.naver.com/domestic/stock/139480/price
145720,덴티움,반도체/소부장,B,+4.52%,B (유지),기존 등급 유지,"40,500",13.15%,X,0,1,"-1,054","10,776",O,X,107.8%,적정(안전),관망(C),"37,568원 ~ 37,920원","37,920","37,568","38,458","43,218",https://stock.naver.com/domestic/stock/145720/price
160190,하이젠알앤엠,일반 주도주,B,+18.82%,B (유지),기존 등급 유지,"34,100",0.34%,X,1,0,"11,927","-10,076",O,X,131.7%,단기과열(경계),단기과열 (추격금지),"25,902원 ~ 29,830원","29,830","25,902","20,067","26,577",https://stock.naver.com/domestic/stock/160190/price
170920,엘티씨,일반 주도주,B,+0.58%,B (유지),기존 등급 유지,"43,700",5.06%,X,0,1,"21,939","-45,972",O,X,118.2%,단기과열(경계),단기과열 (추격금지),"36,975원 ~ 42,790원","42,790","36,975","38,989","41,670",https://stock.naver.com/domestic/stock/170920/price
174900,앱클론,바이오/헬스케어,B,+4.48%,B (유지),기존 등급 유지,"29,150",6.95%,X,0,4,"-189,442","123,777",O,X,134.6%,단기과열(경계),단기과열 (추격금지),"21,664원 ~ 25,630원","25,630","21,664","23,755","31,400",https://stock.naver.com/domestic/stock/174900/price
178320,서진시스템,전력/에너지/원자력,B,+3.86%,B (유지),기존 등급 유지,"43,100",14.05%,X,0,0,"-329,319","196,762",O,X,119.1%,단기과열(경계),단기과열 (추격금지),"36,200원 ~ 40,330원","40,330","36,200","36,991","49,552",https://stock.naver.com/domestic/stock/178320/price
182360,큐브엔터,일반 주도주,B,--1.08%,B (유지),기존 등급 유지,"6,430",3.01%,X,0,5,"-16,348","2,319",O,X,101.3%,적정(안전),관망(C),"6,347원 ~ 6,584원","6,584","6,347","5,819","6,910",https://stock.naver.com/domestic/stock/182360/price
183300,코미코,반도체/소부장,B,--0.29%,B (유지),기존 등급 유지,"33,950",26.78%,X,0,0,"-61,046","-124,309",O,X,113.3%,상승과열,관망(C),"29,975원 ~ 34,320원","34,320","29,975","45,109","84,405",https://stock.naver.com/domestic/stock/183300/price
192650,드림텍,반도체/소부장,B,+2.67%,B (유지),기존 등급 유지,"9,630",58.42%,X,0,2,"199,219","740,038",O,X,127.6%,단기과열(경계),단기과열 (추격금지),"7,548원 ~ 8,858원","8,858","7,548","5,677","5,693",https://stock.naver.com/domestic/stock/192650/price
192820,코스맥스,엔터/미디어/소비재,B,+10.00%,C -> B (상향),수급 및 차트 조건 개선,"297,000",35.26%,X,0,5,"-25,120","35,547",O,O,108.5%,상승과열,관망(C),"273,625원 ~ 278,300원","278,300","273,625","238,063","211,041",https://stock.naver.com/domestic/stock/192820/price
195870,해성디에스,반도체/소부장,B,+2.45%,B (유지),기존 등급 유지,"66,900",20.27%,X,0,0,"-27,258","-21,645",O,X,118.5%,단기과열(경계),단기과열 (추격금지),"56,475원 ~ 64,800원","64,800","56,475","54,255","64,676",https://stock.naver.com/domestic/stock/195870/price
204320,HL만도,자동차/모빌리티,B,+1.06%,B (유지),기존 등급 유지,"47,650",19.11%,O,3,1,"46,872","-28,629",X,X,99.5%,적정(안전),관망(C),"46,690원 ~ 47,882원","46,690","47,882","48,406","52,470",https://stock.naver.com/domestic/stock/204320/price
211270,AP위성,조선/방산/중공업,B,+1.68%,B (유지),기존 등급 유지,"9,670",2.25%,X,3,0,"47,850","-6,214",O,X,108.3%,상승과열,관망(C),"8,932원 ~ 9,312원","9,312","8,932","8,195","11,192",https://stock.naver.com/domestic/stock/211270/price
214150,클래시스,바이오/헬스케어,B,+2.28%,C -> B (상향),20일선 돌파,"31,350",68.22%,X,2,0,"7,534","-42,878",O,X,100.2%,적정(안전),관망(C),"30,960원 ~ 31,295원","30,960","31,295","37,459","43,797",https://stock.naver.com/domestic/stock/214150/price
214430,아이쓰리시스템,조선/방산/중공업,B,+2.80%,B (유지),기존 등급 유지,"80,800",3.75%,X,0,2,"-12,628","10,661",O,X,123.7%,단기과열(경계),단기과열 (추격금지),"65,325원 ~ 75,660원","75,660","65,325","63,173","73,031",https://stock.naver.com/domestic/stock/214430/price
218410,RFHIC,조선/방산/중공업,B,+0.65%,B (유지),기존 등급 유지,"62,400",19.02%,X,0,2,"-124,121","143,266",O,X,113.9%,상승과열,관망(C),"54,808원 ~ 60,340원","60,340","54,808","49,839","68,074",https://stock.naver.com/domestic/stock/218410/price
222080,SFA넥셀,2차전지/배터리,B,+5.39%,B (유지),기존 등급 유지,"8,800",11.13%,X,0,2,"-76,981","39,286",O,X,113.8%,상승과열,관망(C),"7,732원 ~ 8,168원","8,168","7,732","7,559","9,988",https://stock.naver.com/domestic/stock/222080/price
222800,심텍,반도체/소부장,B,+3.77%,B (유지),기존 등급 유지,"173,500",13.78%,X,2,0,"184,890","-57,126",O,O,125.2%,단기과열(경계),단기과열 (추격금지),"138,630원 ~ 161,360원","161,360","138,630","116,663","112,067",https://stock.naver.com/domestic/stock/222800/price
226950,올릭스,바이오/헬스케어,B,+5.65%,B (유지),기존 등급 유지,"123,400",10.13%,X,0,3,"-53,830","224,093",O,X,116.3%,단기과열(경계),단기과열 (추격금지),"106,100원 ~ 112,300원","112,300","106,100","109,800","132,932",https://stock.naver.com/domestic/stock/226950/price
229640,LS에코에너지,전력/에너지/원자력,B,+1.81%,B (유지),기존 등급 유지,"67,600",4.71%,X,0,5,"-109,808","122,749",O,X,120.0%,단기과열(경계),단기과열 (추격금지),"56,312원 ~ 64,800원","64,800","56,312","48,432","57,468",https://stock.naver.com/domestic/stock/229640/price
232140,와이씨,IT/소프트웨어/AI,B,+6.93%,B (유지),기존 등급 유지,"18,060",6.33%,X,0,2,"65,425","405,577",O,X,135.6%,단기과열(경계),단기과열 (추격금지),"13,319원 ~ 16,026원","16,026","13,319","11,175","14,311",https://stock.naver.com/domestic/stock/232140/price
236200,슈프리마,일반 주도주,B,+9.67%,B (유지),기존 등급 유지,"60,100",30.22%,X,0,5,"-6,488","6,457",O,O,113.1%,상승과열,관망(C),"53,120원 ~ 57,280원","57,280","53,120","52,997","49,836",https://stock.naver.com/domestic/stock/236200/price
237690,에스티팜,바이오/헬스케어,B,+4.07%,B (유지),기존 등급 유지,"97,100",13.25%,X,0,0,"24,958","-16,914",O,X,105.3%,적정(안전),관망(C),"92,250원 ~ 94,140원","94,140","92,250","102,465","118,840",https://stock.naver.com/domestic/stock/237690/price
240810,원익IPS,반도체/소부장,B,+2.53%,B (유지),기존 등급 유지,"141,700",14.07%,X,0,0,"-317,078","307,264",O,X,114.3%,상승과열,관망(C),"124,020원 ~ 137,400원","137,400","124,020","113,485","122,075",https://stock.naver.com/domestic/stock/240810/price
247540,에코프로비엠,2차전지/배터리,B,+11.67%,B (유지),기존 등급 유지,"129,200",15.33%,X,3,0,"129,497","29,323",O,X,118.3%,단기과열(경계),단기과열 (추격금지),"109,240원 ~ 114,900원","114,900","109,240","109,885","148,755",https://stock.naver.com/domestic/stock/247540/price
251970,펌텍코리아,엔터/미디어/소비재,B,+3.97%,B (유지),기존 등급 유지,"62,900",13.23%,X,1,0,"4,431","16,567",O,O,107.7%,적정(안전),관망(C),"58,410원 ~ 62,400원","62,400","58,410","53,038","46,108",https://stock.naver.com/domestic/stock/251970/price
252990,샘씨엔에스,반도체/소부장,B,--1.21%,B (유지),기존 등급 유지,"19,550",9.72%,X,3,0,"397,317","-335,329",O,O,115.8%,단기과열(경계),단기과열 (추격금지),"16,876원 ~ 19,948원","19,948","16,876","14,486","13,736",https://stock.naver.com/domestic/stock/252990/price
253450,스튜디오드래곤,엔터/미디어/소비재,B,+0.74%,B (유지),기존 등급 유지,"20,550",8.82%,O,1,2,"-16,570","8,942",X,X,97.7%,적정(안전),관망(C),"20,510원 ~ 21,030원","20,510","21,030","21,603","24,989",https://stock.naver.com/domestic/stock/253450/price
271940,일진하이솔루스,일반 주도주,B,+0.43%,B (유지),기존 등급 유지,"11,790",3.40%,X,1,0,"23,469","2,907",O,X,104.9%,적정(안전),관망(C),"11,238원 ~ 11,350원","11,350","11,238","10,703","12,566",https://stock.naver.com/domestic/stock/271940/price
272210,한화시스템,조선/방산/중공업,B,--1.45%,B (유지),기존 등급 유지,"81,700",10.13%,X,0,4,"48,844","561,422",O,X,109.9%,상승과열,관망(C),"74,345원 ~ 77,940원","77,940","74,345","70,787","88,158",https://stock.naver.com/domestic/stock/272210/price
274090,켄코아에어로스페이스,반도체/소부장,B,+1.93%,B (유지),기존 등급 유지,"13,740",2.47%,X,0,1,"-204,794","1,488",O,X,120.1%,단기과열(경계),단기과열 (추격금지),"11,436원 ~ 12,994원","12,994","11,436","10,433","15,556",https://stock.naver.com/domestic/stock/274090/price
281820,케이씨텍,반도체/소부장,B,+15.43%,B (유지),기존 등급 유지,"106,200",13.30%,X,0,1,"-62,446","1,022",O,O,136.1%,단기과열(경계),단기과열 (추격금지),"78,020원 ~ 93,460원","93,460","78,020","75,455","74,013",https://stock.naver.com/domestic/stock/281820/price
285130,SK케미칼,철강/소재/화학,B,+0.39%,B (유지),기존 등급 유지,"52,000",10.41%,O,5,1,"13,201","-8,515",X,X,98.9%,적정(안전),추세초입(B),"51,460원 ~ 52,595원","51,460","52,595","47,020","47,715",https://stock.naver.com/domestic/stock/285130/price
289930,웨이비스,반도체/소부장,B,0.00%,B (유지),기존 등급 유지,"8,440",6.85%,X,0,1,"-4,718",397,O,X,110.7%,상승과열,관망(C),"7,622원 ~ 8,216원","8,216","7,622","7,175","10,809",https://stock.naver.com/domestic/stock/289930/price
290550,디케이티,일반 주도주,B,+2.52%,B (유지),기존 등급 유지,"24,400",4.80%,X,0,1,"-53,809","89,334",O,X,126.0%,단기과열(경계),단기과열 (추격금지),"19,362원 ~ 22,860원","22,860","19,362","18,835","21,417",https://stock.naver.com/domestic/stock/290550/price
290650,엘앤씨바이오,바이오/헬스케어,B,--2.23%,B (유지),기존 등급 유지,"52,500",23.12%,X,0,3,"-269,429","147,048",O,X,108.0%,상승과열,관망(C),"48,605원 ~ 52,220원","52,220","48,605","55,159","64,999",https://stock.naver.com/domestic/stock/290650/price
293490,카카오게임즈,IT/소프트웨어/AI,B,--0.89%,B (유지),기존 등급 유지,"10,050",4.59%,X,3,0,"357,618","-180,415",O,X,107.2%,적정(안전),관망(C),"9,379원 ~ 9,788원","9,788","9,379","8,641","9,426",https://stock.naver.com/domestic/stock/293490/price
295310,에이치브이엠,조선/방산/중공업,B,+8.97%,B (유지),기존 등급 유지,"76,500",3.01%,X,0,3,"-44,588","170,123",O,X,133.9%,단기과열(경계),단기과열 (추격금지),"57,125원 ~ 65,900원","65,900","57,125","48,672","68,298",https://stock.naver.com/domestic/stock/295310/price
297090,씨에스베어링,일반 주도주,B,--0.20%,B (유지),기존 등급 유지,"5,000",2.39%,X,2,0,"20,552","-5,182",O,X,109.1%,상승과열,관망(C),"4,584원 ~ 4,829원","4,829","4,584","4,061","5,062",https://stock.naver.com/domestic/stock/297090/price
302440,SK바이오사이언스,바이오/헬스케어,B,+1.78%,C -> B (상향),20일선 돌파,"37,150",6.01%,X,0,0,"25,265","-13,535",O,X,101.3%,적정(안전),관망(C),"36,440원 ~ 36,660원","36,440","36,660","36,226","38,488",https://stock.naver.com/domestic/stock/302440/price
307950,현대오토에버,IT/소프트웨어/AI,B,+1.44%,B (유지),기존 등급 유지,"388,000",2.45%,X,3,0,"18,012","-20,084",O,X,102.1%,적정(안전),관망(C),"378,500원 ~ 379,850원","378,500","379,850","401,758","492,450",https://stock.naver.com/domestic/stock/307950/price
308430,셀비온,바이오/헬스케어,B,--3.35%,B (유지),기존 등급 유지,"14,130",2.55%,X,0,3,"-3,650","1,043",O,X,104.2%,적정(안전),관망(C),"13,566원 ~ 14,376원","14,376","13,566","13,310","19,128",https://stock.naver.com/domestic/stock/308430/price
310210,보로노이,바이오/헬스케어,B,+7.70%,B (유지),기존 등급 유지,"155,200",5.81%,X,0,2,"15,089","20,730",O,X,107.0%,적정(안전),관망(C),"143,180원 ~ 145,000원","143,180","145,000","149,208","198,201",https://stock.naver.com/domestic/stock/310210/price
314130,지놈앤컴퍼니,바이오/헬스케어,B,+4.91%,B (유지),기존 등급 유지,"5,770",2.70%,X,0,0,"-15,204","-203,544",O,X,142.6%,단기과열(경계),단기과열 (추격금지),"4,047원 ~ 5,289원","5,289","4,047","3,907","4,858",https://stock.naver.com/domestic/stock/314130/price
319660,피에스케이,반도체/소부장,B,+1.32%,B (유지),기존 등급 유지,"154,000",21.19%,X,0,0,"-237,029","-45,915",O,X,114.0%,상승과열,관망(C),"135,075원 ~ 153,040원","153,040","135,075","139,005","131,460",https://stock.naver.com/domestic/stock/319660/price
321550,티움바이오,바이오/헬스케어,B,+4.42%,B (유지),기존 등급 유지,"4,725",3.35%,X,0,2,"29,983","9,641",O,X,102.9%,적정(안전),관망(C),"4,593원 ~ 4,653원","4,653","4,593","4,357","6,010",https://stock.naver.com/domestic/stock/321550/price
323280,태성,반도체/소부장,B,+3.03%,B (유지),기존 등급 유지,"61,300",6.34%,X,0,4,"16,738","82,123",O,X,124.0%,단기과열(경계),단기과열 (추격금지),"49,445원 ~ 58,820원","58,820","49,445","43,995","51,641",https://stock.naver.com/domestic/stock/323280/price
328130,루닛,바이오/헬스케어,B,+5.20%,B (유지),기존 등급 유지,"11,120",8.16%,X,0,0,"-213,792","-340,607",O,X,116.5%,단기과열(경계),단기과열 (추격금지),"9,544원 ~ 11,088원","11,088","9,544","9,704","15,451",https://stock.naver.com/domestic/stock/328130/price
330590,롯데리츠,건설/인프라,B,+2.83%,B (유지),기존 등급 유지,"4,180",7.31%,X,0,3,"-64,722","118,330",O,X,104.0%,적정(안전),관망(C),"4,018원 ~ 4,122원","4,122","4,018","3,816","3,925",https://stock.naver.com/domestic/stock/330590/price
336260,두산퓨얼셀,전력/에너지/원자력,B,+3.16%,B (유지),기존 등급 유지,"47,300",15.11%,O,4,1,"128,194","-8,663",X,X,98.0%,적정(안전),추세초입(B),"45,740원 ~ 48,270원","45,740","48,270","41,192","54,355",https://stock.naver.com/domestic/stock/336260/price
336570,원텍,반도체/소부장,B,+2.59%,B (유지),기존 등급 유지,"5,140",3.41%,X,0,1,"167,078","3,930",O,X,103.5%,적정(안전),관망(C),"4,966원 ~ 4,984원","4,984","4,966","5,041","6,154",https://stock.naver.com/domestic/stock/336570/price
344820,KCC글라스,일반 주도주,B,--0.21%,B (유지),기존 등급 유지,"24,200",4.78%,O,1,1,-523,"2,098",X,X,99.8%,적정(안전),추세초입(B),"23,900원 ~ 24,260원","23,900","24,260","23,872","24,654",https://stock.naver.com/domestic/stock/344820/price
347850,디앤디파마텍,바이오/헬스케어,B,+11.05%,C -> B (상향),20일선 돌파,"47,750",10.68%,X,0,0,"-21,775","44,398",O,X,103.9%,적정(안전),관망(C),"44,150원 ~ 45,972원","44,150","45,972","55,709","68,923",https://stock.naver.com/domestic/stock/347850/price
353200,대덕전자,반도체/소부장,B,+6.56%,B (유지),기존 등급 유지,"157,500",16.71%,X,0,0,"-466,953","518,735",O,X,137.8%,단기과열(경계),단기과열 (추격금지),"114,320원 ~ 143,860원","143,860","114,320","111,073","122,394",https://stock.naver.com/domestic/stock/353200/price
354320,알멕,조선/방산/중공업,B,+15.10%,B (유지),기존 등급 유지,"50,300",3.13%,X,0,3,"-25,170","66,615",O,X,129.5%,단기과열(경계),단기과열 (추격금지),"38,852원 ~ 43,160원","43,160","38,852","31,868","50,200",https://stock.naver.com/domestic/stock/354320/price
357780,솔브레인,반도체/소부장,B,+0.71%,B (유지),기존 등급 유지,"423,000",30.08%,X,0,5,"-36,142","86,945",O,X,118.6%,단기과열(경계),단기과열 (추격금지),"356,550원 ~ 414,000원","414,000","356,550","320,150","362,292",https://stock.naver.com/domestic/stock/357780/price
358570,지아이이노베이션,바이오/헬스케어,B,+2.95%,B (유지),기존 등급 유지,"9,080",9.39%,X,0,2,"59,592","180,872",O,X,103.9%,적정(안전),관망(C),"8,702원 ~ 8,737원","8,702","8,737","8,216","10,621",https://stock.naver.com/domestic/stock/358570/price
361390,제노코,조선/방산/중공업,B,--3.52%,B (유지),기존 등급 유지,"13,440",20.79%,X,3,0,"18,630","-2,662",O,X,105.8%,적정(안전),관망(C),"12,702원 ~ 13,264원","13,264","12,702","12,715","17,680",https://stock.naver.com/domestic/stock/361390/price
365340,성일하이텍,2차전지/배터리,B,+3.71%,B (유지),기존 등급 유지,"39,100",3.14%,X,3,0,"26,687","-5,083",O,X,108.6%,상승과열,관망(C),"36,018원 ~ 36,770원","36,770","36,018","34,044","47,574",https://stock.naver.com/domestic/stock/365340/price
365550,ESR켄달스퀘어리츠,건설/인프라,B,+2.58%,C -> B (상향),20일선 돌파,"3,180",38.89%,X,0,3,"-124,213","97,714",O,X,101.3%,적정(안전),관망(C),"3,117원 ~ 3,139원","3,117","3,139","3,182","3,604",https://stock.naver.com/domestic/stock/365550/price
376300,디어유,엔터/미디어/소비재,B,+0.05%,B (유지),기존 등급 유지,"18,760",3.16%,X,0,0,"-19,592","33,394",O,X,105.1%,적정(안전),관망(C),"17,844원 ~ 18,644원","18,644","17,844","19,075","22,811",https://stock.naver.com/domestic/stock/376300/price
377300,카카오페이,IT/소프트웨어/AI,B,+0.75%,B (유지),기존 등급 유지,"40,450",28.02%,O,1,1,"-4,282","-14,405",X,X,94.1%,이격과도(눌림),추세초입(B),"40,150원 ~ 42,965원","40,150","42,965","42,805","45,855",https://stock.naver.com/domestic/stock/377300/price
383220,F&F,일반 주도주,B,+1.87%,B (유지),기존 등급 유지,"71,000",12.97%,X,0,1,"13,368","-8,949",O,X,105.1%,적정(안전),관망(C),"67,530원 ~ 69,380원","69,380","67,530","69,527","72,247",https://stock.naver.com/domestic/stock/383220/price
388210,씨엠티엑스,일반 주도주,B,0.00%,B (유지),기존 등급 유지,"93,600",6.28%,X,0,0,"-61,773","18,087",O,X,116.4%,단기과열(경계),단기과열 (추격금지),"80,415원 ~ 92,160원","92,160","80,415","78,240","98,648",https://stock.naver.com/domestic/stock/388210/price
393890,더블유씨피,일반 주도주,B,--0.09%,B (유지),기존 등급 유지,"10,800",2.54%,X,3,0,"127,447","-40,319",O,X,106.8%,적정(안전),관망(C),"10,108원 ~ 10,428원","10,428","10,108","8,901","11,816",https://stock.naver.com/domestic/stock/393890/price
395400,SK리츠,건설/인프라,B,--0.75%,B (유지),기존 등급 유지,"5,290",8.28%,X,1,0,"58,269","-24,482",O,X,100.4%,적정(안전),관망(C),"5,262원 ~ 5,269원","5,262","5,269","5,498","5,725",https://stock.naver.com/domestic/stock/395400/price
403850,더핑크퐁컴퍼니,엔터/미디어/소비재,B,+3.04%,C -> B (상향),20일선 돌파,"12,530",4.08%,X,0,0,-533,"-1,289",O,X,100.4%,적정(안전),관망(C),"12,360원 ~ 12,478원","12,360","12,478","11,657","12,698",https://stock.naver.com/domestic/stock/403850/price
403870,HPSP,반도체/소부장,B,+5.19%,B (유지),기존 등급 유지,"68,900",33.42%,X,0,4,"-356,591","992,871",O,X,121.1%,단기과열(경계),단기과열 (추격금지),"56,895원 ~ 65,980원","65,980","56,895","46,433","49,278",https://stock.naver.com/domestic/stock/403870/price
404990,신한서부티엔디리츠,건설/인프라,B,+0.26%,B (유지),기존 등급 유지,"3,900",0.82%,X,4,0,"9,483","-14,609",O,X,100.8%,적정(안전),관망(C),"3,871원 ~ 3,916원","3,916","3,871","3,872","3,958",https://stock.naver.com/domestic/stock/404990/price
416180,신성에스티,전력/에너지/원자력,B,+4.56%,B (유지),기존 등급 유지,"27,500",1.35%,X,3,0,"24,440",53,O,X,110.8%,상승과열,관망(C),"24,828원 ~ 25,900원","25,900","24,828","21,833","26,239",https://stock.naver.com/domestic/stock/416180/price
419530,SAMG엔터,엔터/미디어/소비재,B,--0.72%,B (유지),기존 등급 유지,"17,900",4.21%,X,0,0,"-35,747","12,902",O,X,100.8%,적정(안전),관망(C),"17,756원 ~ 18,000원","18,000","17,756","22,515","26,464",https://stock.naver.com/domestic/stock/419530/price
420770,기가비스,반도체/소부장,B,+4.80%,B (유지),기존 등급 유지,"135,500",6.55%,X,4,0,"17,488","-17,501",O,X,121.4%,단기과열(경계),단기과열 (추격금지),"111,660원 ~ 131,040원","131,040","111,660","118,293","122,169",https://stock.naver.com/domestic/stock/420770/price
439260,대한조선,조선/방산/중공업,B,+4.47%,C -> B (상향),20일선 돌파,"47,900",2.22%,X,0,1,"-2,854","1,370",O,X,102.8%,적정(안전),관망(C),"46,130원 ~ 46,578원","46,130","46,578","47,777","59,504",https://stock.naver.com/domestic/stock/439260/price
440110,파두,반도체/소부장,B,+0.47%,B (유지),기존 등급 유지,"86,300",24.78%,X,0,5,"-347,011","301,575",O,X,117.8%,단기과열(경계),단기과열 (추격금지),"73,230원 ~ 85,840원","85,840","73,230","67,750","78,770",https://stock.naver.com/domestic/stock/440110/price
445680,큐리옥스바이오시스템즈,바이오/헬스케어,B,+5.84%,B (유지),기존 등급 유지,"61,600",6.92%,X,0,3,"-15,892","28,128",O,X,122.0%,단기과열(경계),단기과열 (추격금지),"50,492원 ~ 57,540원","57,540","50,492","45,672","61,437",https://stock.naver.com/domestic/stock/445680/price
450080,에코프로머티,2차전지/배터리,B,+5.00%,B (유지),기존 등급 유지,"39,900",14.16%,X,3,0,"277,879","-32,166",O,X,110.7%,상승과열,관망(C),"36,050원 ~ 36,890원","36,890","36,050","35,847","49,628",https://stock.naver.com/domestic/stock/450080/price
451800,한화리츠,건설/인프라,B,--0.37%,B (유지),기존 등급 유지,"5,350",0.92%,X,0,5,"-10,353","72,341",O,X,100.6%,적정(안전),관망(C),"5,318원 ~ 5,338원","5,338","5,318","5,173","5,203",https://stock.naver.com/domestic/stock/451800/price
456160,지투지바이오,바이오/헬스케어,B,+1.72%,B (유지),기존 등급 유지,"44,350",5.92%,X,0,5,"-28,186","253,816",O,X,125.1%,단기과열(경계),단기과열 (추격금지),"35,462원 ~ 40,150원","40,150","35,462","35,268","47,567",https://stock.naver.com/domestic/stock/456160/price
457190,이수스페셜티케미컬,2차전지/배터리,B,+3.21%,B (유지),기존 등급 유지,"83,700",4.68%,X,0,4,"-80,948","42,373",O,X,122.4%,단기과열(경계),단기과열 (추격금지),"68,380원 ~ 79,000원","79,000","68,380","63,374","79,250",https://stock.naver.com/domestic/stock/457190/price
458870,씨어스,IT/소프트웨어/AI,B,+0.19%,B (유지),기존 등급 유지,"27,050",4.36%,X,0,0,"-20,710","-57,048",O,X,110.3%,상승과열,관망(C),"24,528원 ~ 26,380원","26,380","24,528","25,187","31,599",https://stock.naver.com/domestic/stock/458870/price
475960,토모큐브,바이오/헬스케어,B,+4.23%,B (유지),기존 등급 유지,"35,750",2.00%,X,1,0,"14,117","37,216",O,X,120.7%,단기과열(경계),단기과열 (추격금지),"29,612원 ~ 34,700원","34,700","29,612","32,259","38,920",https://stock.naver.com/domestic/stock/475960/price
476830,알지노믹스,바이오/헬스케어,B,+6.04%,B (유지),기존 등급 유지,"29,850",9.42%,X,0,0,"127,074","32,998",O,X,110.7%,상승과열,관망(C),"26,965원 ~ 27,080원","27,080","26,965","29,049","79,936",https://stock.naver.com/domestic/stock/476830/price
477850,마키나락스,IT/소프트웨어/AI,B,+1.10%,B (유지),기존 등급 유지,"23,000",0.00%,X,0,2,"123,821","46,199",O,X,103.5%,적정(안전),관망(C),"22,220원 ~ 22,330원","22,330","22,220","24,652",0,https://stock.naver.com/domestic/stock/477850/price
483650,달바글로벌,엔터/미디어/소비재,B,--0.71%,B (유지),기존 등급 유지,"181,800",43.46%,X,1,0,354,"-1,199",O,X,101.5%,적정(안전),관망(C),"179,180원 ~ 184,960원","184,960","179,180","210,728","212,008",https://stock.naver.com/domestic/stock/483650/price
484590,삼양컴텍,반도체/소부장,B,--2.52%,B (유지),기존 등급 유지,"7,360",4.57%,X,2,0,"76,013","13,632",O,X,106.6%,적정(안전),관망(C),"6,904원 ~ 7,328원","7,328","6,904","6,457","8,170",https://stock.naver.com/domestic/stock/484590/price
486990,노타,IT/소프트웨어/AI,B,+1.96%,B (유지),기존 등급 유지,"20,850",1.32%,X,2,0,"97,916","-12,552",O,X,111.4%,상승과열,관망(C),"18,708원 ~ 20,352원","20,352","18,708","18,812","24,280",https://stock.naver.com/domestic/stock/486990/price
489790,한화비전,반도체/소부장,B,+0.59%,B (유지),기존 등급 유지,"51,300",24.26%,X,0,0,"25,815","-36,722",O,X,106.7%,적정(안전),관망(C),"48,090원 ~ 50,900원","50,900","48,090","47,438","59,409",https://stock.naver.com/domestic/stock/489790/price
490470,세미파이브,IT/소프트웨어/AI,B,+6.86%,B (유지),기존 등급 유지,"21,800",4.43%,X,2,0,"80,132","-492,176",O,X,131.9%,단기과열(경계),단기과열 (추격금지),"16,526원 ~ 20,074원","20,074","16,526","16,616","24,675",https://stock.naver.com/domestic/stock/490470/price
491000,리브스메드,바이오/헬스케어,B,+6.34%,B (유지),기존 등급 유지,"38,600",3.29%,X,0,0,"29,130","-41,569",O,X,119.8%,단기과열(경계),단기과열 (추격금지),"32,215원 ~ 34,410원","34,410","32,215","36,322","44,847",https://stock.naver.com/domestic/stock/491000/price
493280,아이엠바이오로직스,바이오/헬스케어,B,+9.98%,B (유지),기존 등급 유지,"18,850",3.27%,X,0,2,"-11,039","-18,828",O,X,116.1%,단기과열(경계),단기과열 (추격금지),"16,234원 ~ 17,594원","17,594","16,234","16,920","27,025",https://stock.naver.com/domestic/stock/493280/price
950260,인제니아테라퓨틱스(Reg.S),바이오/헬스케어,B,+0.87%,B (유지),기존 등급 유지,"29,100",1.12%,X,0,3,"-49,045","80,362",O,X,143.2%,단기과열(경계),단기과열 (추격금지),"20,327원 ~ 27,460원","27,460","20,327",0,0,https://stock.naver.com/domestic/stock/950260/price
000080,하이트진로,일반 주도주,C,0.00%,C (유지),기존 등급 유지,"14,770",7.54%,X,0,2,"-68,816","-10,077",X,X,97.7%,적정(안전),관망(C),"14,856원 ~ 15,120원","14,856","15,120","15,227","15,764",https://stock.naver.com/domestic/stock/000080/price
000100,유한양행,바이오/헬스케어,C,+2.83%,C (유지),기존 등급 유지,"76,200",20.93%,X,0,0,"23,725","-40,153",X,X,99.0%,적정(안전),관망(C),"74,180원 ~ 76,945원","74,180","76,945","76,825","80,055",https://stock.naver.com/domestic/stock/000100/price
000120,CJ대한통운,일반 주도주,C,--1.27%,C (유지),기존 등급 유지,"69,800",15.21%,X,0,0,"-22,625","-12,268",X,X,97.6%,적정(안전),관망(C),"70,220원 ~ 71,495원","70,220","71,495","73,303","81,525",https://stock.naver.com/domestic/stock/000120/price
000210,DL,건설/인프라,C,+1.33%,C (유지),기존 등급 유지,"49,500",20.91%,X,0,0,"9,655","-16,381",X,X,94.2%,이격과도(눌림),관망(C),"49,410원 ~ 52,572원","49,410","52,572","49,632","53,216",https://stock.naver.com/domestic/stock/000210/price
000270,기아,자동차/모빌리티,C,--0.27%,C (유지),기존 등급 유지,"112,600",39.09%,X,1,0,"-140,639","-225,164",X,X,93.4%,이격과도(눌림),관망(C),"113,740원 ~ 120,590원","113,740","120,590","130,317","143,900",https://stock.naver.com/domestic/stock/000270/price
000370,한화손해보험,금융/지주,C,--1.36%,C (유지),기존 등급 유지,"7,230",14.47%,X,0,1,"-89,774","26,317",X,X,90.7%,이격과도(눌림),관망(C),"7,418원 ~ 7,974원","7,418","7,974","7,005","6,750",https://stock.naver.com/domestic/stock/000370/price
000660,SK하이닉스,반도체/소부장,C,--3.53%,B -> C (하향),"20일선 이탈, 쌍끌이 매수 중단","1,776,000",49.76%,X,0,2,"-582,267","-35,188",X,X,99.0%,적정(안전),관망(C),"1,793,700원 ~ 1,803,800원","1,803,800","1,793,700","1,730,133","1,828,467",https://stock.naver.com/domestic/stock/000660/price
000670,영풍,철강/소재/화학,C,+2.10%,C (유지),기존 등급 유지,"41,400",15.43%,X,1,0,"4,466","-8,221",X,X,96.8%,이격과도(눌림),관망(C),"41,100원 ~ 42,778원","41,100","42,778","38,968","46,627",https://stock.naver.com/domestic/stock/000670/price
000720,현대건설,전력/에너지/원자력,C,--0.96%,C (유지),기존 등급 유지,"113,300",25.06%,X,0,0,"-32,936","-354,805",X,X,90.9%,이격과도(눌림),관망(C),"116,280원 ~ 124,655원","116,280","124,655","113,177","130,023",https://stock.naver.com/domestic/stock/000720/price
000810,삼성화재,금융/지주,C,+0.80%,C (유지),기존 등급 유지,"631,000",57.47%,X,0,1,"-12,511","1,016",X,X,96.7%,이격과도(눌림),관망(C),"635,800원 ~ 652,500원","635,800","652,500","644,833","607,767",https://stock.naver.com/domestic/stock/000810/price
000815,삼성화재우,금융/지주,C,+1.15%,C (유지),기존 등급 유지,"395,000",33.75%,X,0,0,"-13,235","-2,212",X,X,96.2%,이격과도(눌림),관망(C),"396,300원 ~ 410,675원","396,300","410,675","405,375","398,700",https://stock.naver.com/domestic/stock/000815/price
001040,CJ,일반 주도주,C,--1.60%,B -> C (하향),"20일선 이탈, 쌍끌이 매수 중단","129,400",18.46%,X,0,4,"-28,344","29,308",X,X,98.9%,적정(안전),관망(C),"130,880원 ~ 132,500원","132,500","130,880","132,132","159,864",https://stock.naver.com/domestic/stock/001040/price
001450,현대해상,금융/지주,C,--1.99%,C (유지),기존 등급 유지,"46,800",39.44%,X,2,0,"80,676","-84,733",X,X,95.4%,이격과도(눌림),관망(C),"47,920원 ~ 49,038원","47,920","49,038","44,877","39,567",https://stock.naver.com/domestic/stock/001450/price
001500,현대차증권,금융/지주,C,0.00%,C (유지),기존 등급 유지,"7,800",2.90%,X,0,0,"-29,681","-2,404",X,X,98.5%,적정(안전),관망(C),"7,788원 ~ 7,920원","7,788","7,920","7,899","8,985",https://stock.naver.com/domestic/stock/001500/price
001680,대상,일반 주도주,C,--1.46%,C (유지),기존 등급 유지,"17,570",16.15%,X,0,0,"-33,345","-6,017",X,X,96.3%,이격과도(눌림),관망(C),"17,850원 ~ 18,247원","17,850","18,247","17,952","18,593",https://stock.naver.com/domestic/stock/001680/price
001720,신영증권,금융/지주,C,+0.29%,C (유지),기존 등급 유지,"140,200",6.29%,X,3,0,"17,641","-23,146",X,X,98.0%,적정(안전),관망(C),"139,720원 ~ 143,045원","139,720","143,045","147,827","166,732",https://stock.naver.com/domestic/stock/001720/price
001800,오리온홀딩스,일반 주도주,C,--0.22%,C (유지),기존 등급 유지,"22,850",9.77%,X,0,0,"-49,926","-10,089",X,X,93.6%,이격과도(눌림),관망(C),"23,300원 ~ 24,405원","23,300","24,405","25,420","25,222",https://stock.naver.com/domestic/stock/001800/price
002030,아세아,철강/소재/화학,C,+2.99%,C (유지),기존 등급 유지,"207,000",5.10%,X,0,2,-365,534,X,X,98.1%,적정(안전),관망(C),"204,660원 ~ 211,015원","204,660","211,015","197,788","208,307",https://stock.naver.com/domestic/stock/002030/price
002310,아세아제지,일반 주도주,C,--3.17%,C (유지),기존 등급 유지,"7,640",4.80%,X,0,0,"15,653","-4,902",X,X,90.9%,이격과도(눌림),관망(C),"7,858원 ~ 8,404원","7,858","8,404","8,017","8,169",https://stock.naver.com/domestic/stock/002310/price
002380,KCC,건설/인프라,C,+0.64%,C (유지),기존 등급 유지,"475,000",20.80%,X,3,0,"3,195","-4,503",X,X,99.4%,적정(안전),관망(C),"472,400원 ~ 477,650원","472,400","477,650","450,292","492,917",https://stock.naver.com/domestic/stock/002380/price
002790,아모레퍼시픽홀딩스,엔터/미디어/소비재,C,+0.20%,C (유지),기존 등급 유지,"25,350",14.61%,X,1,0,"-4,057","-50,731",X,X,97.0%,적정(안전),관망(C),"25,810원 ~ 26,125원","25,810","26,125","25,738","25,365",https://stock.naver.com/domestic/stock/002790/price
003230,삼양식품,전력/에너지/원자력,C,--0.83%,C (유지),기존 등급 유지,"1,201,000",18.76%,X,0,0,-195,"-8,151",X,X,94.9%,이격과도(눌림),관망(C),"1,214,800원 ~ 1,265,450원","1,214,800","1,265,450","1,260,933","1,248,175",https://stock.naver.com/domestic/stock/003230/price
003470,유안타증권,금융/지주,C,--0.92%,C (유지),기존 등급 유지,"4,310",68.47%,X,0,0,"-36,666","12,700",X,X,94.5%,이격과도(눌림),관망(C),"4,346원 ~ 4,563원","4,346","4,563","4,535","4,915",https://stock.naver.com/domestic/stock/003470/price
003540,대신증권,금융/지주,C,--0.59%,C (유지),기존 등급 유지,"25,350",9.37%,X,0,0,"-54,263","6,088",X,X,96.1%,이격과도(눌림),관망(C),"25,480원 ~ 26,382원","25,480","26,382","26,245","29,773",https://stock.naver.com/domestic/stock/003540/price
003690,코리안리,금융/지주,C,+0.76%,C (유지),기존 등급 유지,"14,500",26.28%,X,0,1,"-252,011","-11,652",X,X,98.3%,적정(안전),관망(C),"14,610원 ~ 14,754원","14,610","14,754","14,374","13,634",https://stock.naver.com/domestic/stock/003690/price
004000,롯데정밀화학,일반 주도주,C,--0.23%,C (유지),기존 등급 유지,"42,750",23.39%,X,0,0,"-10,601","-11,430",X,X,95.8%,이격과도(눌림),관망(C),"42,980원 ~ 44,632원","42,980","44,632","45,513","49,082",https://stock.naver.com/domestic/stock/004000/price
004020,현대제철,철강/소재/화학,C,--0.33%,C (유지),기존 등급 유지,"29,900",14.12%,X,1,0,"92,851","-389,724",X,X,91.2%,이격과도(눌림),관망(C),"30,150원 ~ 32,792원","30,150","32,792","29,479","33,429",https://stock.naver.com/domestic/stock/004020/price
004170,신세계,엔터/미디어/소비재,C,--1.96%,C (유지),기존 등급 유지,"325,500",31.17%,X,5,0,"38,246","-47,729",X,X,89.9%,이격과도(눌림),관망(C),"333,300원 ~ 362,175원","333,300","362,175","431,650","489,462",https://stock.naver.com/domestic/stock/004170/price
004370,농심,엔터/미디어/소비재,C,--2.35%,C (유지),기존 등급 유지,"394,500",25.23%,X,0,5,"-10,852","8,537",X,X,97.4%,적정(안전),관망(C),"402,400원 ~ 404,925원","402,400","404,925","398,333","385,354",https://stock.naver.com/domestic/stock/004370/price
004430,송원산업,일반 주도주,C,--0.26%,C (유지),기존 등급 유지,"11,540",15.37%,X,1,0,"14,783","3,738",X,X,99.6%,적정(안전),관망(C),"11,364원 ~ 11,586원","11,364","11,586","11,754","11,466",https://stock.naver.com/domestic/stock/004430/price
004800,효성,일반 주도주,C,--0.38%,C (유지),기존 등급 유지,"157,700",21.60%,X,1,0,397,-439,X,X,98.2%,적정(안전),관망(C),"157,660원 ~ 160,620원","157,660","160,620","156,390","174,752",https://stock.naver.com/domestic/stock/004800/price
005180,빙그레,엔터/미디어/소비재,C,--0.24%,C (유지),기존 등급 유지,"83,000",24.13%,X,1,0,"-27,977","46,436",X,X,96.4%,이격과도(눌림),관망(C),"84,800원 ~ 86,070원","84,800","86,070","78,282","74,564",https://stock.naver.com/domestic/stock/005180/price
005300,롯데칠성,일반 주도주,C,--0.63%,C (유지),기존 등급 유지,"94,900",15.96%,X,0,2,"-4,076",-707,X,X,98.7%,적정(안전),관망(C),"95,220원 ~ 96,190원","95,220","96,190","98,423","104,858",https://stock.naver.com/domestic/stock/005300/price
005380,현대차,자동차/모빌리티,C,+0.29%,C (유지),기존 등급 유지,"347,500",24.09%,X,0,0,"-196,057","-109,024",X,X,94.9%,이격과도(눌림),관망(C),"348,200원 ~ 366,350원","348,200","366,350","394,892","489,892",https://stock.naver.com/domestic/stock/005380/price
005440,현대지에프홀딩스,일반 주도주,C,--1.50%,C (유지),기존 등급 유지,"12,500",9.05%,X,0,0,"-460,155","28,291",X,X,97.2%,적정(안전),관망(C),"12,656원 ~ 12,864원","12,656","12,864","12,425","13,302",https://stock.naver.com/domestic/stock/005440/price
005490,POSCO홀딩스,2차전지/배터리,C,+1.93%,C (유지),기존 등급 유지,"317,000",32.16%,X,0,1,"-93,990","-4,112",X,X,98.2%,적정(안전),관망(C),"309,800원 ~ 322,800원","309,800","322,800","319,867","360,338",https://stock.naver.com/domestic/stock/005490/price
005810,풍산홀딩스,철강/소재/화학,C,--0.54%,C (유지),기존 등급 유지,"36,600",12.16%,X,3,0,"5,994","-3,103",X,X,98.3%,적정(안전),관망(C),"36,800원 ~ 37,230원","36,800","37,230","36,332","38,441",https://stock.naver.com/domestic/stock/005810/price
005830,DB손해보험,금융/지주,C,--0.16%,C (유지),기존 등급 유지,"182,500",43.49%,X,2,0,"10,701","-34,087",X,X,97.0%,적정(안전),관망(C),"184,960원 ~ 188,050원","184,960","188,050","175,200","165,026",https://stock.naver.com/domestic/stock/005830/price
005935,삼성전자우,IT/소프트웨어/AI,C,--1.54%,B -> C (하향),"20일선 이탈, 쌍끌이 매수 중단","197,900",75.46%,X,2,0,"-430,057","-693,790",X,O,99.0%,적정(안전),관망(C),"199,820원 ~ 200,560원","200,560","199,820","188,228","188,183",https://stock.naver.com/domestic/stock/005935/price
006040,동원산업,일반 주도주,C,--0.14%,C (유지),기존 등급 유지,"35,300",4.74%,X,1,0,"1,186","-7,824",X,X,96.9%,이격과도(눌림),관망(C),"35,420원 ~ 36,422원","35,420","36,422","36,223","35,985",https://stock.naver.com/domestic/stock/006040/price
006260,LS,IT/소프트웨어/AI,C,0.00%,C (유지),기존 등급 유지,"298,500",16.55%,X,1,0,"-47,945","-90,004",X,X,95.5%,이격과도(눌림),관망(C),"304,800원 ~ 312,475원","304,800","312,475","305,550","361,517",https://stock.naver.com/domestic/stock/006260/price
006360,GS건설,건설/인프라,C,--0.15%,C (유지),기존 등급 유지,"33,000",20.14%,X,5,0,"496,145","-799,184",X,X,92.5%,이격과도(눌림),관망(C),"33,550원 ~ 35,658원","33,550","35,658","32,708","32,560",https://stock.naver.com/domestic/stock/006360/price
006800,미래에셋증권,금융/지주,C,+1.11%,C (유지),기존 등급 유지,"32,000",11.78%,X,0,2,"195,769","124,165",X,X,97.8%,적정(안전),관망(C),"31,480원 ~ 32,710원","31,480","32,710","35,048","47,687",https://stock.naver.com/domestic/stock/006800/price
00680K,미래에셋증권2우B,금융/지주,C,0.00%,C (유지),기존 등급 유지,"10,200",23.52%,X,0,1,"-182,782","60,955",X,X,95.6%,이격과도(눌림),관망(C),"10,232원 ~ 10,669원","10,232","10,669","11,282","14,350",https://stock.naver.com/domestic/stock/00680K/price
007070,GS리테일,일반 주도주,C,+0.23%,C (유지),기존 등급 유지,"22,200",14.34%,X,0,0,"5,096","-71,025",X,X,93.1%,이격과도(눌림),관망(C),"22,390원 ~ 23,848원","22,390","23,848","25,316","24,843",https://stock.naver.com/domestic/stock/007070/price
007310,오뚜기,일반 주도주,C,--0.16%,C (유지),기존 등급 유지,"315,500",11.15%,X,0,2,"-1,381",228,X,X,97.7%,적정(안전),관망(C),"315,600원 ~ 322,825원","315,600","322,825","323,650","332,292",https://stock.naver.com/domestic/stock/007310/price
008770,호텔신라,엔터/미디어/소비재,C,--0.64%,C (유지),기존 등급 유지,"39,050",18.54%,X,0,0,"-226,600","-122,773",X,X,95.9%,이격과도(눌림),관망(C),"39,480원 ~ 40,730원","39,480","40,730","43,362","49,675",https://stock.naver.com/domestic/stock/008770/price
009420,한올바이오파마,바이오/헬스케어,C,+3.90%,C (유지),기존 등급 유지,"47,900",4.47%,X,0,0,"-25,095","-20,231",X,X,98.2%,적정(안전),관망(C),"45,960원 ~ 48,778원","45,960","48,778","52,369","52,274",https://stock.naver.com/domestic/stock/009420/price
009540,HD한국조선해양,조선/방산/중공업,C,--2.30%,C (유지),기존 등급 유지,"318,500",33.20%,X,0,1,"-33,306","27,423",X,X,93.6%,이격과도(눌림),관망(C),"324,000원 ~ 340,425원","324,000","340,425","354,558","383,154",https://stock.naver.com/domestic/stock/009540/price
009970,영원무역홀딩스,일반 주도주,C,+2.42%,C (유지),기존 등급 유지,"164,800",23.08%,X,0,3,"-4,326","2,127",X,X,98.4%,적정(안전),관망(C),"163,820원 ~ 167,550원","163,820","167,550","180,142","187,195",https://stock.naver.com/domestic/stock/009970/price
010140,삼성중공업,조선/방산/중공업,C,--1.25%,C (유지),기존 등급 유지,"19,710",27.78%,X,0,1,"208,729","-408,374",X,X,94.9%,이격과도(눌림),관망(C),"19,742원 ~ 20,760원","19,742","20,760","21,187","24,788",https://stock.naver.com/domestic/stock/010140/price
011210,현대위아,자동차/모빌리티,C,+0.94%,C (유지),기존 등급 유지,"53,700",19.20%,X,0,2,"-14,531","-1,506",X,X,97.6%,적정(안전),관망(C),"53,040원 ~ 55,040원","53,040","55,040","58,192","69,053",https://stock.naver.com/domestic/stock/011210/price
011780,금호석유화학,철강/소재/화학,C,+1.11%,C (유지),기존 등급 유지,"118,700",28.59%,X,0,0,"-1,122","-13,936",X,X,98.0%,적정(안전),관망(C),"116,600원 ~ 121,105원","116,600","121,105","121,220","126,508",https://stock.naver.com/domestic/stock/011780/price
012330,현대모비스,자동차/모빌리티,C,--0.78%,C (유지),기존 등급 유지,"380,500",37.67%,X,0,4,"-129,163","88,942",X,X,97.0%,적정(안전),관망(C),"379,800원 ~ 392,375원","379,800","392,375","452,042","497,262",https://stock.naver.com/domestic/stock/012330/price
012450,한화에어로스페이스,조선/방산/중공업,C,--4.10%,B -> C (하향),"20일선 이탈, 쌍끌이 매수 중단","1,028,000",45.26%,X,0,2,"-13,711","40,288",X,X,97.3%,적정(안전),관망(C),"1,031,400원 ~ 1,056,000원","1,031,400","1,056,000","1,032,817","1,138,558",https://stock.naver.com/domestic/stock/012450/price
012630,HDC,건설/인프라,C,--1.49%,C (유지),기존 등급 유지,"23,150",25.06%,X,1,0,"15,974","-35,449",X,X,90.7%,이격과도(눌림),관망(C),"24,430원 ~ 25,535원","24,430","25,535","22,772","23,170",https://stock.naver.com/domestic/stock/012630/price
014620,성광벤드,조선/방산/중공업,C,--0.82%,C (유지),기존 등급 유지,"30,200",33.20%,X,0,0,"-112,171","-117,008",X,X,93.8%,이격과도(눌림),관망(C),"30,830원 ~ 32,210원","30,830","32,210","28,594","31,770",https://stock.naver.com/domestic/stock/014620/price
014830,유니드,일반 주도주,C,--1.32%,C (유지),기존 등급 유지,"59,700",11.64%,X,0,5,"-6,142","4,920",X,X,96.6%,이격과도(눌림),관망(C),"60,320원 ~ 61,795원","60,320","61,795","62,163","69,002",https://stock.naver.com/domestic/stock/014830/price
015760,한국전력,전력/에너지/원자력,C,+0.83%,C (유지),기존 등급 유지,"30,300",20.46%,X,0,0,"-286,152","-268,009",X,X,96.4%,이격과도(눌림),관망(C),"30,120원 ~ 31,432원","30,120","31,432","33,090","36,871",https://stock.naver.com/domestic/stock/015760/price
017800,현대엘리베이터,일반 주도주,C,+0.27%,C (유지),기존 등급 유지,"73,000",21.66%,X,1,0,"-31,356","-23,998",X,X,98.6%,적정(안전),관망(C),"73,080원 ~ 74,015원","73,080","74,015","71,985","78,687",https://stock.naver.com/domestic/stock/017800/price
017960,한국카본,조선/방산/중공업,C,+0.24%,C (유지),기존 등급 유지,"20,600",12.84%,X,0,1,"-47,655","-1,664",X,X,97.2%,적정(안전),관망(C),"20,276원 ~ 21,184원","20,276","21,184","22,452","30,372",https://stock.naver.com/domestic/stock/017960/price
018260,삼성에스디에스,IT/소프트웨어/AI,C,--0.23%,C (유지),기존 등급 유지,"219,000",19.27%,X,5,0,"39,438","-11,045",X,X,98.2%,적정(안전),관망(C),"219,400원 ~ 223,125원","219,400","223,125","219,155","210,201",https://stock.naver.com/domestic/stock/018260/price
020120,키다리스튜디오,일반 주도주,C,--15.44%,B -> C (하향),"20일선 이탈, 쌍끌이 매수 중단","7,010",6.69%,X,0,0,"-70,380","22,148",X,X,86.3%,이격과도(눌림),관망(C),"8,050원 ~ 8,120원","8,050","8,120","5,480","4,512",https://stock.naver.com/domestic/stock/020120/price
023160,태광,조선/방산/중공업,C,--3.76%,B -> C (하향),"20일선 이탈, 쌍끌이 매수 중단","26,900",16.15%,X,0,2,"-231,888","83,333",X,X,98.6%,적정(안전),관망(C),"27,275원 ~ 27,830원","27,830","27,275","24,359","29,892",https://stock.naver.com/domestic/stock/023160/price
023530,롯데쇼핑,엔터/미디어/소비재,C,--2.25%,C (유지),기존 등급 유지,"99,800",13.05%,X,2,0,"45,811","-51,780",X,X,91.2%,이격과도(눌림),관망(C),"101,200원 ~ 109,475원","101,200","109,475","114,850","134,988",https://stock.naver.com/domestic/stock/023530/price
023590,다우기술,IT/소프트웨어/AI,C,+1.32%,C (유지),기존 등급 유지,"38,450",27.43%,X,0,0,"-2,317","-6,305",X,X,98.5%,적정(안전),관망(C),"38,190원 ~ 39,025원","38,190","39,025","38,168","40,268",https://stock.naver.com/domestic/stock/023590/price
024110,기업은행,금융/지주,C,0.00%,C (유지),기존 등급 유지,"20,200",13.45%,X,0,1,"-811,050","50,300",X,X,98.7%,적정(안전),관망(C),"20,320원 ~ 20,470원","20,320","20,470","20,573","20,947",https://stock.naver.com/domestic/stock/024110/price
025980,아난티,일반 주도주,C,--0.20%,C (유지),기존 등급 유지,"5,080",5.73%,X,0,0,"314,179","49,848",X,X,98.1%,적정(안전),관망(C),"4,954원 ~ 5,176원","4,954","5,176","4,547","5,135",https://stock.naver.com/domestic/stock/025980/price
028050,삼성E&A,건설/인프라,C,+0.52%,C (유지),기존 등급 유지,"48,000",37.73%,X,0,0,"-102,975","-203,940",X,X,96.8%,이격과도(눌림),관망(C),"47,790원 ~ 49,608원","47,790","49,608","46,892","48,841",https://stock.naver.com/domestic/stock/028050/price
028260,삼성물산,전력/에너지/원자력,C,--1.16%,C (유지),기존 등급 유지,"342,000",30.54%,X,2,0,"38,278","-18,916",X,X,95.1%,이격과도(눌림),관망(C),"344,800원 ~ 359,550원","344,800","359,550","356,417","380,104",https://stock.naver.com/domestic/stock/028260/price
029780,삼성카드,금융/지주,C,--0.36%,C (유지),기존 등급 유지,"41,800",5.08%,X,0,1,"-20,473","-14,727",X,X,94.6%,이격과도(눌림),관망(C),"42,170원 ~ 44,172원","42,170","44,172","46,320","48,110",https://stock.naver.com/domestic/stock/029780/price
030200,KT,IT/소프트웨어/AI,C,--0.39%,C (유지),기존 등급 유지,"51,700",49.00%,X,0,0,"-13,328","-215,515",X,X,97.6%,적정(안전),관망(C),"52,080원 ~ 52,980원","52,080","52,980","53,153","55,173",https://stock.naver.com/domestic/stock/030200/price
030610,교보증권,금융/지주,C,--0.20%,C (유지),기존 등급 유지,"9,890",0.99%,X,0,0,"-11,106","3,479",X,X,97.9%,적정(안전),관망(C),"9,936원 ~ 10,104원","9,936","10,104","9,923","11,039",https://stock.naver.com/domestic/stock/030610/price
031210,서울보증보험,금융/지주,C,--0.24%,C (유지),기존 등급 유지,"41,950",6.85%,X,0,0,"-46,501","2,716",X,X,98.2%,적정(안전),관망(C),"42,460원 ~ 42,698원","42,460","42,698","42,907","44,115",https://stock.naver.com/domestic/stock/031210/price
032350,롯데관광개발,일반 주도주,C,--0.37%,C (유지),기존 등급 유지,"10,840",19.64%,X,0,1,"-406,906","-89,689",X,X,91.9%,이격과도(눌림),관망(C),"11,292원 ~ 11,796원","11,292","11,796","12,417","15,294",https://stock.naver.com/domestic/stock/032350/price
032640,LG유플러스,IT/소프트웨어/AI,C,--0.07%,C (유지),기존 등급 유지,"14,540",40.95%,X,0,2,"-124,085","-21,487",X,X,98.9%,적정(안전),관망(C),"14,592원 ~ 14,704원","14,592","14,704","14,783","15,225",https://stock.naver.com/domestic/stock/032640/price
032820,우리기술,전력/에너지/원자력,C,+1.34%,C (유지),기존 등급 유지,"12,870",5.25%,X,1,0,"-105,352","38,786",X,X,99.2%,적정(안전),관망(C),"12,594원 ~ 12,973원","12,594","12,973","11,516","14,348",https://stock.naver.com/domestic/stock/032820/price
032830,삼성생명,금융/지주,C,--1.56%,C (유지),기존 등급 유지,"284,500",23.07%,X,0,2,"-27,856","-29,420",X,X,96.9%,이격과도(눌림),관망(C),"285,900원 ~ 293,725원","285,900","293,725","300,500","321,792",https://stock.naver.com/domestic/stock/032830/price
034020,두산에너빌리티,전력/에너지/원자력,C,+0.37%,C (유지),기존 등급 유지,"81,400",22.56%,X,0,0,"-812,628","-156,495",X,X,95.7%,이격과도(눌림),관망(C),"81,500원 ~ 85,100원","81,500","85,100","78,222","91,808",https://stock.naver.com/domestic/stock/034020/price
034120,SBS,엔터/미디어/소비재,C,+1.12%,C (유지),기존 등급 유지,"11,700",0.00%,X,0,0,0,312,X,X,98.4%,적정(안전),관망(C),"11,664원 ~ 11,886원","11,664","11,886","11,884","12,872",https://stock.naver.com/domestic/stock/034120/price
034220,LG디스플레이,IT/소프트웨어/AI,C,+0.12%,C (유지),기존 등급 유지,"8,580",26.54%,X,0,0,"413,568","-197,616",X,X,99.0%,적정(안전),관망(C),"8,470원 ~ 8,667원","8,470","8,667","9,404","11,366",https://stock.naver.com/domestic/stock/034220/price
034230,파라다이스,일반 주도주,C,+0.75%,C (유지),기존 등급 유지,"9,400",6.92%,X,0,0,"-106,496","-109,372",X,X,96.7%,이격과도(눌림),관망(C),"9,426원 ~ 9,722원","9,426","9,722","10,022","12,389",https://stock.naver.com/domestic/stock/034230/price
034310,NICE,일반 주도주,C,+1.11%,C (유지),기존 등급 유지,"11,870",8.81%,X,0,0,"-10,417","3,067",X,X,97.0%,적정(안전),관망(C),"11,958원 ~ 12,236원","11,958","12,236","12,520","12,636",https://stock.naver.com/domestic/stock/034310/price
035250,강원랜드,엔터/미디어/소비재,C,+0.07%,C (유지),기존 등급 유지,"14,300",8.90%,X,0,2,"-214,968","13,629",X,X,98.3%,적정(안전),관망(C),"14,322원 ~ 14,548원","14,322","14,548","14,516","15,138",https://stock.naver.com/domestic/stock/035250/price
035420,NAVER,IT/소프트웨어/AI,C,--0.31%,C (유지),기존 등급 유지,"191,600",35.52%,X,0,0,"-223,971","-358,121",X,X,95.0%,이격과도(눌림),관망(C),"192,820원 ~ 201,740원","192,820","201,740","206,783","211,794",https://stock.naver.com/domestic/stock/035420/price
035720,카카오,IT/소프트웨어/AI,C,+0.15%,C (유지),기존 등급 유지,"33,500",28.75%,X,0,0,"-248,984","-205,130",X,X,97.6%,적정(안전),관망(C),"33,570원 ~ 34,308원","33,570","34,308","35,933","39,103",https://stock.naver.com/domestic/stock/035720/price
035760,CJ ENM,엔터/미디어/소비재,C,--2.56%,C (유지),기존 등급 유지,"34,300",10.73%,X,0,0,"-24,989","-18,900",X,X,94.6%,이격과도(눌림),관망(C),"36,230원 ~ 36,252원","36,230","36,252","33,593","38,398",https://stock.naver.com/domestic/stock/035760/price
035890,서희건설,일반 주도주,C,--0.45%,C (유지),기존 등급 유지,"2,205",3.96%,X,2,0,"70,100","8,847",X,X,95.7%,이격과도(눌림),관망(C),"2,206원 ~ 2,305원","2,206","2,305","2,147","2,122",https://stock.naver.com/domestic/stock/035890/price
035900,JYP Ent.,엔터/미디어/소비재,C,+1.74%,C (유지),기존 등급 유지,"38,050",13.00%,X,0,0,"-87,792","23,830",X,X,98.6%,적정(안전),관망(C),"37,800원 ~ 38,585원","37,800","38,585","42,098","49,933",https://stock.naver.com/domestic/stock/035900/price
036530,SNT홀딩스,일반 주도주,C,--0.77%,C (유지),기존 등급 유지,"44,950",12.13%,X,0,0,"-4,428","-6,451",X,X,96.7%,이격과도(눌림),관망(C),"45,860원 ~ 46,478원","45,860","46,478","47,642","51,210",https://stock.naver.com/domestic/stock/036530/price
037270,YG PLUS,엔터/미디어/소비재,C,0.00%,C (유지),기존 등급 유지,"3,100",4.86%,X,1,0,"-5,900","8,180",X,X,99.2%,적정(안전),관망(C),"3,099원 ~ 3,126원","3,099","3,126","3,226","3,736",https://stock.naver.com/domestic/stock/037270/price
039130,하나투어,일반 주도주,C,+2.01%,C (유지),기존 등급 유지,"30,500",10.87%,X,0,0,"-17,893","-5,884",X,X,96.3%,이격과도(눌림),관망(C),"30,210원 ~ 31,658원","30,210","31,658","31,464","34,720",https://stock.naver.com/domestic/stock/039130/price
039490,키움증권,금융/지주,C,--2.70%,C (유지),기존 등급 유지,"252,500",29.95%,X,0,0,"1,583","6,145",X,X,95.2%,이격과도(눌림),관망(C),"255,600원 ~ 265,225원","255,600","265,225","282,850","338,371",https://stock.naver.com/domestic/stock/039490/price
041510,에스엠,엔터/미디어/소비재,C,--1.26%,C (유지),기존 등급 유지,"78,200",30.79%,X,0,2,"-26,914","5,014",X,X,95.1%,이격과도(눌림),관망(C),"80,180원 ~ 82,210원","80,180","82,210","75,922","80,015",https://stock.naver.com/domestic/stock/041510/price
041830,인바디,IT/소프트웨어/AI,C,+0.38%,C (유지),기존 등급 유지,"52,300",33.85%,X,5,0,"12,330","-23,148",X,X,92.8%,이격과도(눌림),관망(C),"52,820원 ~ 56,370원","52,820","56,370","57,162","49,222",https://stock.naver.com/domestic/stock/041830/price
042660,한화오션,조선/방산/중공업,C,--1.78%,C (유지),기존 등급 유지,"77,400",9.90%,X,0,0,"-144,659","-312,591",X,X,93.5%,이격과도(눌림),관망(C),"78,520원 ~ 82,785원","78,520","82,785","84,860","102,382",https://stock.naver.com/domestic/stock/042660/price
047040,대우건설,전력/에너지/원자력,C,+0.68%,C (유지),기존 등급 유지,"17,730",9.39%,X,0,0,"-6,045",453,X,X,95.7%,이격과도(눌림),관망(C),"17,724원 ~ 18,527원","17,724","18,527","16,963","21,456",https://stock.naver.com/domestic/stock/047040/price
048550,SM C&C,엔터/미디어/소비재,C,+0.19%,C (유지),기존 등급 유지,"1,034",2.81%,X,1,0,"51,765","-3,499",X,X,96.4%,이격과도(눌림),관망(C),"1,032원 ~ 1,073원","1,032","1,073","1,331","1,250",https://stock.naver.com/domestic/stock/048550/price
051900,LG생활건강,엔터/미디어/소비재,C,--2.21%,C (유지),기존 등급 유지,"265,000",31.50%,X,2,0,"4,632","-25,152",X,X,91.6%,이격과도(눌림),관망(C),"272,200원 ~ 289,225원","272,200","289,225","285,983","267,638",https://stock.naver.com/domestic/stock/051900/price
052400,코나아이,IT/소프트웨어/AI,C,--2.39%,B -> C (하향),"20일선 이탈, 쌍끌이 매수 중단","36,800",4.01%,X,0,0,"13,688","-10,985",X,X,98.8%,적정(안전),관망(C),"37,245원 ~ 37,750원","37,750","37,245","39,262","46,788",https://stock.naver.com/domestic/stock/052400/price
052690,한전기술,전력/에너지/원자력,C,+1.65%,C (유지),기존 등급 유지,"129,200",11.55%,X,1,0,"-1,158",-751,X,X,97.3%,적정(안전),관망(C),"125,560원 ~ 132,740원","125,560","132,740","110,133","128,400",https://stock.naver.com/domestic/stock/052690/price
055550,신한지주,금융/지주,C,--0.95%,C (유지),기존 등급 유지,"103,800",61.41%,X,0,5,"-618,548","381,598",X,X,93.8%,이격과도(눌림),관망(C),"106,220원 ~ 110,695원","106,220","110,695","107,378","102,953",https://stock.naver.com/domestic/stock/055550/price
058430,포스코스틸리온,철강/소재/화학,C,+1.42%,C (유지),기존 등급 유지,"4,650",3.39%,X,1,0,"-37,313","-31,647",X,X,99.1%,적정(안전),관망(C),"4,599원 ~ 4,692원","4,599","4,692","4,599","8,879",https://stock.naver.com/domestic/stock/058430/price
067160,SOOP,IT/소프트웨어/AI,C,+1.38%,C (유지),기존 등급 유지,"36,800",28.80%,X,1,0,"-5,113","-5,312",X,X,99.5%,적정(안전),관망(C),"36,460원 ~ 36,998원","36,460","36,998","41,290","46,865",https://stock.naver.com/domestic/stock/067160/price
069620,대웅제약,바이오/헬스케어,C,+0.28%,C (유지),기존 등급 유지,"109,300",14.52%,X,0,5,"-4,326","6,391",X,X,98.9%,적정(안전),관망(C),"108,280원 ~ 110,565원","108,280","110,565","119,700","126,896",https://stock.naver.com/domestic/stock/069620/price
069960,현대백화점,엔터/미디어/소비재,C,--1.35%,C (유지),기존 등급 유지,"87,600",25.01%,X,1,0,"6,190","-11,487",X,X,91.4%,이격과도(눌림),관망(C),"88,860원 ~ 95,870원","88,860","95,870","110,680","123,219",https://stock.naver.com/domestic/stock/069960/price
071055,한국금융지주우,금융/지주,C,--0.28%,C (유지),기존 등급 유지,"142,000",20.45%,X,0,1,924,-205,X,X,96.9%,이격과도(눌림),관망(C),"142,480원 ~ 146,500원","142,480","146,500","148,560","157,976",https://stock.naver.com/domestic/stock/071055/price
071970,HD현대마린엔진,조선/방산/중공업,C,--3.46%,C (유지),기존 등급 유지,"47,400",12.57%,X,1,0,"79,465","-27,041",X,X,94.5%,이격과도(눌림),관망(C),"48,230원 ~ 50,170원","48,230","50,170","53,716","66,152",https://stock.naver.com/domestic/stock/071970/price
075580,세진중공업,조선/방산/중공업,C,0.00%,C (유지),기존 등급 유지,"10,020",2.60%,X,5,0,"113,299","-1,077",X,X,98.6%,적정(안전),관망(C),"9,892원 ~ 10,158원","9,892","10,158","10,693","13,578",https://stock.naver.com/domestic/stock/075580/price
078930,GS,전력/에너지/원자력,C,--0.66%,C (유지),기존 등급 유지,"105,700",20.57%,X,0,0,"107,285","-189,447",X,X,92.8%,이격과도(눌림),관망(C),"105,660원 ~ 113,910원","105,660","113,910","104,727","89,202",https://stock.naver.com/domestic/stock/078930/price
081660,미스토홀딩스,일반 주도주,C,+0.26%,C (유지),기존 등급 유지,"39,050",40.40%,X,0,1,"-89,890","54,753",X,X,99.7%,적정(안전),관망(C),"38,360원 ~ 39,175원","38,360","39,175","42,478","41,565",https://stock.naver.com/domestic/stock/081660/price
082740,한화엔진,조선/방산/중공업,C,--2.16%,B -> C (하향),"20일선 이탈, 쌍끌이 매수 중단","47,550",14.62%,X,0,0,"331,198","163,608",X,X,97.7%,적정(안전),관망(C),"48,260원 ~ 48,688원","48,260","48,688","46,382","54,767",https://stock.naver.com/domestic/stock/082740/price
083650,비에이치아이,전력/에너지/원자력,C,--2.02%,C (유지),기존 등급 유지,"58,300",7.62%,X,0,0,"-77,556","-63,467",X,X,92.4%,이격과도(눌림),관망(C),"59,500원 ~ 63,090원","59,500","63,090","55,215","66,280",https://stock.naver.com/domestic/stock/083650/price
086790,하나금융지주,금융/지주,C,+0.08%,C (유지),기존 등급 유지,"129,200",68.52%,X,0,1,"18,441","-198,854",X,X,95.8%,이격과도(눌림),관망(C),"130,580원 ~ 134,845원","130,580","134,845","131,948","126,433",https://stock.naver.com/domestic/stock/086790/price
086900,메디톡스,반도체/소부장,C,+1.20%,C (유지),기존 등급 유지,"67,400",12.28%,X,0,0,"-4,201",-869,X,X,98.9%,적정(안전),관망(C),"67,180원 ~ 68,150원","67,180","68,150","70,772","82,384",https://stock.naver.com/domestic/stock/086900/price
087010,펩트론,바이오/헬스케어,C,+0.54%,C (유지),기존 등급 유지,"130,200",4.63%,X,0,0,"-32,955","-2,688",X,X,90.0%,이격과도(눌림),관망(C),"132,940원 ~ 144,735원","132,940","144,735","152,007","198,249",https://stock.naver.com/domestic/stock/087010/price
088980,맥쿼리인프라,건설/인프라,C,--0.31%,C (유지),기존 등급 유지,"9,760",7.57%,X,0,5,"-576,505","496,053",X,X,99.3%,적정(안전),관망(C),"9,812원 ~ 9,830원","9,812","9,830","9,894","10,443",https://stock.naver.com/domestic/stock/088980/price
090430,아모레퍼시픽,엔터/미디어/소비재,C,--0.30%,C (유지),기존 등급 유지,"132,300",26.05%,X,0,0,"-20,509","-30,075",X,X,94.0%,이격과도(눌림),관망(C),"136,400원 ~ 140,710원","136,400","140,710","134,555","127,368",https://stock.naver.com/domestic/stock/090430/price
093320,케이아이엔엑스,일반 주도주,C,+2.14%,C (유지),기존 등급 유지,"128,700",43.70%,X,0,1,"-1,908",12,X,X,94.7%,이격과도(눌림),관망(C),"128,040원 ~ 135,870원","128,040","135,870","138,285","125,532",https://stock.naver.com/domestic/stock/093320/price
100840,SNT에너지,전력/에너지/원자력,C,--4.82%,C (유지),기존 등급 유지,"34,550",0.90%,X,1,0,"-10,829","-28,164",X,X,93.6%,이격과도(눌림),관망(C),"36,450원 ~ 36,928원","36,450","36,928","30,493","36,930",https://stock.naver.com/domestic/stock/100840/price
103140,풍산,조선/방산/중공업,C,--4.64%,B -> C (하향),"20일선 이탈, 쌍끌이 매수 중단","76,100",12.99%,X,1,0,"36,351","-22,051",X,X,97.6%,적정(안전),관망(C),"77,740원 ~ 78,010원","77,740","78,010","74,772","79,443",https://stock.naver.com/domestic/stock/103140/price
105560,KB금융,금융/지주,C,0.00%,C (유지),기존 등급 유지,"167,400",78.58%,X,0,2,"-369,270","91,083",X,X,96.1%,이격과도(눌림),관망(C),"169,240원 ~ 174,155원","169,240","174,155","172,033","165,168",https://stock.naver.com/domestic/stock/105560/price
111770,영원무역,엔터/미디어/소비재,C,+4.64%,C (유지),기존 등급 유지,"69,900",29.20%,X,0,0,"-19,003","-22,785",X,X,97.3%,적정(안전),관망(C),"69,320원 ~ 71,830원","69,320","71,830","79,560","80,327",https://stock.naver.com/domestic/stock/111770/price
122870,와이지엔터테인먼트,엔터/미디어/소비재,C,+0.49%,C (유지),기존 등급 유지,"40,850",9.06%,X,0,0,"-66,375","-6,082",X,X,95.0%,이격과도(눌림),관망(C),"41,840원 ~ 42,980원","41,840","42,980","41,141","44,419",https://stock.naver.com/domestic/stock/122870/price
122900,아이마켓코리아,일반 주도주,C,--0.12%,C (유지),기존 등급 유지,"8,190",3.83%,X,2,0,"4,074","2,888",X,X,99.6%,적정(안전),관망(C),"8,224원 ~ 8,226원","8,224","8,226","7,855","7,640",https://stock.naver.com/domestic/stock/122900/price
123330,제닉,엔터/미디어/소비재,C,--0.46%,C (유지),기존 등급 유지,"21,600",4.89%,X,2,0,"61,099","-22,066",X,X,86.2%,이격과도(눌림),관망(C),"22,560원 ~ 25,068원","22,560","25,068","27,118","25,785",https://stock.naver.com/domestic/stock/123330/price
123890,한국자산신탁,일반 주도주,C,+1.67%,C (유지),기존 등급 유지,"2,430",5.71%,X,0,0,"-14,331","-23,761",X,X,97.9%,적정(안전),관망(C),"2,423원 ~ 2,482원","2,423","2,482","2,398","2,405",https://stock.naver.com/domestic/stock/123890/price
124500,아이티센글로벌,IT/소프트웨어/AI,C,+2.56%,C (유지),기존 등급 유지,"30,000",3.30%,X,5,0,"56,832","-63,714",X,X,97.8%,적정(안전),관망(C),"29,270원 ~ 30,665원","29,270","30,665","27,651","35,523",https://stock.naver.com/domestic/stock/124500/price
130660,한전산업,전력/에너지/원자력,C,+0.57%,C (유지),기존 등급 유지,"12,420",2.28%,X,5,0,"32,849","-2,464",X,X,97.4%,적정(안전),관망(C),"12,328원 ~ 12,756원","12,328","12,756","11,741","13,694",https://stock.naver.com/domestic/stock/130660/price
136490,선진,일반 주도주,C,--0.10%,C (유지),기존 등급 유지,"10,100",7.54%,X,0,0,"-17,519","8,549",X,X,96.8%,이격과도(눌림),관망(C),"10,060원 ~ 10,435원","10,060","10,435","10,153","10,115",https://stock.naver.com/domestic/stock/136490/price
141080,리가켐바이오,바이오/헬스케어,C,+2.19%,C (유지),기존 등급 유지,"84,100",13.32%,X,0,3,"-96,867","79,539",X,X,99.8%,적정(안전),관망(C),"82,620원 ~ 84,310원","82,620","84,310","96,753","130,052",https://stock.naver.com/domestic/stock/141080/price
145020,휴젤,바이오/헬스케어,C,+0.78%,C (유지),기존 등급 유지,"181,500",56.50%,X,0,0,"-12,345","-3,447",X,X,85.5%,이격과도(눌림),관망(C),"181,220원 ~ 212,345원","181,220","212,345","235,257","246,920",https://stock.naver.com/domestic/stock/145020/price
161390,한국타이어앤테크놀로지,자동차/모빌리티,C,+0.50%,C (유지),기존 등급 유지,"60,200",39.50%,X,0,1,"70,618","-113,189",X,X,99.3%,적정(안전),관망(C),"59,520원 ~ 60,605원","59,520","60,605","66,133","65,198",https://stock.naver.com/domestic/stock/161390/price
161890,한국콜마,엔터/미디어/소비재,C,+0.66%,C (유지),기존 등급 유지,"137,500",40.66%,X,0,0,"-90,451","-134,466",X,X,95.2%,이격과도(눌림),관망(C),"143,160원 ~ 144,435원","143,160","144,435","127,847","109,038",https://stock.naver.com/domestic/stock/161890/price
175330,JB금융지주,금융/지주,C,--1.21%,C (유지),기존 등급 유지,"28,650",33.57%,X,0,1,"-167,611","32,866",X,X,92.7%,이격과도(눌림),관망(C),"29,170원 ~ 30,902원","29,170","30,902","28,693","27,660",https://stock.naver.com/domestic/stock/175330/price
180640,한진칼,금융/지주,C,+0.76%,C (유지),기존 등급 유지,"133,300",18.87%,X,0,0,"8,332","-8,089",X,X,95.8%,이격과도(눌림),관망(C),"133,260원 ~ 139,125원","133,260","139,125","125,882","121,240",https://stock.naver.com/domestic/stock/180640/price
181710,NHN,IT/소프트웨어/AI,C,+1.23%,C (유지),기존 등급 유지,"57,800",14.69%,X,0,2,-229,"-8,321",X,X,99.7%,적정(안전),관망(C),"56,280원 ~ 57,960원","56,280","57,960","53,423","46,715",https://stock.naver.com/domestic/stock/181710/price
185750,종근당,일반 주도주,C,+0.77%,C (유지),기존 등급 유지,"65,700",15.41%,X,0,1,"-2,289","-3,030",X,X,99.7%,적정(안전),관망(C),"64,940원 ~ 65,930원","64,940","65,930","67,402","72,827",https://stock.naver.com/domestic/stock/185750/price
192080,더블유게임즈,IT/소프트웨어/AI,C,--2.05%,B -> C (하향),"20일선 이탈, 쌍끌이 매수 중단","57,300",21.45%,X,1,0,"5,885","-7,201",X,X,99.2%,적정(안전),관망(C),"57,750원 ~ 57,940원","57,940","57,750","59,352","60,602",https://stock.naver.com/domestic/stock/192080/price
192400,쿠쿠홀딩스,일반 주도주,C,--0.56%,C (유지),기존 등급 유지,"26,750",10.70%,X,1,0,"-5,752","-1,740",X,X,98.1%,적정(안전),관망(C),"27,000원 ~ 27,258원","27,000","27,258","26,807","26,751",https://stock.naver.com/domestic/stock/192400/price
196170,알테오젠,바이오/헬스케어,C,+0.96%,C (유지),기존 등급 유지,"262,000",15.39%,X,0,0,"26,728","150,893",X,X,99.5%,적정(안전),관망(C),"259,200원 ~ 263,225원","259,200","263,225","290,733","323,842",https://stock.naver.com/domestic/stock/196170/price
207940,삼성바이오로직스,바이오/헬스케어,C,--2.95%,C (유지),기존 등급 유지,"1,314,000",13.16%,X,0,0,"-19,253","-1,335",X,X,93.5%,이격과도(눌림),관망(C),"1,377,200원 ~ 1,405,300원","1,377,200","1,405,300","1,461,367","1,443,833",https://stock.naver.com/domestic/stock/207940/price
211050,인카금융서비스,금융/지주,C,+0.31%,C (유지),기존 등급 유지,"9,680",2.33%,X,1,0,"-62,721","13,966",X,X,94.3%,이격과도(눌림),관망(C),"9,730원 ~ 10,268원","9,730","10,268","10,334","10,314",https://stock.naver.com/domestic/stock/211050/price
214320,이노션,일반 주도주,C,--0.61%,C (유지),기존 등급 유지,"18,000",19.28%,X,0,0,"-46,664","29,040",X,X,98.2%,적정(안전),관망(C),"18,162원 ~ 18,325원","18,162","18,325","18,734","19,135",https://stock.naver.com/domestic/stock/214320/price
214450,파마리서치,바이오/헬스케어,C,--0.49%,C (유지),기존 등급 유지,"304,500",13.31%,X,4,0,"73,055","-139,840",X,X,90.9%,이격과도(눌림),관망(C),"310,100원 ~ 334,900원","310,100","334,900","364,025","337,521",https://stock.naver.com/domestic/stock/214450/price
225570,넥슨게임즈,IT/소프트웨어/AI,C,+0.74%,C (유지),기존 등급 유지,"10,930",2.36%,X,0,2,"-58,968","76,302",X,X,97.6%,적정(안전),관망(C),"10,748원 ~ 11,200원","10,748","11,200","9,946","10,232",https://stock.naver.com/domestic/stock/225570/price
241560,두산밥캣,일반 주도주,C,0.00%,C (유지),기존 등급 유지,"55,200",38.81%,X,0,1,"-4,279","-54,441",X,X,92.9%,이격과도(눌림),관망(C),"55,200원 ~ 59,390원","55,200","59,390","61,293","64,638",https://stock.naver.com/domestic/stock/241560/price
241710,코스메카코리아,엔터/미디어/소비재,C,--0.18%,C (유지),기존 등급 유지,"109,800",25.06%,X,1,0,"12,215","-58,885",X,X,87.5%,이격과도(눌림),관망(C),"116,240원 ~ 125,445원","116,240","125,445","112,090","94,384",https://stock.naver.com/domestic/stock/241710/price
251270,넷마블,IT/소프트웨어/AI,C,--2.55%,B -> C (하향),"20일선 이탈, 쌍끌이 매수 중단","34,450",14.03%,X,3,0,"73,654","-46,546",X,X,98.5%,적정(안전),관망(C),"34,720원 ~ 34,978원","34,720","34,978","36,788","40,296",https://stock.naver.com/domestic/stock/251270/price
257720,실리콘투,엔터/미디어/소비재,C,--1.62%,C (유지),기존 등급 유지,"36,500",11.90%,X,1,0,"-213,348","-92,040",X,X,87.4%,이격과도(눌림),관망(C),"37,730원 ~ 41,775원","37,730","41,775","41,412","40,385",https://stock.naver.com/domestic/stock/257720/price
259960,크래프톤,IT/소프트웨어/AI,C,+0.35%,C (유지),기존 등급 유지,"199,800",43.42%,X,5,0,"32,354","-42,082",X,X,97.3%,적정(안전),관망(C),"198,340원 ~ 205,285원","198,340","205,285","224,087","238,710",https://stock.naver.com/domestic/stock/259960/price
263750,펄어비스,IT/소프트웨어/AI,C,--1.05%,C (유지),기존 등급 유지,"33,050",5.16%,X,4,0,"93,850","10,247",X,X,96.7%,이격과도(눌림),관망(C),"33,000원 ~ 34,182원","33,000","34,182","33,648","40,143",https://stock.naver.com/domestic/stock/263750/price
267250,HD현대,전력/에너지/원자력,C,--2.69%,C (유지),기존 등급 유지,"195,600",26.56%,X,1,0,"-29,543","-34,341",X,X,88.1%,이격과도(눌림),관망(C),"200,240원 ~ 221,985원","200,240","221,985","215,257","236,430",https://stock.naver.com/domestic/stock/267250/price
267260,HD현대일렉트릭,전력/에너지/원자력,C,+0.88%,C (유지),기존 등급 유지,"684,000",33.92%,X,2,0,"-1,217","-41,495",X,X,95.8%,이격과도(눌림),관망(C),"678,000원 ~ 713,650원","678,000","713,650","744,150","920,492",https://stock.naver.com/domestic/stock/267260/price
267270,HD건설기계,자동차/모빌리티,C,+0.25%,C (유지),기존 등급 유지,"118,200",15.61%,X,1,0,"14,423","-416,775",X,X,88.3%,이격과도(눌림),관망(C),"121,160원 ~ 133,820원","121,160","133,820","131,678","143,911",https://stock.naver.com/domestic/stock/267270/price
271560,오리온,전력/에너지/원자력,C,+0.76%,C (유지),기존 등급 유지,"106,100",38.90%,X,1,0,"-22,098","-56,847",X,X,93.2%,이격과도(눌림),관망(C),"107,080원 ~ 113,820원","107,080","113,820","125,157","130,355",https://stock.naver.com/domestic/stock/271560/price
272450,진에어,일반 주도주,C,--0.51%,C (유지),기존 등급 유지,"5,840",1.28%,X,0,1,"-23,151","-2,587",X,X,97.3%,적정(안전),관망(C),"5,936원 ~ 6,001원","5,936","6,001","5,557","5,818",https://stock.naver.com/domestic/stock/272450/price
278470,에이피알,엔터/미디어/소비재,C,--1.50%,C (유지),기존 등급 유지,"360,500",38.40%,X,4,0,"48,978","-33,368",X,X,98.2%,적정(안전),관망(C),"364,100원 ~ 366,975원","364,100","366,975","378,325","391,088",https://stock.naver.com/domestic/stock/278470/price
279570,케이뱅크,금융/지주,C,+2.41%,C (유지),기존 등급 유지,"5,520",1.60%,X,1,0,"-171,262","-126,137",X,X,99.7%,적정(안전),관망(C),"5,434원 ~ 5,536원","5,434","5,536","5,645","5,820",https://stock.naver.com/domestic/stock/279570/price
280360,롯데웰푸드,일반 주도주,C,0.00%,C (유지),기존 등급 유지,"119,400",13.96%,X,1,0,177,"-6,203",X,X,90.9%,이격과도(눌림),관망(C),"121,600원 ~ 131,355원","121,600","131,355","121,745","116,396",https://stock.naver.com/domestic/stock/280360/price
282330,BGF리테일,엔터/미디어/소비재,C,--0.23%,C (유지),기존 등급 유지,"127,600",40.19%,X,0,1,213,"-3,799",X,X,91.9%,이격과도(눌림),관망(C),"128,920원 ~ 138,825원","128,920","138,825","136,047","132,349",https://stock.naver.com/domestic/stock/282330/price
294870,IPARK현대산업개발,건설/인프라,C,--1.57%,C (유지),기존 등급 유지,"22,000",17.65%,X,0,0,"-94,657","19,666",X,X,93.9%,이격과도(눌림),관망(C),"22,650원 ~ 23,440원","22,650","23,440","21,740","21,460",https://stock.naver.com/domestic/stock/294870/price
298040,효성중공업,전력/에너지/원자력,C,+0.50%,C (유지),기존 등급 유지,"2,799,000",27.13%,X,0,0,"-6,599","-7,337",X,X,98.6%,적정(안전),관망(C),"2,800,000원 ~ 2,839,400원","2,800,000","2,839,400","2,774,967","3,178,775",https://stock.naver.com/domestic/stock/298040/price
298380,에이비엘바이오,바이오/헬스케어,C,+2.53%,C (유지),기존 등급 유지,"52,700",14.95%,X,0,0,"-48,284","52,528",X,X,90.2%,이격과도(눌림),관망(C),"51,210원 ~ 58,445원","51,210","58,445","70,443","95,107",https://stock.naver.com/domestic/stock/298380/price
300720,한일시멘트,건설/인프라,C,+0.06%,C (유지),기존 등급 유지,"16,060",4.47%,X,0,3,"-14,570","14,425",X,X,98.3%,적정(안전),관망(C),"16,108원 ~ 16,340원","16,108","16,340","15,348","15,396",https://stock.naver.com/domestic/stock/300720/price
316140,우리금융지주,금융/지주,C,--0.30%,C (유지),기존 등급 유지,"33,400",52.12%,X,0,2,"17,617,215","812,867",X,X,95.2%,이격과도(눌림),관망(C),"34,370원 ~ 35,092원","34,370","35,092","33,387","32,577",https://stock.naver.com/domestic/stock/316140/price
319400,현대무벡스,건설/인프라,C,+1.44%,C (유지),기존 등급 유지,"21,100",3.90%,X,0,2,"-367,343","44,530",X,X,98.3%,적정(안전),관망(C),"20,760원 ~ 21,462원","20,760","21,462","22,224","27,560",https://stock.naver.com/domestic/stock/319400/price
323410,카카오뱅크,금융/지주,C,+1.78%,C (유지),기존 등급 유지,"20,050",17.14%,X,0,2,"-850,326","-13,470",X,X,96.4%,이격과도(눌림),관망(C),"19,960원 ~ 20,805원","19,960","20,805","21,574","22,380",https://stock.naver.com/domestic/stock/323410/price
326030,SK바이오팜,바이오/헬스케어,C,+1.19%,C (유지),기존 등급 유지,"76,700",11.77%,X,0,3,"-41,691","7,325",X,X,97.1%,적정(안전),관망(C),"75,800원 ~ 78,995원","75,800","78,995","81,678","87,888",https://stock.naver.com/domestic/stock/326030/price
329180,HD현대중공업,조선/방산/중공업,C,--1.29%,C (유지),기존 등급 유지,"420,500",13.78%,X,1,0,"50,412","-107,748",X,X,93.9%,이격과도(눌림),관망(C),"428,700원 ~ 447,775원","428,700","447,775","466,933","547,738",https://stock.naver.com/domestic/stock/329180/price
334890,이지스밸류플러스리츠,건설/인프라,C,--1.10%,C (유지),기존 등급 유지,"3,595",2.15%,X,0,5,"-29,346","38,087",X,X,98.3%,적정(안전),관망(C),"3,643원 ~ 3,658원","3,643","3,658","3,636","3,730",https://stock.naver.com/domestic/stock/334890/price
352820,하이브,IT/소프트웨어/AI,C,+1.03%,C (유지),기존 등급 유지,"156,900",17.98%,X,0,0,"-24,884","-28,655",X,X,94.1%,이격과도(눌림),관망(C),"157,020원 ~ 166,780원","157,020","166,780","180,963","205,330",https://stock.naver.com/domestic/stock/352820/price
357120,코람코라이프인프라리츠,건설/인프라,C,--0.48%,C (유지),기존 등급 유지,"4,110",1.60%,X,0,1,"6,164","-62,922",X,X,99.5%,적정(안전),관망(C),"4,132원 ~ 4,157원","4,157","4,132","4,161","4,256",https://stock.naver.com/domestic/stock/357120/price
375500,DL이앤씨,전력/에너지/원자력,C,--1.20%,C (유지),기존 등급 유지,"74,100",23.75%,X,5,0,"13,027","-79,881",X,X,91.1%,이격과도(눌림),관망(C),"76,520원 ~ 81,320원","76,520","81,320","71,395","76,540",https://stock.naver.com/domestic/stock/375500/price
377190,디앤디플랫폼리츠,건설/인프라,C,+0.25%,C (유지),기존 등급 유지,"2,000",2.58%,X,0,2,"-191,143","72,089",X,X,92.0%,이격과도(눌림),관망(C),"2,004원 ~ 2,174원","2,004","2,174","2,120","2,361",https://stock.naver.com/domestic/stock/377190/price
381970,KG모빌리티플랫폼,일반 주도주,C,--0.32%,C (유지),기존 등급 유지,"6,300",7.53%,X,1,0,"-16,021","10,950",X,X,98.3%,적정(안전),관망(C),"6,308원 ~ 6,411원","6,308","6,411","6,902","8,229",https://stock.naver.com/domestic/stock/381970/price
394420,리센스메디컬,일반 주도주,C,+1.26%,C (유지),기존 등급 유지,"8,870",3.97%,X,0,0,"-20,718","-91,093",X,X,94.1%,이격과도(눌림),관망(C),"9,086원 ~ 9,426원","9,086","9,426","10,768","17,150",https://stock.naver.com/domestic/stock/394420/price
415640,KB발해인프라,건설/인프라,C,--0.59%,C (유지),기존 등급 유지,"10,040",3.34%,X,0,2,"-31,265",-508,X,X,97.1%,적정(안전),관망(C),"10,048원 ~ 10,336원","10,048","10,336","10,464","10,216",https://stock.naver.com/domestic/stock/415640/price
443060,HD현대마린솔루션,조선/방산/중공업,C,--3.43%,B -> C (하향),"20일선 이탈, 쌍끌이 매수 중단","225,500",30.43%,X,3,0,"31,258","-20,712",X,X,97.2%,적정(안전),관망(C),"231,975원 ~ 234,200원","234,200","231,975","210,435","219,224",https://stock.naver.com/domestic/stock/443060/price
448730,삼성FN리츠,건설/인프라,C,+0.40%,C (유지),기존 등급 유지,"5,050",0.74%,X,0,5,"-20,629","51,662",X,X,98.3%,적정(안전),관망(C),"4,992원 ~ 5,137원","4,992","5,137","5,341","5,515",https://stock.naver.com/domestic/stock/448730/price
453340,현대그린푸드,일반 주도주,C,--0.69%,C (유지),기존 등급 유지,"18,780",15.57%,X,1,0,"-15,708","3,155",X,O,99.2%,적정(안전),관망(C),"18,926원 ~ 18,952원","18,952","18,926","18,619","17,836",https://stock.naver.com/domestic/stock/453340/price
462870,시프트업,IT/소프트웨어/AI,C,--0.81%,C (유지),기존 등급 유지,"30,750",36.75%,X,0,1,"-10,247",-567,X,X,98.1%,적정(안전),관망(C),"30,970원 ~ 31,335원","30,970","31,335","31,912","32,011",https://stock.naver.com/domestic/stock/462870/price
473980,노머스,엔터/미디어/소비재,C,--0.19%,C (유지),기존 등급 유지,"10,250",2.10%,X,5,0,"12,218","-11,930",X,X,95.7%,이격과도(눌림),관망(C),"10,250원 ~ 10,712원","10,250","10,712","10,938","12,883",https://stock.naver.com/domestic/stock/473980/price
475150,SK이터닉스,전력/에너지/원자력,C,+1.21%,C (유지),기존 등급 유지,"50,300",4.03%,X,0,0,"-51,410","-59,530",X,X,99.0%,적정(안전),관망(C),"49,920원 ~ 50,810원","49,920","50,810","52,628","50,337",https://stock.naver.com/domestic/stock/475150/price
499790,GS피앤엘,일반 주도주,C,--0.52%,C (유지),기존 등급 유지,"37,950",11.00%,X,2,0,"36,697","-51,838",X,X,96.8%,이격과도(눌림),관망(C),"38,460원 ~ 39,215원","38,460","39,215","40,245","43,363",https://stock.naver.com/domestic/stock/499790/price
