종목코드,종목명,섹터,투자등급,등락률,등급변동,변동이유,현재가,외국인보유율,쌍끌이여부,외국인연속매수(일),기관연속매수(일),최근3일외인순매수,최근3일기관순매수,20일선위,정배열여부,20일이격도,과열여부,추세단계,추천매수가,MA5,MA20,MA60,MA120,상세페이지
000640,동아쏘시오홀딩스,일반 주도주,A+,+2.04%,B -> A+ (상향),"정배열 달성(5>=20>=60>=120일), 외인/기관 쌍끌이 유입","94,900",17.07%,O,2,1,"-1,573","3,210",O,O,101.9%,적정(안전),정배열가속(A+),"93,115원 ~ 93,960원","93,960","93,115","89,873","89,640",https://stock.naver.com/domestic/stock/000640/price
001820,삼화콘덴서,일반 주도주,A+,0.00%,B -> A+ (상향),"정배열 달성(5>=20>=60>=120일), 외인/기관 쌍끌이 유입","158,800",9.59%,O,2,1,"21,220","-74,420",O,O,112.1%,상승과열,고점지속(A+),"141,715원 ~ 157,380원","157,380","141,715","107,943","104,534",https://stock.naver.com/domestic/stock/001820/price
002960,한국쉘석유,일반 주도주,A+,+1.33%,B -> A+ (상향),"정배열 달성(5>=20>=60>=120일), 외인/기관 쌍끌이 유입","534,000",58.53%,O,2,5,357,284,O,O,104.5%,적정(안전),정배열가속(A+),"510,975원 ~ 521,600원","521,600","510,975","505,917","501,379",https://stock.naver.com/domestic/stock/002960/price
006120,SK디스커버리,일반 주도주,A+,+7.99%,A+ (유지),기존 등급 유지,"71,600",14.18%,O,1,1,"50,254","15,916",O,O,118.7%,단기과열(경계),단기과열 (추격금지),"60,295원 ~ 67,340원","67,340","60,295","54,728","53,580",https://stock.naver.com/domestic/stock/006120/price
008930,한미사이언스,바이오/헬스케어,A+,+14.93%,A+ (유지),기존 등급 유지,"66,200",1.32%,O,5,5,"69,669","42,295",O,O,124.2%,단기과열(경계),단기과열 (추격금지),"53,308원 ~ 56,980원","56,980","53,308","44,788","39,225",https://stock.naver.com/domestic/stock/008930/price
020560,아시아나항공,일반 주도주,A+,--0.48%,B -> A+ (상향),"정배열 달성(5>=20>=60>=120일), 외인/기관 쌍끌이 유입","8,230",3.92%,O,1,2,"-11,786","35,805",O,O,101.9%,적정(안전),정배열가속(A+),"8,080원 ~ 8,314원","8,314","8,080","7,466","7,350",https://stock.naver.com/domestic/stock/020560/price
028670,팬오션,조선/방산/중공업,A+,+3.33%,A+ (유지),기존 등급 유지,"6,200",17.44%,O,1,1,"880,124","1,120,979",O,O,105.0%,적정(안전),정배열가속(A+),"5,902원 ~ 6,016원","6,016","5,902","5,660","5,529",https://stock.naver.com/domestic/stock/028670/price
031980,피에스케이홀딩스,반도체/소부장,A+,+2.28%,B -> A+ (상향),"정배열 달성(5>=20>=60>=120일), 외인/기관 쌍끌이 유입","201,500",7.01%,O,2,1,"23,490","-42,725",O,O,119.1%,단기과열(경계),단기과열 (추격금지),"169,255원 ~ 193,160원","193,160","169,255","133,642","129,002",https://stock.naver.com/domestic/stock/031980/price
085620,미래에셋생명,금융/지주,A+,+11.03%,B -> A+ (상향),"정배열 달성(5>=20>=60>=120일), 외인/기관 쌍끌이 유입","22,650",0.74%,O,4,2,"88,178","11,330",O,O,114.9%,상승과열,고점지속(A+),"19,714원 ~ 20,130원","20,130","19,714","19,355","19,250",https://stock.naver.com/domestic/stock/085620/price
089860,롯데렌탈,일반 주도주,A+,+0.20%,B -> A+ (상향),"정배열 달성(5>=20>=60>=120일), 외인/기관 쌍끌이 유입","51,100",6.23%,O,1,2,"16,966","5,515",O,O,103.0%,적정(안전),정배열가속(A+),"49,600원 ~ 50,900원","50,900","49,600","44,500","37,951",https://stock.naver.com/domestic/stock/089860/price
096530,씨젠,바이오/헬스케어,A+,+4.16%,B -> A+ (상향),"정배열 달성(5>=20>=60>=120일), 외인/기관 쌍끌이 유입","38,800",23.40%,O,5,2,"224,035","79,355",O,O,114.8%,상승과열,고점지속(A+),"33,798원 ~ 37,180원","37,180","33,798","31,013","29,440",https://stock.naver.com/domestic/stock/096530/price
096770,SK이노베이션,2차전지/배터리,A+,+0.95%,A+ (유지),기존 등급 유지,"159,500",16.66%,O,3,3,"677,696","186,262",O,O,109.6%,상승과열,정배열가속(A+),"145,510원 ~ 151,560원","151,560","145,510","128,200","122,678",https://stock.naver.com/domestic/stock/096770/price
281820,케이씨텍,반도체/소부장,A+,+11.82%,B -> A+ (상향),"정배열 달성(5>=20>=60>=120일), 외인/기관 쌍끌이 유입","120,100",13.84%,O,2,3,"36,905","202,763",O,O,149.0%,단기과열(경계),단기과열 (추격금지),"80,625원 ~ 99,740원","99,740","80,625","76,073","74,620",https://stock.naver.com/domestic/stock/281820/price
000240,한국앤컴퍼니,금융/지주,A,--0.40%,A (유지),기존 등급 유지,"25,200",8.79%,O,1,5,"9,850","12,760",O,X,101.9%,적정(안전),수급우량(A),"24,740원 ~ 25,230원","25,230","24,740","24,832","24,821",https://stock.naver.com/domestic/stock/000240/price
002790,아모레퍼시픽홀딩스,엔터/미디어/소비재,A,+3.35%,C -> A (상향),"20일선 돌파, 외인/기관 쌍끌이 유입","26,200",14.70%,O,3,1,"93,058","-74,803",O,X,100.3%,적정(안전),수급우량(A),"25,690원 ~ 26,112원","25,690","26,112","25,761","25,355",https://stock.naver.com/domestic/stock/002790/price
004430,송원산업,일반 주도주,A,+2.08%,C -> A (상향),"20일선 돌파, 외인/기관 쌍끌이 유입","11,780",15.54%,O,3,2,"79,026","21,508",O,X,101.7%,적정(안전),수급우량(A),"11,468원 ~ 11,581원","11,468","11,581","11,746","11,488",https://stock.naver.com/domestic/stock/004430/price
006280,녹십자,바이오/헬스케어,A,+2.27%,B -> A (상향),"20일선 돌파, 외인/기관 쌍끌이 유입","130,400",23.96%,O,2,1,"-1,459",779,O,X,103.7%,적정(안전),수급우량(A),"125,790원 ~ 127,320원","127,320","125,790","124,583","129,133",https://stock.naver.com/domestic/stock/006280/price
006400,삼성SDI,2차전지/배터리,A,--3.13%,A (유지),기존 등급 유지,"557,000",25.98%,O,3,5,"204,580","190,018",O,X,103.2%,적정(안전),수급우량(A),"538,600원 ~ 539,600원","538,600","539,600","490,242","530,462",https://stock.naver.com/domestic/stock/006400/price
009970,영원무역홀딩스,일반 주도주,A,+4.00%,C -> A (상향),"20일선 돌파, 외인/기관 쌍끌이 유입","168,900",23.09%,O,1,1,"-1,063","2,090",O,X,100.9%,적정(안전),수급우량(A),"164,060원 ~ 167,330원","164,060","167,330","179,830","186,724",https://stock.naver.com/domestic/stock/009970/price
011790,SKC,2차전지/배터리,A,--3.22%,B -> A (상향),"20일선 돌파, 외인/기관 쌍끌이 유입","108,100",10.73%,O,1,5,"-85,774","285,208",O,X,116.0%,단기과열(경계),단기과열 (추격금지),"93,150원 ~ 106,080원","106,080","93,150","86,690","106,287",https://stock.naver.com/domestic/stock/011790/price
0120G0,삼양바이오팜,바이오/헬스케어,A,--2.37%,B -> A (상향),"20일선 돌파, 외인/기관 쌍끌이 유입","49,400",3.88%,O,2,1,"10,474","-1,790",O,X,102.2%,적정(안전),수급우량(A),"48,330원 ~ 48,820원","48,820","48,330","47,028","54,308",https://stock.naver.com/domestic/stock/0120G0/price
016360,삼성증권,금융/지주,A,--0.22%,B -> A (상향),"20일선 돌파, 외인/기관 쌍끌이 유입","88,900",26.90%,O,1,1,"3,627","34,445",O,X,100.9%,적정(안전),수급우량(A),"88,085원 ~ 89,420원","89,420","88,085","92,855","105,419",https://stock.naver.com/domestic/stock/016360/price
018670,SK가스,일반 주도주,A,+4.84%,B -> A (상향),"20일선 돌파, 외인/기관 쌍끌이 유입","270,500",5.75%,O,3,2,"11,777","12,950",O,X,110.8%,상승과열,수급우량(A),"244,225원 ~ 249,400원","249,400","244,225","234,100","236,338",https://stock.naver.com/domestic/stock/018670/price
033780,KT&G,전력/에너지/원자력,A,+1.30%,B -> A (상향),"20일선 돌파, 외인/기관 쌍끌이 유입","178,700",51.12%,O,1,4,"-69,003","42,307",O,X,103.1%,적정(안전),수급우량(A),"173,405원 ~ 176,600원","176,600","173,405","176,007","176,803",https://stock.naver.com/domestic/stock/033780/price
034230,파라다이스,일반 주도주,A,+5.63%,C -> A (상향),"20일선 돌파, 외인/기관 쌍끌이 유입","9,940",7.46%,O,2,1,"181,389","36,874",O,X,102.3%,적정(안전),수급우량(A),"9,522원 ~ 9,716원","9,522","9,716","9,973","12,349",https://stock.naver.com/domestic/stock/034230/price
036570,NC,IT/소프트웨어/AI,A,+5.36%,B -> A (상향),"20일선 돌파, 외인/기관 쌍끌이 유입","236,000",37.88%,O,1,1,"-132,967","123,118",O,X,109.7%,상승과열,수급우량(A),"215,125원 ~ 230,200원","230,200","215,125","225,250","244,671",https://stock.naver.com/domestic/stock/036570/price
041190,우리기술투자,IT/소프트웨어/AI,A,--4.31%,A (유지),기존 등급 유지,"6,000",0.96%,O,1,4,"844,811","356,328",O,X,103.0%,적정(안전),수급우량(A),"5,826원 ~ 6,088원","6,088","5,826","5,257","5,575",https://stock.naver.com/domestic/stock/041190/price
047050,포스코인터내셔널,반도체/소부장,A,--0.87%,A (유지),기존 등급 유지,"56,800",6.06%,O,3,5,"132,631","128,544",O,X,100.5%,적정(안전),수급우량(A),"56,515원 ~ 56,960원","56,960","56,515","54,122","60,036",https://stock.naver.com/domestic/stock/047050/price
051910,LG화학,2차전지/배터리,A,--1.61%,B -> A (상향),"20일선 돌파, 외인/기관 쌍끌이 유입","274,500",36.52%,O,2,5,"43,822","69,357",O,X,102.8%,적정(안전),수급우량(A),"264,100원 ~ 267,075원","264,100","267,075","265,058","307,179",https://stock.naver.com/domestic/stock/051910/price
059090,미코,일반 주도주,A,--5.21%,B -> A (상향),"20일선 돌파, 외인/기관 쌍끌이 유입","22,750",23.31%,O,1,5,"-112,699","296,569",O,X,107.8%,적정(안전),수급우량(A),"21,094원 ~ 23,450원","23,450","21,094","18,115","19,303",https://stock.naver.com/domestic/stock/059090/price
064850,에프앤가이드,일반 주도주,A,+1.23%,B -> A (상향),"20일선 돌파, 외인/기관 쌍끌이 유입","20,600",9.79%,O,2,1,"5,122","19,423",O,X,109.4%,상승과열,수급우량(A),"18,836원 ~ 20,616원","20,616","18,836","18,423","22,623",https://stock.naver.com/domestic/stock/064850/price
078350,한양디지텍,반도체/소부장,A,+0.14%,B -> A (상향),"20일선 돌파, 외인/기관 쌍끌이 유입","36,400",4.69%,O,1,5,"-13,984","189,956",O,X,142.9%,단기과열(경계),단기과열 (추격금지),"25,470원 ~ 35,340원","35,340","25,470","22,204","25,367",https://stock.naver.com/domestic/stock/078350/price
097950,CJ제일제당,일반 주도주,A,+0.89%,A (유지),기존 등급 유지,"181,700",11.49%,O,3,1,"17,071","15,515",O,X,101.6%,적정(안전),수급우량(A),"178,900원 ~ 179,560원","179,560","178,900","185,610","199,004",https://stock.naver.com/domestic/stock/097950/price
098460,고영,반도체/소부장,A,--1.65%,A (유지),기존 등급 유지,"35,850",31.86%,O,5,1,"536,028","24,788",O,X,120.5%,단기과열(경계),단기과열 (추격금지),"29,752원 ~ 34,340원","34,340","29,752","28,672","31,594",https://stock.naver.com/domestic/stock/098460/price
107640,한중엔시에스,2차전지/배터리,A,+3.53%,B -> A (상향),"20일선 돌파, 외인/기관 쌍끌이 유입","46,950",2.83%,O,5,2,"93,489","69,520",O,X,112.0%,상승과열,수급우량(A),"41,925원 ~ 43,590원","43,590","41,925","36,366","43,275",https://stock.naver.com/domestic/stock/107640/price
215200,메가스터디교육,일반 주도주,A,+0.93%,A (유지),기존 등급 유지,"38,150",26.47%,O,5,5,"13,145","18,407",O,X,106.5%,적정(안전),수급우량(A),"35,830원 ~ 37,600원","37,600","35,830","37,371","39,694",https://stock.naver.com/domestic/stock/215200/price
253590,네오셈,반도체/소부장,A,--3.27%,A (유지),기존 등급 유지,"15,700",0.09%,O,1,4,"55,666","424,486",O,X,121.3%,단기과열(경계),단기과열 (추격금지),"12,940원 ~ 15,118원","15,118","12,940","10,940","12,886",https://stock.naver.com/domestic/stock/253590/price
278470,에이피알,엔터/미디어/소비재,A,+5.40%,C -> A (상향),"20일선 돌파, 외인/기관 쌍끌이 유입","380,500",38.55%,O,5,1,"82,730","27,505",O,X,103.9%,적정(안전),수급우량(A),"366,350원 ~ 368,000원","368,000","366,350","378,258","391,221",https://stock.naver.com/domestic/stock/278470/price
290550,디케이티,일반 주도주,A,--3.89%,B -> A (상향),"20일선 돌파, 외인/기관 쌍끌이 유입","23,500",4.38%,O,1,3,"-133,893","210,875",O,X,119.3%,단기과열(경계),단기과열 (추격금지),"19,702원 ~ 23,080원","23,080","19,702","18,916","21,462",https://stock.naver.com/domestic/stock/290550/price
330590,롯데리츠,건설/인프라,A,--1.67%,B -> A (상향),"20일선 돌파, 외인/기관 쌍끌이 유입","4,110",7.33%,O,2,5,"60,145","77,329",O,X,102.1%,적정(안전),수급우량(A),"4,024원 ~ 4,100원","4,100","4,024","3,823","3,919",https://stock.naver.com/domestic/stock/330590/price
352820,하이브,IT/소프트웨어/AI,A,+6.37%,C -> A (상향),"20일선 돌파, 외인/기관 쌍끌이 유입","167,000",18.09%,O,2,1,"12,425","77,502",O,X,100.5%,적정(안전),수급우량(A),"158,700원 ~ 166,230원","158,700","166,230","179,922","204,597",https://stock.naver.com/domestic/stock/352820/price
373220,LG에너지솔루션,2차전지/배터리,A,--0.77%,A (유지),기존 등급 유지,"387,000",5.65%,O,1,5,"40,797","299,114",O,X,106.7%,적정(안전),수급우량(A),"362,600원 ~ 372,000원","372,000","362,600","349,492","381,562",https://stock.naver.com/domestic/stock/373220/price
376300,디어유,엔터/미디어/소비재,A,+1.12%,B -> A (상향),"20일선 돌파, 외인/기관 쌍끌이 유입","18,920",3.06%,O,1,1,"-27,511","-3,368",O,X,105.8%,적정(안전),수급우량(A),"17,886원 ~ 18,746원","18,746","17,886","19,028","22,717",https://stock.naver.com/domestic/stock/376300/price
383220,F&F,일반 주도주,A,+2.81%,B -> A (상향),"20일선 돌파, 외인/기관 쌍끌이 유입","73,300",13.01%,O,2,3,"13,374","19,752",O,X,108.0%,상승과열,수급우량(A),"67,860원 ~ 70,220원","70,220","67,860","69,415","72,322",https://stock.naver.com/domestic/stock/383220/price
388210,씨엠티엑스,일반 주도주,A,--4.82%,B -> A (상향),"20일선 돌파, 외인/기관 쌍끌이 유입","88,900",6.31%,O,1,1,"-18,075","-12,198",O,X,109.5%,상승과열,수급우량(A),"81,155원 ~ 92,120원","92,120","81,155","78,585","98,355",https://stock.naver.com/domestic/stock/388210/price
395400,SK리츠,건설/인프라,A,+0.19%,B -> A (상향),"20일선 돌파, 외인/기관 쌍끌이 유입","5,300",8.27%,O,1,2,"26,247","15,785",O,X,100.7%,적정(안전),수급우량(A),"5,265원 ~ 5,276원","5,276","5,265","5,487","5,717",https://stock.naver.com/domestic/stock/395400/price
419530,SAMG엔터,엔터/미디어/소비재,A,+22.98%,B -> A (상향),"20일선 돌파, 외인/기관 쌍끌이 유입","22,050",4.72%,O,2,1,"31,988","94,953",O,X,123.1%,단기과열(경계),단기과열 (추격금지),"17,918원 ~ 18,910원","18,910","17,918","22,474","26,372",https://stock.naver.com/domestic/stock/419530/price
000150,두산,전력/에너지/원자력,B,--5.18%,B (유지),기존 등급 유지,"1,392,000",18.47%,X,0,2,"-6,750","-6,383",O,X,101.3%,적정(안전),관망(C),"1,374,300원 ~ 1,391,200원","1,391,200","1,374,300","1,249,667","1,417,875",https://stock.naver.com/domestic/stock/000150/price
000155,두산우,일반 주도주,B,--4.58%,B (유지),기존 등급 유지,"458,000",10.05%,X,2,0,675,674,O,X,100.1%,적정(안전),관망(C),"457,375원 ~ 465,200원","465,200","457,375","433,558","508,583",https://stock.naver.com/domestic/stock/000155/price
000210,DL,건설/인프라,B,--1.42%,C -> B (상향),외인/기관 쌍끌이 유입,"48,750",20.86%,O,1,2,"-2,216","2,745",X,X,93.1%,이격과도(눌림),추세초입(B),"49,110원 ~ 52,342원","49,110","52,342","49,711","53,059",https://stock.naver.com/domestic/stock/000210/price
000250,삼천당제약,바이오/헬스케어,B,--1.04%,B (유지),기존 등급 유지,"238,500",3.52%,X,0,0,"-241,689","-4,888",O,X,136.3%,단기과열(경계),단기과열 (추격금지),"174,935원 ~ 213,360원","213,360","174,935","172,395","256,864",https://stock.naver.com/domestic/stock/000250/price
000500,가온전선,전력/에너지/원자력,B,--6.12%,A -> B (하향),쌍끌이 매수 중단,"307,000",2.26%,X,0,0,"-88,931","25,549",O,X,107.1%,적정(안전),관망(C),"286,550원 ~ 320,600원","320,600","286,550","215,127","257,654",https://stock.naver.com/domestic/stock/000500/price
000990,DB하이텍,반도체/소부장,B,--4.58%,B (유지),기존 등급 유지,"133,300",24.06%,X,2,0,"221,613","-366,633",O,X,106.5%,적정(안전),관망(C),"125,125원 ~ 138,960원","138,960","125,125","105,623","129,205",https://stock.naver.com/domestic/stock/000990/price
001120,LX인터내셔널,일반 주도주,B,+1.96%,B (유지),기존 등급 유지,"44,150",25.20%,X,0,5,"-71,456","115,338",O,X,106.6%,적정(안전),관망(C),"41,430원 ~ 43,490원","43,490","41,430","38,963","41,329",https://stock.naver.com/domestic/stock/001120/price
0017J0,세미티에스,일반 주도주,B,+3.18%,A -> B (하향),쌍끌이 매수 중단,"3,405",3.27%,X,0,4,"242,678","487,023",O,X,125.3%,단기과열(경계),단기과열 (추격금지),"2,718원 ~ 3,151원","3,151","2,718","2,857",0,https://stock.naver.com/domestic/stock/0017J0/price
003160,디아이,반도체/소부장,B,--4.00%,B (유지),기존 등급 유지,"40,750",20.06%,X,4,0,"618,757","-658,407",O,X,117.8%,단기과열(경계),단기과열 (추격금지),"34,605원 ~ 41,140원","41,140","34,605","26,968","28,153",https://stock.naver.com/domestic/stock/003160/price
003230,삼양식품,전력/에너지/원자력,B,+0.08%,C -> B (상향),외인/기관 쌍끌이 유입,"1,211,000",18.86%,O,2,1,"2,489","-1,192",X,X,96.5%,이격과도(눌림),관망(C),"1,213,000원 ~ 1,255,300원","1,213,000","1,255,300","1,262,067","1,248,408",https://stock.naver.com/domestic/stock/003230/price
003280,흥아해운,일반 주도주,B,+2.32%,B (유지),기존 등급 유지,"1,852",3.00%,X,1,0,"287,708","5,249",O,X,102.1%,적정(안전),관망(C),"1,814원 ~ 1,834원","1,834","1,814","1,763","2,063",https://stock.naver.com/domestic/stock/003280/price
003380,하림지주,금융/지주,B,--0.69%,A -> B (하향),쌍끌이 매수 중단,"11,510",7.68%,X,0,5,"-15,106","184,428",O,X,102.9%,적정(안전),관망(C),"11,182원 ~ 11,236원","11,236","11,182","10,655","11,168",https://stock.naver.com/domestic/stock/003380/price
003490,대한항공,엔터/미디어/소비재,B,--1.61%,B (유지),기존 등급 유지,"30,650",26.35%,X,3,0,"152,751","-171,816",O,O,101.0%,적정(안전),관망(C),"30,338원 ~ 31,170원","31,170","30,338","27,823","27,063",https://stock.naver.com/domestic/stock/003490/price
003570,SNT다이내믹스,조선/방산/중공업,B,--1.94%,A -> B (하향),쌍끌이 매수 중단,"30,250",12.23%,X,0,5,"-71,130","71,897",O,X,104.1%,적정(안전),관망(C),"29,070원 ~ 31,170원","31,170","29,070","30,792","38,651",https://stock.naver.com/domestic/stock/003570/price
003670,포스코퓨처엠,2차전지/배터리,B,--7.04%,B (유지),기존 등급 유지,"190,100",9.34%,X,0,0,"-33,945","-10,713",O,X,102.5%,적정(안전),관망(C),"185,505원 ~ 189,560원","189,560","185,505","166,337","192,979",https://stock.naver.com/domestic/stock/003670/price
004490,세방전지,일반 주도주,B,--2.94%,A -> B (하향),쌍끌이 매수 중단,"62,700",23.58%,X,0,0,"3,632","20,033",O,X,102.2%,적정(안전),관망(C),"61,325원 ~ 62,160원","62,160","61,325","57,735","58,000",https://stock.naver.com/domestic/stock/004490/price
005070,코스모신소재,2차전지/배터리,B,--3.66%,A -> B (하향),쌍끌이 매수 중단,"46,000",6.01%,X,0,1,"-33,512","7,506",O,X,109.0%,상승과열,관망(C),"42,210원 ~ 45,810원","45,810","42,210","38,973","44,715",https://stock.naver.com/domestic/stock/005070/price
005180,빙그레,엔터/미디어/소비재,B,+6.37%,C -> B (상향),20일선 돌파,"88,500",24.53%,X,3,0,"43,026","-8,260",O,X,102.9%,적정(안전),관망(C),"85,140원 ~ 85,990원","85,140","85,990","78,653","74,701",https://stock.naver.com/domestic/stock/005180/price
005290,동진쎄미켐,철강/소재/화학,B,--3.82%,B (유지),기존 등급 유지,"50,300",12.30%,X,0,1,"-248,127","93,424",O,X,113.0%,상승과열,관망(C),"44,512원 ~ 51,320원","51,320","44,512","42,685","49,696",https://stock.naver.com/domestic/stock/005290/price
005420,코스모화학,2차전지/배터리,B,--3.70%,A -> B (하향),쌍끌이 매수 중단,"11,440",4.53%,X,0,0,"-10,498","12,936",O,X,107.9%,적정(안전),관망(C),"10,598원 ~ 11,114원","11,114","10,598","10,152","12,184",https://stock.naver.com/domestic/stock/005420/price
005690,파미셀,바이오/헬스케어,B,--1.75%,B (유지),기존 등급 유지,"12,950",8.76%,X,0,1,"80,652","27,800",O,X,109.4%,상승과열,관망(C),"11,842원 ~ 12,666원","12,666","11,842","11,268","13,504",https://stock.naver.com/domestic/stock/005690/price
005880,대한해운,조선/방산/중공업,B,+1.23%,B (유지),기존 등급 유지,"2,065",12.20%,O,1,1,"-461,998","235,828",X,X,99.9%,적정(안전),추세초입(B),"2,068원 ~ 2,087원","2,087","2,068","1,992","2,151",https://stock.naver.com/domestic/stock/005880/price
005930,삼성전자,반도체/소부장,B,--1.10%,B (유지),기존 등급 유지,"269,000",46.37%,X,0,0,"-2,533,399","-398,685",O,X,100.5%,적정(안전),관망(C),"267,600원 ~ 272,400원","272,400","267,600","258,342","272,350",https://stock.naver.com/domestic/stock/005930/price
005940,NH투자증권,금융/지주,B,--0.75%,B (유지),기존 등급 유지,"26,450",13.32%,X,0,5,"-117,438","346,229",O,X,100.7%,적정(안전),관망(C),"26,258원 ~ 26,490원","26,490","26,258","27,448","30,028",https://stock.naver.com/domestic/stock/005940/price
006110,삼아알미늄,철강/소재/화학,B,--5.32%,B (유지),기존 등급 유지,"65,800",38.76%,X,0,0,"-82,008","228,150",O,X,107.6%,적정(안전),관망(C),"61,170원 ~ 63,860원","63,860","61,170","51,497","57,574",https://stock.naver.com/domestic/stock/006110/price
006730,서부T&D,일반 주도주,B,+4.90%,A -> B (하향),쌍끌이 매수 중단,"12,000",16.38%,X,0,4,"7,118","182,397",O,X,107.7%,적정(안전),관망(C),"11,142원 ~ 11,316원","11,316","11,142","10,686","11,371",https://stock.naver.com/domestic/stock/006730/price
007340,DN오토모티브,자동차/모빌리티,B,--1.81%,B (유지),기존 등급 유지,"48,750",5.82%,X,1,0,"57,982","-32,556",O,O,102.2%,적정(안전),관망(C),"47,720원 ~ 49,450원","49,450","47,720","45,261","43,661",https://stock.naver.com/domestic/stock/007340/price
007660,이수페타시스,반도체/소부장,B,--8.04%,B (유지),기존 등급 유지,"121,300",16.34%,X,0,0,"135,572","-181,875",O,X,106.7%,적정(안전),관망(C),"113,665원 ~ 122,740원","122,740","113,665","100,627","113,692",https://stock.naver.com/domestic/stock/007660/price
007810,코리아써키트,반도체/소부장,B,--2.48%,B (유지),기존 등급 유지,"86,500",5.24%,X,0,5,"-29,844","107,033",O,X,137.9%,단기과열(경계),단기과열 (추격금지),"62,742원 ~ 82,420원","82,420","62,742","60,322","80,489",https://stock.naver.com/domestic/stock/007810/price
0082N0,카나프테라퓨틱스,일반 주도주,B,+1.48%,B (유지),기존 등급 유지,"13,060",3.95%,X,0,0,"-42,724","-25,803",O,X,102.8%,적정(안전),관망(C),"12,704원 ~ 12,804원","12,804","12,704","13,356","19,682",https://stock.naver.com/domestic/stock/0082N0/price
008730,율촌화학,철강/소재/화학,B,--0.95%,A -> B (하향),쌍끌이 매수 중단,"15,640",5.59%,X,0,5,736,"7,425",O,X,102.7%,적정(안전),관망(C),"15,138원 ~ 15,230원","15,138","15,230","14,782","17,869",https://stock.naver.com/domestic/stock/008730/price
008770,호텔신라,엔터/미디어/소비재,B,+1.03%,C -> B (상향),외인/기관 쌍끌이 유입,"39,350",18.36%,O,1,1,"-67,976","-21,379",X,X,96.9%,이격과도(눌림),관망(C),"39,360원 ~ 40,600원","39,360","40,600","43,163","49,597",https://stock.naver.com/domestic/stock/008770/price
0088M0,메쥬,일반 주도주,B,--1.66%,B (유지),기존 등급 유지,"14,850",3.78%,X,0,2,"-80,553","21,215",O,X,112.8%,상승과열,관망(C),"13,168원 ~ 14,526원","14,526","13,168","12,991","19,741",https://stock.naver.com/domestic/stock/0088M0/price
009150,삼성전기,IT/소프트웨어/AI,B,--4.06%,A -> B (하향),쌍끌이 매수 중단,"1,607,000",37.83%,X,0,0,"170,416","9,242",O,X,110.1%,상승과열,관망(C),"1,459,500원 ~ 1,587,200원","1,587,200","1,459,500","1,370,867","1,388,908",https://stock.naver.com/domestic/stock/009150/price
009155,삼성전기우,일반 주도주,B,--2.40%,A -> B (하향),쌍끌이 매수 중단,"528,000",28.97%,X,4,0,"11,953","1,498",O,X,103.6%,적정(안전),관망(C),"509,575원 ~ 529,000원","529,000","509,575","484,108","498,746",https://stock.naver.com/domestic/stock/009155/price
009290,광동제약,바이오/헬스케어,B,+2.94%,B (유지),기존 등급 유지,"7,000",15.76%,X,0,0,"-55,131",-537,O,X,108.6%,상승과열,관망(C),"6,448원 ~ 6,690원","6,690","6,448","6,270","6,668",https://stock.naver.com/domestic/stock/009290/price
009520,포스코엠텍,철강/소재/화학,B,--2.52%,B (유지),기존 등급 유지,"13,140",7.27%,X,0,1,"41,149","10,063",O,X,103.2%,적정(안전),관망(C),"12,726원 ~ 13,038원","13,038","12,726","11,879","14,228",https://stock.naver.com/domestic/stock/009520/price
009830,한화솔루션,전력/에너지/원자력,B,--2.57%,A -> B (하향),쌍끌이 매수 중단,"36,050",13.22%,X,0,5,"876,616","839,808",O,X,116.1%,단기과열(경계),단기과열 (추격금지),"31,062원 ~ 35,330원","35,330","31,062","30,828","35,810",https://stock.naver.com/domestic/stock/009830/price
010060,OCI홀딩스,전력/에너지/원자력,B,--2.86%,B (유지),기존 등급 유지,"237,500",15.48%,X,0,5,"-115,454","185,037",O,X,110.0%,상승과열,관망(C),"215,985원 ~ 232,300원","232,300","215,985","229,373","258,138",https://stock.naver.com/domestic/stock/010060/price
010140,삼성중공업,조선/방산/중공업,B,--0.96%,C -> B (상향),외인/기관 쌍끌이 유입,"19,510",27.67%,O,1,1,"-852,214","-276,836",X,X,94.4%,이격과도(눌림),관망(C),"19,750원 ~ 20,668원","19,750","20,668","21,160","24,717",https://stock.naver.com/domestic/stock/010140/price
010170,대한광통신,건설/인프라,B,--4.37%,B (유지),기존 등급 유지,"17,720",4.02%,X,0,0,"830,308","-37,511",O,X,108.5%,상승과열,관망(C),"16,332원 ~ 17,640원","17,640","16,332","13,223","15,736",https://stock.naver.com/domestic/stock/010170/price
010950,S-Oil,전력/에너지/원자력,B,+3.33%,A+ -> B (하향),쌍끌이 매수 중단,"170,800",79.85%,X,0,3,"92,242","185,224",O,O,109.3%,상승과열,관망(C),"156,325원 ~ 162,800원","162,800","156,325","145,458","129,406",https://stock.naver.com/domestic/stock/010950/price
011070,LG이노텍,IT/소프트웨어/AI,B,--8.23%,B (유지),기존 등급 유지,"591,000",27.36%,X,0,2,"15,058","69,828",O,X,106.6%,적정(안전),관망(C),"554,200원 ~ 592,400원","592,400","554,200","581,767","710,612",https://stock.naver.com/domestic/stock/011070/price
011200,HMM,조선/방산/중공업,B,--0.93%,A+ -> B (하향),쌍끌이 매수 중단,"21,250",8.85%,X,5,0,"644,945","-150,261",O,O,101.0%,적정(안전),관망(C),"21,042원 ~ 21,220원","21,220","21,042","21,020","20,548",https://stock.naver.com/domestic/stock/011200/price
0126Z0,삼성에피스홀딩스,바이오/헬스케어,B,--2.29%,B (유지),기존 등급 유지,"363,000",5.28%,X,0,0,-949,"-1,062",O,X,105.2%,적정(안전),관망(C),"344,900원 ~ 364,600원","364,600","344,900","369,875","428,317",https://stock.naver.com/domestic/stock/0126Z0/price
012750,에스원,일반 주도주,B,--1.30%,A+ -> B (하향),쌍끌이 매수 중단,"83,600",55.69%,X,0,3,"-13,959","22,274",O,O,100.9%,적정(안전),관망(C),"82,825원 ~ 83,540원","83,540","82,825","78,153","77,398",https://stock.naver.com/domestic/stock/012750/price
013030,하이록코리아,일반 주도주,B,--2.38%,B (유지),기존 등급 유지,"34,800",29.79%,O,1,2,"-3,436",-149,X,X,97.7%,적정(안전),추세초입(B),"35,610원 ~ 36,040원","36,040","35,610","33,227","35,397",https://stock.naver.com/domestic/stock/013030/price
014680,한솔케미칼,반도체/소부장,B,--4.68%,B (유지),기존 등급 유지,"264,500",42.18%,X,2,0,"-29,865","36,682",O,X,115.7%,단기과열(경계),단기과열 (추격금지),"228,600원 ~ 271,500원","271,500","228,600","221,637","252,014",https://stock.naver.com/domestic/stock/014680/price
014820,동원시스템즈,철강/소재/화학,B,--1.81%,B (유지),기존 등급 유지,"21,700",13.72%,X,3,0,"9,118","-2,057",O,X,101.7%,적정(안전),관망(C),"21,332원 ~ 21,440원","21,440","21,332","21,043","22,030",https://stock.naver.com/domestic/stock/014820/price
016380,KG스틸,철강/소재/화학,B,--1.05%,A -> B (하향),쌍끌이 매수 중단,"5,660",5.87%,X,0,0,"133,832","-20,354",O,X,100.4%,적정(안전),관망(C),"5,638원 ~ 5,668원","5,668","5,638","5,489","5,754",https://stock.naver.com/domestic/stock/016380/price
018880,한온시스템,자동차/모빌리티,B,--0.77%,A -> B (하향),쌍끌이 매수 중단,"3,860",5.90%,X,0,5,"-635,764","5,300,218",O,X,110.6%,상승과열,관망(C),"3,491원 ~ 3,764원","3,764","3,491","3,512","4,002",https://stock.naver.com/domestic/stock/018880/price
020150,롯데에너지머티리얼즈,2차전지/배터리,B,--1.66%,A -> B (하향),쌍끌이 매수 중단,"53,300",7.41%,X,0,3,"-171,039","741,829",O,X,125.6%,단기과열(경계),단기과열 (추격금지),"42,445원 ~ 48,730원","48,730","42,445","35,544","45,527",https://stock.naver.com/domestic/stock/020150/price
021240,코웨이,일반 주도주,B,+0.30%,B (유지),기존 등급 유지,"101,100",54.21%,X,2,0,"1,584","1,666",O,X,100.6%,적정(안전),관망(C),"100,460원 ~ 100,465원","100,460","100,465","96,657","92,854",https://stock.naver.com/domestic/stock/021240/price
026960,동서,일반 주도주,B,--0.76%,A -> B (하향),쌍끌이 매수 중단,"26,250",3.74%,X,0,0,"35,513","17,198",O,X,101.8%,적정(안전),관망(C),"25,778원 ~ 26,420원","26,420","25,778","25,793","25,585",https://stock.naver.com/domestic/stock/026960/price
028050,삼성E&A,건설/인프라,B,+1.46%,C -> B (상향),외인/기관 쌍끌이 유입,"48,750",37.80%,O,2,1,"146,366","5,736",X,X,98.0%,적정(안전),추세초입(B),"48,000원 ~ 49,755원","48,000","49,755","46,981","48,820",https://stock.naver.com/domestic/stock/028050/price
028260,삼성물산,전력/에너지/원자력,B,--1.90%,C -> B (상향),외인/기관 쌍끌이 유입,"335,500",30.57%,O,4,1,"83,858","-65,252",X,X,93.7%,이격과도(눌림),추세초입(B),"342,700원 ~ 358,050원","342,700","358,050","355,450","380,412",https://stock.naver.com/domestic/stock/028260/price
028300,HLB,바이오/헬스케어,B,--3.48%,B (유지),기존 등급 유지,"45,750",14.00%,X,0,5,"-196,226","345,592",O,X,129.7%,단기과열(경계),단기과열 (추격금지),"35,270원 ~ 43,020원","43,020","35,270","35,350","44,562",https://stock.naver.com/domestic/stock/028300/price
030000,제일기획,일반 주도주,B,+1.34%,B (유지),기존 등급 유지,"18,900",17.60%,X,1,0,"46,563","-79,168",O,X,102.9%,적정(안전),관망(C),"18,362원 ~ 18,778원","18,778","18,362","18,744","18,937",https://stock.naver.com/domestic/stock/030000/price
030190,NICE평가정보,IT/소프트웨어/AI,B,+3.16%,B (유지),기존 등급 유지,"16,660",32.56%,X,0,3,"-25,576","50,967",O,O,104.1%,적정(안전),관망(C),"15,997원 ~ 16,296원","16,296","15,997","15,250","14,891",https://stock.naver.com/domestic/stock/030190/price
030520,한컴,IT/소프트웨어/AI,B,--4.72%,B (유지),기존 등급 유지,"17,580",4.38%,X,0,0,"-143,926","7,042",O,X,102.1%,적정(안전),관망(C),"17,210원 ~ 17,528원","17,528","17,210","17,309","18,475",https://stock.naver.com/domestic/stock/030520/price
031210,서울보증보험,금융/지주,B,+2.15%,C -> B (상향),20일선 돌파,"42,800",6.85%,X,1,0,-54,"-5,248",O,X,100.3%,적정(안전),관망(C),"42,400원 ~ 42,655원","42,400","42,655","42,907","44,074",https://stock.naver.com/domestic/stock/031210/price
032500,케이엠더블유,건설/인프라,B,--4.07%,B (유지),기존 등급 유지,"20,050",5.39%,X,0,4,"-62,078","66,057",O,X,111.0%,상승과열,관망(C),"18,069원 ~ 20,166원","20,166","18,069","16,302","22,221",https://stock.naver.com/domestic/stock/032500/price
032830,삼성생명,금융/지주,B,--2.28%,C -> B (상향),외인/기관 쌍끌이 유입,"278,500",23.06%,O,1,4,"-18,987","29,245",X,X,95.1%,이격과도(눌림),관망(C),"283,300원 ~ 292,775원","283,300","292,775","299,375","322,196",https://stock.naver.com/domestic/stock/032830/price
033100,제룡전기,IT/소프트웨어/AI,B,--2.78%,A -> B (하향),쌍끌이 매수 중단,"49,000",7.11%,X,0,1,"16,828","22,830",O,X,103.5%,적정(안전),관망(C),"47,365원 ~ 49,180원","49,180","47,365","45,974","52,230",https://stock.naver.com/domestic/stock/033100/price
033160,엠케이전자,일반 주도주,B,+2.51%,B (유지),기존 등급 유지,"19,990",10.93%,X,0,1,"-497,356","53,337",O,X,129.0%,단기과열(경계),단기과열 (추격금지),"15,500원 ~ 19,008원","19,008","15,500","15,387","20,467",https://stock.naver.com/domestic/stock/033160/price
033640,네패스,IT/소프트웨어/AI,B,--4.48%,B (유지),기존 등급 유지,"30,900",12.14%,X,3,0,"172,981","-59,811",O,X,116.1%,단기과열(경계),단기과열 (추격금지),"26,605원 ~ 31,290원","31,290","26,605","21,402","25,935",https://stock.naver.com/domestic/stock/033640/price
033790,피노,일반 주도주,B,--5.04%,A -> B (하향),쌍끌이 매수 중단,"9,800",37.45%,X,1,0,"139,914","-151,926",O,X,117.2%,단기과열(경계),단기과열 (추격금지),"8,360원 ~ 9,604원","9,604","8,360","6,893","8,865",https://stock.naver.com/domestic/stock/033790/price
035760,CJ ENM,엔터/미디어/소비재,B,+3.35%,C -> B (상향),외인/기관 쌍끌이 유입,"35,450",10.65%,O,1,2,"-20,049",-126,X,X,97.5%,적정(안전),추세초입(B),"35,500원 ~ 36,378원","35,500","36,378","33,648","38,253",https://stock.naver.com/domestic/stock/035760/price
035900,JYP Ent.,엔터/미디어/소비재,B,+2.25%,C -> B (상향),20일선 돌파,"38,700",13.16%,X,0,2,"-29,779","8,064",O,X,100.4%,적정(안전),관망(C),"37,950원 ~ 38,560원","37,950","38,560","41,868","49,760",https://stock.naver.com/domestic/stock/035900/price
036460,한국가스공사,일반 주도주,B,+0.42%,A -> B (하향),쌍끌이 매수 중단,"36,100",13.36%,X,4,0,"50,450","-5,406",O,X,100.7%,적정(안전),관망(C),"35,620원 ~ 35,850원","35,620","35,850","35,282","35,542",https://stock.naver.com/domestic/stock/036460/price
036540,SFA반도체,IT/소프트웨어/AI,B,--3.07%,B (유지),기존 등급 유지,"11,370",14.43%,X,1,0,"1,083,171","-945,118",O,X,123.0%,단기과열(경계),단기과열 (추격금지),"9,246원 ~ 11,262원","11,262","9,246","6,712","7,114",https://stock.naver.com/domestic/stock/036540/price
036930,주성엔지니어링,반도체/소부장,B,--9.69%,B (유지),기존 등급 유지,"251,500",10.24%,X,0,0,"374,692","-77,766",O,O,116.2%,단기과열(경계),단기과열 (추격금지),"216,420원 ~ 249,400원","249,400","216,420","180,665","174,078",https://stock.naver.com/domestic/stock/036930/price
037270,YG PLUS,엔터/미디어/소비재,B,+1.29%,C -> B (상향),20일선 돌파,"3,145",4.81%,X,0,0,"-7,087","-1,298",O,X,100.7%,적정(안전),관망(C),"3,109원 ~ 3,124원","3,109","3,124","3,223","3,721",https://stock.naver.com/domestic/stock/037270/price
037460,삼지전자,일반 주도주,B,--5.34%,B (유지),기존 등급 유지,"31,000",6.03%,X,1,0,"-2,800","-2,938",O,X,100.3%,적정(안전),관망(C),"30,898원 ~ 32,030원","32,030","30,898","32,597","35,542",https://stock.naver.com/domestic/stock/037460/price
039030,이오테크닉스,반도체/소부장,B,--4.96%,B (유지),기존 등급 유지,"517,000",25.02%,X,1,0,"18,719","-27,438",O,X,107.4%,적정(안전),관망(C),"481,300원 ~ 535,000원","535,000","481,300","398,558","436,692",https://stock.naver.com/domestic/stock/039030/price
039200,오스코텍,바이오/헬스케어,B,+1.02%,B (유지),기존 등급 유지,"39,550",12.28%,X,0,2,"-73,596","134,179",O,X,109.6%,상승과열,관망(C),"36,082원 ~ 37,850원","37,850","36,082","34,613","39,302",https://stock.naver.com/domestic/stock/039200/price
041510,에스엠,엔터/미디어/소비재,B,+1.28%,C -> B (상향),외인/기관 쌍끌이 유입,"79,200",30.77%,O,1,4,"-7,113","13,353",X,X,96.3%,이격과도(눌림),추세초입(B),"79,300원 ~ 82,230원","79,300","82,230","75,932","79,970",https://stock.naver.com/domestic/stock/041510/price
042000,카페24,IT/소프트웨어/AI,B,--2.61%,B (유지),기존 등급 유지,"22,350",17.39%,X,0,5,"-380,355","98,798",O,X,128.7%,단기과열(경계),단기과열 (추격금지),"17,362원 ~ 21,172원","21,172","17,362","17,067","19,441",https://stock.naver.com/domestic/stock/042000/price
042520,한스바이오메드,바이오/헬스케어,B,+0.22%,B (유지),기존 등급 유지,"22,300",6.50%,X,0,5,"-39,838","41,014",O,X,112.3%,상승과열,관망(C),"19,857원 ~ 21,970원","21,970","19,857","20,419","24,019",https://stock.naver.com/domestic/stock/042520/price
042700,한미반도체,반도체/소부장,B,--5.04%,B (유지),기존 등급 유지,"264,000",7.82%,X,1,0,"-37,696","5,276",O,X,107.6%,적정(안전),관망(C),"245,425원 ~ 268,200원","268,200","245,425","224,100","264,989",https://stock.naver.com/domestic/stock/042700/price
043260,성호전자,일반 주도주,B,--1.85%,A -> B (하향),쌍끌이 매수 중단,"31,750",2.76%,X,0,0,"239,955","19,496",O,X,135.2%,단기과열(경계),단기과열 (추격금지),"23,492원 ~ 30,250원","30,250","23,492","19,680","30,006",https://stock.naver.com/domestic/stock/043260/price
044450,KSS해운,일반 주도주,B,+2.26%,A -> B (하향),쌍끌이 매수 중단,"12,220",8.82%,X,3,0,"38,809","-2,875",O,X,111.2%,상승과열,관망(C),"10,984원 ~ 12,150원","12,150","10,984","10,274","10,545",https://stock.naver.com/domestic/stock/044450/price
046970,우리로,일반 주도주,B,--5.66%,A -> B (하향),쌍끌이 매수 중단,"8,170",1.36%,X,0,1,"267,786","34,408",O,X,112.1%,상승과열,관망(C),"7,288원 ~ 8,004원","8,004","7,288","5,432","6,716",https://stock.naver.com/domestic/stock/046970/price
050890,쏠리드,일반 주도주,B,--5.67%,B (유지),기존 등급 유지,"9,980",14.51%,X,0,4,"-725,519","63,889",O,X,106.9%,적정(안전),관망(C),"9,337원 ~ 10,192원","10,192","9,337","9,312","11,998",https://stock.naver.com/domestic/stock/050890/price
051900,LG생활건강,엔터/미디어/소비재,B,+1.88%,C -> B (상향),외인/기관 쌍끌이 유입,"270,500",31.48%,O,1,1,"12,151","-29,046",X,X,93.9%,이격과도(눌림),추세초입(B),"270,500원 ~ 288,150원","270,500","288,150","286,258","267,817",https://stock.naver.com/domestic/stock/051900/price
051915,LG화학우,철강/소재/화학,B,+1.58%,B (유지),기존 등급 유지,"121,800",46.13%,X,1,0,"-8,668","15,256",O,X,101.6%,적정(안전),관망(C),"117,380원 ~ 119,840원","117,380","119,840","121,038","142,563",https://stock.naver.com/domestic/stock/051915/price
053800,안랩,IT/소프트웨어/AI,B,--13.71%,A -> B (하향),쌍끌이 매수 중단,"76,800",27.88%,X,0,0,"-115,736","2,238",O,O,112.0%,상승과열,관망(C),"68,555원 ~ 79,580원","79,580","68,555","60,442","60,234",https://stock.naver.com/domestic/stock/053800/price
056190,SFA,일반 주도주,B,--2.67%,A -> B (하향),쌍끌이 매수 중단,"30,950",12.91%,X,3,0,"91,755","4,018",O,X,111.8%,상승과열,관망(C),"27,690원 ~ 30,520원","30,520","27,690","24,025","25,882",https://stock.naver.com/domestic/stock/056190/price
058470,리노공업,반도체/소부장,B,--2.07%,B (유지),기존 등급 유지,"85,100",25.38%,X,0,5,"-1,590,087","1,463,573",O,X,117.0%,단기과열(경계),단기과열 (추격금지),"72,730원 ~ 82,620원","82,620","72,730","69,458","85,208",https://stock.naver.com/domestic/stock/058470/price
058610,에스피지,IT/소프트웨어/AI,B,--6.02%,A -> B (하향),쌍끌이 매수 중단,"99,900",6.07%,X,0,0,"122,287","-10,077",O,X,101.7%,적정(안전),관망(C),"98,270원 ~ 101,520원","101,520","98,270","92,892","100,047",https://stock.naver.com/domestic/stock/058610/price
060280,큐렉소,반도체/소부장,B,--4.22%,B (유지),기존 등급 유지,"8,620",4.75%,X,1,0,"-74,652","-27,933",O,X,105.4%,적정(안전),관망(C),"8,180원 ~ 8,648원","8,648","8,180","8,425","10,492",https://stock.naver.com/domestic/stock/060280/price
060370,LS마린솔루션,건설/인프라,B,--4.43%,B (유지),기존 등급 유지,"33,400",2.85%,X,0,0,"19,701","-130,109",O,X,102.5%,적정(안전),관망(C),"32,588원 ~ 33,370원","33,370","32,588","30,833","31,931",https://stock.naver.com/domestic/stock/060370/price
060570,드림어스컴퍼니,일반 주도주,B,--0.10%,B (유지),기존 등급 유지,"4,995",2.16%,X,0,0,-547,"3,676",O,O,103.1%,적정(안전),관망(C),"4,844원 ~ 5,043원","5,043","4,844","2,578","1,790",https://stock.naver.com/domestic/stock/060570/price
062040,산일전기,전력/에너지/원자력,B,--2.55%,A -> B (하향),쌍끌이 매수 중단,"229,000",16.88%,X,0,5,"-66,046","96,117",O,X,110.6%,상승과열,관망(C),"207,135원 ~ 223,400원","223,400","207,135","183,823","211,670",https://stock.naver.com/domestic/stock/062040/price
064290,인텍플러스,반도체/소부장,B,--3.15%,B (유지),기존 등급 유지,"58,500",5.71%,X,4,0,"150,927","-195,949",O,O,114.5%,상승과열,관망(C),"51,078원 ~ 57,960원","57,960","51,078","39,271","37,567",https://stock.naver.com/domestic/stock/064290/price
064760,티씨케이,반도체/소부장,B,--5.06%,B (유지),기존 등급 유지,"281,500",65.34%,X,3,0,"56,718","-59,055",O,X,101.6%,적정(안전),관망(C),"277,150원 ~ 298,100원","298,100","277,150","233,998","256,324",https://stock.naver.com/domestic/stock/064760/price
064960,SNT모티브,일반 주도주,B,--0.93%,B (유지),기존 등급 유지,"26,550",11.85%,X,0,0,"-30,373","3,119",O,X,100.5%,적정(안전),관망(C),"26,430원 ~ 26,710원","26,710","26,430","26,481","28,775",https://stock.naver.com/domestic/stock/064960/price
066570,LG전자,IT/소프트웨어/AI,B,--10.11%,A -> B (하향),쌍끌이 매수 중단,"209,000",29.87%,X,0,0,"-406,996","187,244",O,X,100.3%,적정(안전),관망(C),"208,305원 ~ 216,600원","216,600","208,305","193,912","196,018",https://stock.naver.com/domestic/stock/066570/price
066575,LG전자우,일반 주도주,B,--9.28%,B (유지),기존 등급 유지,"74,300",45.76%,X,0,0,"91,856",-152,O,X,102.4%,적정(안전),관망(C),"72,560원 ~ 75,680원","75,680","72,560","68,957","70,906",https://stock.naver.com/domestic/stock/066575/price
066970,엘앤에프,2차전지/배터리,B,--5.64%,B (유지),기존 등급 유지,"117,100",16.86%,X,0,0,"-8,008","105,517",O,X,102.0%,적정(안전),관망(C),"114,770원 ~ 116,020원","116,020","114,770","104,218","129,475",https://stock.naver.com/domestic/stock/066970/price
067310,하나마이크론,반도체/소부장,B,--5.97%,A -> B (하향),쌍끌이 매수 중단,"49,650",20.96%,X,4,0,"947,290","-307,749",O,X,118.3%,단기과열(경계),단기과열 (추격금지),"41,978원 ~ 50,670원","50,670","41,978","37,140","40,416",https://stock.naver.com/domestic/stock/067310/price
068270,셀트리온,바이오/헬스케어,B,+0.11%,B (유지),기존 등급 유지,"182,600",25.31%,X,1,0,"-98,063","3,350",O,X,101.2%,적정(안전),관망(C),"180,450원 ~ 181,740원","181,740","180,450","184,602","185,667",https://stock.naver.com/domestic/stock/068270/price
069080,웹젠,일반 주도주,B,+1.42%,B (유지),기존 등급 유지,"12,170",28.97%,X,0,4,"-70,245","12,046",O,X,106.9%,적정(안전),관망(C),"11,388원 ~ 11,824원","11,824","11,388","11,545","11,504",https://stock.naver.com/domestic/stock/069080/price
069620,대웅제약,바이오/헬스케어,B,+0.91%,C -> B (상향),20일선 돌파,"110,300",14.60%,X,2,0,-309,"-4,456",O,X,100.0%,적정(안전),관망(C),"108,880원 ~ 110,270원","108,880","110,270","119,288","126,585",https://stock.naver.com/domestic/stock/069620/price
071055,한국금융지주우,금융/지주,B,--1.13%,C -> B (상향),외인/기관 쌍끌이 유입,"139,800",20.42%,O,1,1,"-2,210",-5,X,X,95.6%,이격과도(눌림),관망(C),"141,940원 ~ 146,170원","141,940","146,170","148,342","157,792",https://stock.naver.com/domestic/stock/071055/price
071320,지역난방공사,일반 주도주,B,0.00%,A -> B (하향),쌍끌이 매수 중단,"78,800",2.75%,X,1,0,"6,028","-1,874",O,X,102.5%,적정(안전),관망(C),"76,855원 ~ 79,040원","79,040","76,855","71,925","71,934",https://stock.naver.com/domestic/stock/071320/price
078340,컴투스,IT/소프트웨어/AI,B,--0.67%,B (유지),기존 등급 유지,"36,950",13.37%,X,1,0,"-28,140","19,152",O,O,105.9%,적정(안전),관망(C),"34,905원 ~ 37,180원","37,180","34,905","31,717","30,173",https://stock.naver.com/domestic/stock/078340/price
078600,대주전자재료,2차전지/배터리,B,--0.18%,A -> B (하향),쌍끌이 매수 중단,"111,200",14.20%,X,0,4,"-27,740","108,820",O,X,121.7%,단기과열(경계),단기과열 (추격금지),"91,400원 ~ 104,680원","104,680","91,400","85,597","107,594",https://stock.naver.com/domestic/stock/078600/price
080220,제주반도체,IT/소프트웨어/AI,B,--10.15%,A -> B (하향),쌍끌이 매수 중단,"84,100",0.75%,X,0,0,"-291,446","122,700",O,X,108.2%,상승과열,관망(C),"77,730원 ~ 87,780원","87,780","77,730","76,270","79,381",https://stock.naver.com/domestic/stock/080220/price
080580,오킨스전자,반도체/소부장,B,--2.98%,A -> B (하향),쌍끌이 매수 중단,"27,700",9.09%,X,1,0,"242,722","33,783",O,X,117.9%,단기과열(경계),단기과열 (추격금지),"23,494원 ~ 27,220원","27,220","23,494","17,741","18,683",https://stock.naver.com/domestic/stock/080580/price
082920,비츠로셀,일반 주도주,B,--2.32%,B (유지),기존 등급 유지,"29,450",28.55%,X,0,1,"-29,138","5,046",O,X,102.8%,적정(안전),관망(C),"28,635원 ~ 29,340원","29,340","28,635","29,600","39,584",https://stock.naver.com/domestic/stock/082920/price
084370,유진테크,반도체/소부장,B,--6.72%,B (유지),기존 등급 유지,"168,000",35.44%,X,1,0,"-71,047","6,386",O,X,111.1%,상승과열,관망(C),"151,255원 ~ 175,980원","175,980","151,255","136,070","141,460",https://stock.naver.com/domestic/stock/084370/price
085660,차바이오텍,바이오/헬스케어,B,--1.15%,B (유지),기존 등급 유지,"8,560",7.37%,X,0,4,"-72,191","27,026",O,X,105.0%,적정(안전),관망(C),"8,150원 ~ 8,530원","8,530","8,150","8,607","11,316",https://stock.naver.com/domestic/stock/085660/price
086520,에코프로,2차전지/배터리,B,--4.61%,A -> B (하향),쌍끌이 매수 중단,"91,000",19.74%,X,5,0,"438,396","172,795",O,X,108.7%,상승과열,관망(C),"83,740원 ~ 88,180원","88,180","83,740","83,497","106,480",https://stock.naver.com/domestic/stock/086520/price
088350,한화생명,금융/지주,B,+0.19%,B (유지),기존 등급 유지,"5,320",8.73%,O,1,3,"159,563","221,255",X,X,92.9%,이격과도(눌림),추세초입(B),"5,320원 ~ 5,727원","5,320","5,727","5,174","5,059",https://stock.naver.com/domestic/stock/088350/price
088980,맥쿼리인프라,건설/인프라,B,+0.51%,C -> B (상향),외인/기관 쌍끌이 유입,"9,780",7.54%,O,1,5,"-466,081","431,036",X,X,99.6%,적정(안전),관망(C),"9,796원 ~ 9,824원","9,796","9,824","9,891","10,430",https://stock.naver.com/domestic/stock/088980/price
089030,테크윙,반도체/소부장,B,--7.33%,B (유지),기존 등급 유지,"53,100",21.53%,X,2,0,"-22,474","-99,397",O,X,107.8%,적정(안전),관망(C),"49,258원 ~ 55,200원","55,200","49,258","47,448","51,216",https://stock.naver.com/domestic/stock/089030/price
089890,코세스,일반 주도주,B,--7.32%,B (유지),기존 등급 유지,"32,900",1.93%,X,2,0,"30,313","-105,410",O,X,113.7%,상승과열,관망(C),"28,948원 ~ 34,900원","34,900","28,948","25,156","30,710",https://stock.naver.com/domestic/stock/089890/price
089970,브이엠,반도체/소부장,B,--7.95%,B (유지),기존 등급 유지,"64,800",10.03%,X,0,0,"-318,509","-130,747",O,X,113.4%,상승과열,관망(C),"57,162원 ~ 67,160원","67,160","57,162","66,422","68,620",https://stock.naver.com/domestic/stock/089970/price
090360,로보스타,일반 주도주,B,--4.04%,B (유지),기존 등급 유지,"78,400",6.01%,X,0,1,"35,932","-1,094",O,X,100.5%,적정(안전),관망(C),"78,030원 ~ 78,760원","78,760","78,030","74,188","80,007",https://stock.naver.com/domestic/stock/090360/price
090430,아모레퍼시픽,엔터/미디어/소비재,B,+3.83%,C -> B (상향),외인/기관 쌍끌이 유입,"138,300",26.08%,O,1,2,"-4,625","27,270",X,X,98.4%,적정(안전),추세초입(B),"135,780원 ~ 140,495원","135,780","140,495","134,800","127,450",https://stock.naver.com/domestic/stock/090430/price
091580,상신이디피,2차전지/배터리,B,--1.61%,A -> B (하향),쌍끌이 매수 중단,"24,450",4.46%,X,0,4,"56,249","70,854",O,X,112.3%,상승과열,관망(C),"21,775원 ~ 22,790원","22,790","21,775","18,341","19,784",https://stock.naver.com/domestic/stock/091580/price
092870,엑시콘,반도체/소부장,B,--2.78%,B (유지),기존 등급 유지,"52,400",9.67%,X,4,0,"141,561","-98,198",O,X,134.5%,단기과열(경계),단기과열 (추격금지),"38,972원 ~ 52,340원","52,340","38,972","25,764","27,245",https://stock.naver.com/domestic/stock/092870/price
093370,후성,반도체/소부장,B,--7.12%,A -> B (하향),쌍끌이 매수 중단,"15,130",10.10%,X,0,0,"-80,953","-45,819",O,X,105.6%,적정(안전),관망(C),"14,328원 ~ 15,700원","15,700","14,328","12,276","13,164",https://stock.naver.com/domestic/stock/093370/price
094800,맵스리얼티,건설/인프라,B,--2.85%,A+ -> B (하향),20일선 이탈,"7,500",3.86%,O,4,5,"38,236","22,438",X,O,98.4%,적정(안전),추세초입(B),"7,624원 ~ 7,772원","7,772","7,624","6,909","6,511",https://stock.naver.com/domestic/stock/094800/price
095340,ISC,반도체/소부장,B,--2.43%,B (유지),기존 등급 유지,"200,500",26.92%,X,0,0,"-52,628","-106,858",O,X,101.3%,적정(안전),관망(C),"197,870원 ~ 211,100원","211,100","197,870","165,510","188,337",https://stock.naver.com/domestic/stock/095340/price
095610,테스,반도체/소부장,B,--7.82%,B (유지),기존 등급 유지,"162,600",8.18%,X,1,0,"74,297","-263,959",O,O,105.3%,적정(안전),관망(C),"154,395원 ~ 173,860원","173,860","154,395","149,130","139,148",https://stock.naver.com/domestic/stock/095610/price
100090,SK오션플랜트,전력/에너지/원자력,B,--2.89%,A -> B (하향),쌍끌이 매수 중단,"12,440",4.20%,X,0,3,"187,498","10,839",O,X,102.0%,적정(안전),관망(C),"12,198원 ~ 12,232원","12,232","12,198","13,137","16,074",https://stock.naver.com/domestic/stock/100090/price
100840,SNT에너지,전력/에너지/원자력,B,--4.06%,C -> B (상향),외인/기관 쌍끌이 유입,"33,050",0.89%,O,1,1,"8,901","-37,072",X,X,89.4%,이격과도(눌림),추세초입(B),"35,760원 ~ 36,952원","35,760","36,952","30,650","36,723",https://stock.naver.com/domestic/stock/100840/price
102710,이엔에프테크놀로지,일반 주도주,B,--0.80%,B (유지),기존 등급 유지,"49,700",24.22%,X,5,0,"48,313","-41,664",O,X,111.7%,상승과열,관망(C),"44,492원 ~ 49,110원","49,110","44,492","43,958","46,828",https://stock.naver.com/domestic/stock/102710/price
103590,일진전기,전력/에너지/원자력,B,--1.02%,B (유지),기존 등급 유지,"87,000",8.67%,X,0,5,"-263,468","287,432",O,X,113.5%,상승과열,관망(C),"76,630원 ~ 85,380원","85,380","76,630","68,067","81,782",https://stock.naver.com/domestic/stock/103590/price
105560,KB금융,금융/지주,B,+0.84%,C -> B (상향),외인/기관 쌍끌이 유입,"168,300",78.57%,O,1,4,"-75,910","102,100",X,X,96.7%,이격과도(눌림),추세초입(B),"168,260원 ~ 173,970원","168,260","173,970","171,988","165,285",https://stock.naver.com/domestic/stock/105560/price
108860,셀바스AI,IT/소프트웨어/AI,B,--3.41%,A -> B (하향),쌍끌이 매수 중단,"9,070",2.01%,X,0,3,"-1,698","3,448",O,X,101.7%,적정(안전),관망(C),"8,922원 ~ 9,060원","9,060","8,922","8,793","9,771",https://stock.naver.com/domestic/stock/108860/price
112040,위메이드,IT/소프트웨어/AI,B,+1.28%,A -> B (하향),쌍끌이 매수 중단,"15,840",7.30%,X,0,0,"10,859","-1,928",O,X,103.0%,적정(안전),관망(C),"15,382원 ~ 15,562원","15,562","15,382","15,825","18,004",https://stock.naver.com/domestic/stock/112040/price
112610,씨에스윈드,전력/에너지/원자력,B,--1.04%,B (유지),기존 등급 유지,"56,900",15.93%,X,0,5,"-206,500","376,688",O,X,109.3%,상승과열,관망(C),"52,068원 ~ 55,080원","55,080","52,068","46,178","49,608",https://stock.naver.com/domestic/stock/112610/price
120110,코오롱인더,일반 주도주,B,--3.12%,B (유지),기존 등급 유지,"55,900",17.99%,X,0,1,"75,574","-59,483",O,X,100.3%,적정(안전),관망(C),"55,745원 ~ 56,120원","56,120","55,745","54,451","65,383",https://stock.naver.com/domestic/stock/120110/price
121600,나노신소재,2차전지/배터리,B,--1.56%,B (유지),기존 등급 유지,"63,000",5.81%,X,0,5,"-21,536","103,871",O,X,119.0%,단기과열(경계),단기과열 (추격금지),"52,952원 ~ 59,860원","59,860","52,952","48,038","57,275",https://stock.naver.com/domestic/stock/121600/price
126340,비나텍,전력/에너지/원자력,B,--0.85%,B (유지),기존 등급 유지,"93,200",7.12%,X,0,0,"-16,333","-39,474",O,X,117.3%,단기과열(경계),단기과열 (추격금지),"79,470원 ~ 94,280원","94,280","79,470","68,812","99,356",https://stock.naver.com/domestic/stock/126340/price
128940,한미약품,바이오/헬스케어,B,+2.10%,A -> B (하향),쌍끌이 매수 중단,"534,000",12.70%,X,0,0,"-25,041","-2,488",O,X,107.1%,적정(안전),관망(C),"498,550원 ~ 513,100원","513,100","498,550","439,467","446,538",https://stock.naver.com/domestic/stock/128940/price
131290,티에스이,반도체/소부장,B,--1.91%,A+ -> B (하향),쌍끌이 매수 중단,"307,500",9.68%,X,4,0,"22,563","4,254",O,O,111.8%,상승과열,관망(C),"275,000원 ~ 300,200원","300,200","275,000","246,253","225,294",https://stock.naver.com/domestic/stock/131290/price
131970,두산테스나,IT/소프트웨어/AI,B,--8.50%,B (유지),기존 등급 유지,"109,800",7.88%,X,1,0,"-67,324","-41,068",O,X,119.7%,단기과열(경계),단기과열 (추격금지),"91,705원 ~ 108,600원","108,600","91,705","82,287","108,676",https://stock.naver.com/domestic/stock/131970/price
138040,메리츠금융지주,금융/지주,B,+0.15%,B (유지),기존 등급 유지,"130,100",14.19%,X,0,4,"-62,494","104,684",O,X,101.0%,적정(안전),관망(C),"128,560원 ~ 128,760원","128,560","128,760","123,007","116,534",https://stock.naver.com/domestic/stock/138040/price
138080,오이솔루션,일반 주도주,B,--4.10%,A -> B (하향),쌍끌이 매수 중단,"31,600",3.30%,X,0,0,"83,498","81,774",O,X,117.6%,단기과열(경계),단기과열 (추격금지),"26,868원 ~ 31,250원","31,250","26,868","23,144","29,759",https://stock.naver.com/domestic/stock/138080/price
145020,휴젤,바이오/헬스케어,B,+1.60%,C -> B (상향),외인/기관 쌍끌이 유입,"184,400",56.64%,O,2,1,"6,612","-2,359",X,X,88.1%,이격과도(눌림),관망(C),"181,400원 ~ 209,390원","181,400","209,390","234,347","246,378",https://stock.naver.com/domestic/stock/145020/price
145720,덴티움,반도체/소부장,B,--1.24%,B (유지),기존 등급 유지,"39,850",13.21%,X,0,3,-982,"25,865",O,X,105.8%,적정(안전),관망(C),"37,678원 ~ 38,520원","38,520","37,678","38,464","43,122",https://stock.naver.com/domestic/stock/145720/price
160190,하이젠알앤엠,일반 주도주,B,--1.32%,B (유지),기존 등급 유지,"33,700",0.30%,X,0,2,"-10,375","164,293",O,X,126.6%,단기과열(경계),단기과열 (추격금지),"26,620원 ~ 30,790원","30,790","26,620","20,348","26,536",https://stock.naver.com/domestic/stock/160190/price
170920,엘티씨,일반 주도주,B,--8.02%,B (유지),기존 등급 유지,"40,700",5.72%,X,2,0,"65,782","-8,704",O,X,109.3%,상승과열,관망(C),"37,240원 ~ 42,680원","42,680","37,240","39,019","41,783",https://stock.naver.com/domestic/stock/170920/price
174900,앱클론,바이오/헬스케어,B,--6.94%,B (유지),기존 등급 유지,"26,800",6.87%,X,0,5,"-185,632","88,757",O,X,122.3%,단기과열(경계),단기과열 (추격금지),"21,912원 ~ 26,540원","26,540","21,912","23,812","31,199",https://stock.naver.com/domestic/stock/174900/price
178320,서진시스템,전력/에너지/원자력,B,--5.24%,B (유지),기존 등급 유지,"40,700",13.73%,X,0,2,"-296,810","68,176",O,X,111.3%,상승과열,관망(C),"36,562원 ~ 41,020원","41,020","36,562","36,946","49,528",https://stock.naver.com/domestic/stock/178320/price
183300,코미코,반도체/소부장,B,--3.67%,B (유지),기존 등급 유지,"32,800",26.73%,X,1,0,"-12,982","-225,805",O,X,108.0%,상승과열,관망(C),"30,375원 ~ 34,240원","34,240","30,375","44,554","83,640",https://stock.naver.com/domestic/stock/183300/price
189300,인텔리안테크,조선/방산/중공업,B,--7.93%,A -> B (하향),쌍끌이 매수 중단,"68,500",20.62%,X,0,4,"-114,463","34,949",O,X,102.1%,적정(안전),관망(C),"67,070원 ~ 70,460원","70,460","67,070","66,094","93,184",https://stock.naver.com/domestic/stock/189300/price
192400,쿠쿠홀딩스,일반 주도주,B,+1.87%,C -> B (상향),20일선 돌파,"27,250",10.69%,X,1,0,724,"-4,527",O,X,100.1%,적정(안전),관망(C),"26,970원 ~ 27,230원","26,970","27,230","26,828","26,748",https://stock.naver.com/domestic/stock/192400/price
192650,드림텍,반도체/소부장,B,--6.74%,B (유지),기존 등급 유지,"9,000",58.67%,X,1,0,"36,080","355,201",O,O,117.1%,단기과열(경계),단기과열 (추격금지),"7,686원 ~ 9,026원","9,026","7,686","5,760","5,715",https://stock.naver.com/domestic/stock/192650/price
192820,코스맥스,엔터/미디어/소비재,B,+4.19%,B (유지),기존 등급 유지,"310,500",34.50%,X,0,5,"-98,280","105,906",O,O,112.7%,상승과열,관망(C),"275,525원 ~ 285,300원","285,300","275,525","240,295","212,105",https://stock.naver.com/domestic/stock/192820/price
195870,해성디에스,반도체/소부장,B,--3.75%,B (유지),기존 등급 유지,"64,200",20.48%,X,1,0,"41,989","-29,150",O,X,112.2%,상승과열,관망(C),"57,205원 ~ 65,020원","65,020","57,205","54,510","64,771",https://stock.naver.com/domestic/stock/195870/price
200470,에이팩트,일반 주도주,B,--1.58%,A -> B (하향),쌍끌이 매수 중단,"9,970",4.23%,X,1,0,"243,557","-94,727",O,X,129.0%,단기과열(경계),단기과열 (추격금지),"7,728원 ~ 9,976원","9,976","7,728","6,216","7,444",https://stock.naver.com/domestic/stock/200470/price
211050,인카금융서비스,금융/지주,B,+2.37%,C -> B (상향),외인/기관 쌍끌이 유입,"9,920",2.35%,O,1,2,"15,384","-1,472",X,X,97.0%,적정(안전),관망(C),"9,748원 ~ 10,232원","9,748","10,232","10,330","10,299",https://stock.naver.com/domestic/stock/211050/price
214430,아이쓰리시스템,조선/방산/중공업,B,--2.23%,B (유지),기존 등급 유지,"79,000",3.45%,X,0,4,"-37,849","13,448",O,X,119.2%,단기과열(경계),단기과열 (추격금지),"66,280원 ~ 77,880원","77,880","66,280","63,477","72,871",https://stock.naver.com/domestic/stock/214430/price
218410,RFHIC,조선/방산/중공업,B,--6.73%,B (유지),기존 등급 유지,"58,200",18.71%,X,1,0,"-140,956","76,915",O,X,105.2%,적정(안전),관망(C),"55,328원 ~ 60,360원","60,360","55,328","49,994","67,848",https://stock.naver.com/domestic/stock/218410/price
222080,SFA넥셀,2차전지/배터리,B,--4.22%,B (유지),기존 등급 유지,"8,400",10.90%,X,0,4,"-193,731","34,163",O,X,108.0%,상승과열,관망(C),"7,780원 ~ 8,344원","8,344","7,780","7,578","9,959",https://stock.naver.com/domestic/stock/222080/price
222800,심텍,반도체/소부장,B,--3.31%,B (유지),기존 등급 유지,"169,200",14.27%,X,4,0,"343,241","-250,910",O,O,119.8%,단기과열(경계),단기과열 (추격금지),"141,215원 ~ 164,740원","164,740","141,215","117,747","112,910",https://stock.naver.com/domestic/stock/222800/price
225570,넥슨게임즈,IT/소프트웨어/AI,B,--4.02%,C -> B (상향),외인/기관 쌍끌이 유입,"10,510",2.39%,O,1,4,"3,949","66,803",X,X,94.3%,이격과도(눌림),추세초입(B),"10,648원 ~ 11,142원","10,648","11,142","9,972","10,221",https://stock.naver.com/domestic/stock/225570/price
226950,올릭스,바이오/헬스케어,B,--1.63%,B (유지),기존 등급 유지,"120,600",9.41%,X,0,5,"-201,426","201,402",O,X,112.3%,상승과열,관망(C),"107,345원 ~ 115,900원","115,900","107,345","109,780","132,598",https://stock.naver.com/domestic/stock/226950/price
229640,LS에코에너지,전력/에너지/원자력,B,+1.19%,B (유지),기존 등급 유지,"68,200",4.51%,X,0,5,"-94,977","135,515",O,X,118.7%,단기과열(경계),단기과열 (추격금지),"57,478원 ~ 65,940원","65,940","57,478","48,853","57,677",https://stock.naver.com/domestic/stock/229640/price
232140,와이씨,IT/소프트웨어/AI,B,--6.84%,B (유지),기존 등급 유지,"16,890",6.28%,X,1,0,"-66,589","-19,550",O,X,124.4%,단기과열(경계),단기과열 (추격금지),"13,580원 ~ 16,538원","16,538","13,580","11,288","14,302",https://stock.naver.com/domestic/stock/232140/price
236200,슈프리마,일반 주도주,B,--10.26%,B (유지),기존 등급 유지,"54,200",29.88%,X,0,5,"-27,058","2,638",O,O,101.8%,적정(안전),관망(C),"53,235원 ~ 56,940원","56,940","53,235","53,147","49,910",https://stock.naver.com/domestic/stock/236200/price
237690,에스티팜,바이오/헬스케어,B,--0.83%,B (유지),기존 등급 유지,"96,100",13.30%,X,0,2,"-10,596","20,200",O,X,104.5%,적정(안전),관망(C),"91,985원 ~ 94,700원","94,700","91,985","102,060","118,463",https://stock.naver.com/domestic/stock/237690/price
240810,원익IPS,반도체/소부장,B,--7.08%,B (유지),기존 등급 유지,"131,300",13.67%,X,0,0,"-503,333","-170,557",O,X,105.1%,적정(안전),관망(C),"124,895원 ~ 137,640원","137,640","124,895","113,978","122,193",https://stock.naver.com/domestic/stock/240810/price
247540,에코프로비엠,2차전지/배터리,B,--3.49%,B (유지),기존 등급 유지,"124,400",15.42%,X,0,0,"73,048","5,982",O,X,112.9%,상승과열,관망(C),"110,230원 ~ 118,680원","118,680","110,230","110,105","148,087",https://stock.naver.com/domestic/stock/247540/price
251970,펌텍코리아,엔터/미디어/소비재,B,+7.30%,B (유지),기존 등급 유지,"67,600",12.93%,X,0,2,"-6,516","48,539",O,O,114.5%,상승과열,관망(C),"59,060원 ~ 63,480원","63,480","59,060","53,432","46,307",https://stock.naver.com/domestic/stock/251970/price
252990,샘씨엔에스,반도체/소부장,B,--4.77%,B (유지),기존 등급 유지,"18,750",10.66%,X,5,0,"783,230","-741,970",O,O,109.3%,상승과열,관망(C),"17,147원 ~ 19,764원","19,764","17,147","14,623","13,816",https://stock.naver.com/domestic/stock/252990/price
253450,스튜디오드래곤,엔터/미디어/소비재,B,+0.98%,B (유지),기존 등급 유지,"20,600",8.82%,O,3,4,"7,297","3,562",X,X,98.2%,적정(안전),관망(C),"20,490원 ~ 20,978원","20,490","20,978","21,575","24,880",https://stock.naver.com/domestic/stock/253450/price
263750,펄어비스,IT/소프트웨어/AI,B,+0.76%,C -> B (상향),외인/기관 쌍끌이 유입,"33,200",5.13%,O,1,2,"4,431","5,878",X,X,97.3%,적정(안전),추세초입(B),"33,130원 ~ 34,122원","33,130","34,122","33,597","39,950",https://stock.naver.com/domestic/stock/263750/price
271940,일진하이솔루스,일반 주도주,B,--0.93%,B (유지),기존 등급 유지,"11,690",3.38%,X,0,0,"13,902","-4,598",O,X,103.5%,적정(안전),관망(C),"11,290원 ~ 11,556원","11,556","11,290","10,741","12,531",https://stock.naver.com/domestic/stock/271940/price
272210,한화시스템,조선/방산/중공업,B,--4.90%,B (유지),기존 등급 유지,"77,700",9.75%,X,0,5,"-694,353","757,466",O,X,103.9%,적정(안전),관망(C),"74,795원 ~ 79,080원","79,080","74,795","71,002","87,663",https://stock.naver.com/domestic/stock/272210/price
272450,진에어,일반 주도주,B,0.00%,C -> B (상향),외인/기관 쌍끌이 유입,"5,830",1.25%,O,1,1,"-33,364","1,585",X,X,97.4%,적정(안전),추세초입(B),"5,918원 ~ 5,986원","5,918","5,986","5,565","5,813",https://stock.naver.com/domestic/stock/272450/price
274090,켄코아에어로스페이스,반도체/소부장,B,--11.22%,B (유지),기존 등급 유지,"12,180",1.10%,X,0,0,"-361,280","2,083",O,X,105.3%,적정(안전),관망(C),"11,564원 ~ 12,856원","12,856","11,564","10,474","15,494",https://stock.naver.com/domestic/stock/274090/price
277810,레인보우로보틱스,IT/소프트웨어/AI,B,--3.97%,A -> B (하향),쌍끌이 매수 중단,"447,500",6.03%,X,0,0,"36,378","16,207",O,X,102.5%,적정(안전),관망(C),"436,750원 ~ 443,400원","443,400","436,750","445,233","543,104",https://stock.naver.com/domestic/stock/277810/price
280360,롯데웰푸드,일반 주도주,B,+2.17%,C -> B (상향),외인/기관 쌍끌이 유입,"122,300",13.99%,O,3,1,"6,089","-8,610",X,X,93.9%,이격과도(눌림),추세초입(B),"121,320원 ~ 130,220원","121,320","130,220","122,032","116,493",https://stock.naver.com/domestic/stock/280360/price
281740,레이크머티리얼즈,2차전지/배터리,B,--3.37%,A -> B (하향),쌍끌이 매수 중단,"12,630",8.38%,X,0,4,"-171,275","99,138",O,X,111.6%,상승과열,관망(C),"11,314원 ~ 12,430원","12,430","11,314","11,724","15,207",https://stock.naver.com/domestic/stock/281740/price
289930,웨이비스,반도체/소부장,B,--2.64%,B (유지),기존 등급 유지,"8,120",6.78%,X,1,0,"-14,662",309,O,X,105.7%,적정(안전),관망(C),"7,684원 ~ 8,240원","8,240","7,684","7,192","10,728",https://stock.naver.com/domestic/stock/289930/price
290650,엘앤씨바이오,바이오/헬스케어,B,+9.54%,B (유지),기존 등급 유지,"57,400",22.78%,X,0,5,"-246,660","104,898",O,X,116.9%,단기과열(경계),단기과열 (추격금지),"49,105원 ~ 54,300원","54,300","49,105","54,862","64,949",https://stock.naver.com/domestic/stock/290650/price
293490,카카오게임즈,IT/소프트웨어/AI,B,+0.80%,B (유지),기존 등급 유지,"10,090",4.55%,X,1,0,"84,246","118,525",O,X,107.0%,적정(안전),관망(C),"9,433원 ~ 9,902원","9,902","9,433","8,673","9,405",https://stock.naver.com/domestic/stock/293490/price
293940,신한알파리츠,건설/인프라,B,0.00%,A -> B (하향),쌍끌이 매수 중단,"5,530",11.12%,X,0,0,"-10,898","10,934",O,X,100.8%,적정(안전),관망(C),"5,486원 ~ 5,560원","5,560","5,486","5,354","5,460",https://stock.naver.com/domestic/stock/293940/price
295310,에이치브이엠,조선/방산/중공업,B,--8.74%,B (유지),기존 등급 유지,"70,000",2.51%,X,0,0,"-91,318","188,282",O,X,120.3%,단기과열(경계),단기과열 (추격금지),"58,172원 ~ 67,980원","67,980","58,172","49,062","68,198",https://stock.naver.com/domestic/stock/295310/price
297090,씨에스베어링,일반 주도주,B,--0.30%,B (유지),기존 등급 유지,"4,985",2.38%,X,0,0,"15,966",546,O,X,107.6%,적정(안전),관망(C),"4,631원 ~ 4,915원","4,915","4,631","4,081","5,039",https://stock.naver.com/domestic/stock/297090/price
302440,SK바이오사이언스,바이오/헬스케어,B,+1.34%,B (유지),기존 등급 유지,"37,750",6.06%,X,2,0,"5,417","-9,251",O,X,102.9%,적정(안전),관망(C),"36,682원 ~ 36,940원","36,940","36,682","36,232","38,457",https://stock.naver.com/domestic/stock/302440/price
308430,셀비온,바이오/헬스케어,B,--2.89%,B (유지),기존 등급 유지,"13,800",2.49%,X,0,1,"-7,602","2,028",O,X,101.3%,적정(안전),관망(C),"13,624원 ~ 14,186원","14,186","13,624","13,295","18,990",https://stock.naver.com/domestic/stock/308430/price
310200,애니플러스,일반 주도주,B,--4.94%,A -> B (하향),쌍끌이 매수 중단,"2,115",2.49%,X,0,0,"4,544","121,560",O,X,104.7%,적정(안전),관망(C),"2,020원 ~ 2,152원","2,152","2,020","2,375","2,404",https://stock.naver.com/domestic/stock/310200/price
310210,보로노이,바이오/헬스케어,B,--6.02%,B (유지),기존 등급 유지,"145,300",5.68%,X,0,4,"-47,639","15,286",O,X,100.4%,적정(안전),관망(C),"144,700원 ~ 145,900원","145,900","144,700","148,987","197,076",https://stock.naver.com/domestic/stock/310210/price
314130,지놈앤컴퍼니,바이오/헬스케어,B,--10.03%,B (유지),기존 등급 유지,"5,290",2.64%,X,0,0,"-63,305","-415,707",O,X,127.4%,단기과열(경계),단기과열 (추격금지),"4,151원 ~ 5,458원","5,458","4,151","3,940","4,848",https://stock.naver.com/domestic/stock/314130/price
316140,우리금융지주,금융/지주,B,0.00%,C -> B (상향),외인/기관 쌍끌이 유입,"33,400",52.07%,O,1,4,"-1,281,638","1,091,754",X,X,95.1%,이격과도(눌림),추세초입(B),"33,810원 ~ 35,105원","33,810","35,105","33,432","32,580",https://stock.naver.com/domestic/stock/316140/price
319660,피에스케이,반도체/소부장,B,--10.91%,B (유지),기존 등급 유지,"137,200",21.14%,X,1,0,"-98,146","-297,801",O,X,101.2%,적정(안전),관망(C),"135,610원 ~ 150,720원","150,720","135,610","138,768","131,909",https://stock.naver.com/domestic/stock/319660/price
321550,티움바이오,바이오/헬스케어,B,--0.63%,B (유지),기존 등급 유지,"4,695",3.39%,X,0,0,"-13,578","-19,592",O,X,101.9%,적정(안전),관망(C),"4,609원 ~ 4,679원","4,679","4,609","4,370","5,963",https://stock.naver.com/domestic/stock/321550/price
322000,HD현대에너지솔루션,전력/에너지/원자력,B,--3.18%,A -> B (하향),쌍끌이 매수 중단,"146,200",8.03%,X,0,5,"125,383","86,410",O,X,112.0%,상승과열,관망(C),"130,495원 ~ 139,360원","139,360","130,495","128,287","148,477",https://stock.naver.com/domestic/stock/322000/price
323280,태성,반도체/소부장,B,--2.30%,B (유지),기존 등급 유지,"59,600",6.00%,X,0,5,"-164,907","38,876",O,X,118.6%,단기과열(경계),단기과열 (추격금지),"50,268원 ~ 60,200원","60,200","50,268","44,434","51,700",https://stock.naver.com/domestic/stock/323280/price
327260,RF머트리얼즈,조선/방산/중공업,B,--9.34%,A -> B (하향),쌍끌이 매수 중단,"52,400",8.42%,X,0,0,"-16,701","15,386",O,X,112.9%,상승과열,관망(C),"46,422원 ~ 52,640원","52,640","46,422","39,495","60,704",https://stock.naver.com/domestic/stock/327260/price
328130,루닛,바이오/헬스케어,B,+0.36%,B (유지),기존 등급 유지,"11,160",8.42%,X,0,2,"73,209","-105,801",O,X,115.6%,단기과열(경계),단기과열 (추격금지),"9,654원 ~ 10,962원","10,962","9,654","9,712","15,257",https://stock.naver.com/domestic/stock/328130/price
336570,원텍,반도체/소부장,B,--1.36%,B (유지),기존 등급 유지,"5,080",3.44%,X,2,0,"24,194","10,871",O,X,102.1%,적정(안전),관망(C),"4,976원 ~ 5,041원","5,041","4,976","5,035","6,138",https://stock.naver.com/domestic/stock/336570/price
347700,스피어,조선/방산/중공업,B,--5.41%,A -> B (하향),쌍끌이 매수 중단,"25,350",7.28%,X,0,5,"-355,541","617,850",O,X,114.1%,상승과열,관망(C),"22,213원 ~ 24,400원","24,400","22,213","21,123","28,485",https://stock.naver.com/domestic/stock/347700/price
348340,뉴로메카,IT/소프트웨어/AI,B,--5.99%,A -> B (하향),쌍끌이 매수 중단,"21,200",4.25%,X,0,0,"-61,622","-86,262",O,X,108.3%,상승과열,관망(C),"19,576원 ~ 21,460원","21,460","19,576","22,316","38,591",https://stock.naver.com/domestic/stock/348340/price
353200,대덕전자,반도체/소부장,B,--5.13%,B (유지),기존 등급 유지,"149,800",16.67%,X,0,2,"-100,283","102,675",O,X,128.2%,단기과열(경계),단기과열 (추격금지),"116,865원 ~ 147,480원","147,480","116,865","111,818","122,919",https://stock.naver.com/domestic/stock/353200/price
354320,알멕,조선/방산/중공업,B,--1.88%,B (유지),기존 등급 유지,"49,650",2.94%,X,0,1,"-20,311","12,440",O,X,124.9%,단기과열(경계),단기과열 (추격금지),"39,745원 ~ 45,370원","45,370","39,745","32,276","50,088",https://stock.naver.com/domestic/stock/354320/price
356860,티엘비,반도체/소부장,B,--1.19%,A -> B (하향),쌍끌이 매수 중단,"49,800",6.61%,X,5,0,"89,695","17,731",O,X,119.2%,단기과열(경계),단기과열 (추격금지),"41,775원 ~ 48,730원","48,730","41,775","39,121","65,366",https://stock.naver.com/domestic/stock/356860/price
357780,솔브레인,반도체/소부장,B,--4.24%,B (유지),기존 등급 유지,"407,000",30.12%,X,1,0,"-2,628","15,886",O,X,112.8%,상승과열,관망(C),"360,775원 ~ 418,400원","418,400","360,775","322,142","362,362",https://stock.naver.com/domestic/stock/357780/price
358570,지아이이노베이션,바이오/헬스케어,B,--2.21%,B (유지),기존 등급 유지,"8,870",9.25%,X,0,4,"-172,793","48,391",O,X,101.1%,적정(안전),관망(C),"8,777원 ~ 8,860원","8,860","8,777","8,231","10,585",https://stock.naver.com/domestic/stock/358570/price
361390,제노코,조선/방산/중공업,B,--4.83%,B (유지),기존 등급 유지,"12,800",20.42%,X,0,0,"-29,276","-9,563",O,X,100.4%,적정(안전),관망(C),"12,744원 ~ 13,276원","13,276","12,744","12,712","17,555",https://stock.naver.com/domestic/stock/361390/price
365340,성일하이텍,2차전지/배터리,B,--4.35%,B (유지),기존 등급 유지,"37,400",3.03%,X,0,1,"-1,517","-10,500",O,X,103.8%,적정(안전),관망(C),"36,048원 ~ 37,470원","37,470","36,048","34,104","47,336",https://stock.naver.com/domestic/stock/365340/price
365550,ESR켄달스퀘어리츠,건설/인프라,B,+1.11%,B (유지),기존 등급 유지,"3,175",38.84%,X,0,5,"-143,223","149,098",O,X,101.0%,적정(안전),관망(C),"3,130원 ~ 3,142원","3,130","3,142","3,178","3,593",https://stock.naver.com/domestic/stock/365550/price
368770,파이버프로,조선/방산/중공업,B,--3.86%,A -> B (하향),쌍끌이 매수 중단,"13,960",2.23%,X,0,1,"-234,766","24,878",O,X,107.2%,적정(안전),관망(C),"13,025원 ~ 13,982원","13,982","13,025","12,632","15,747",https://stock.naver.com/domestic/stock/368770/price
388720,유일로보틱스,일반 주도주,B,--3.20%,A -> B (하향),쌍끌이 매수 중단,"69,500",16.00%,X,5,0,"23,147","-10,293",O,X,101.3%,적정(안전),관망(C),"68,630원 ~ 69,740원","69,740","68,630","66,997","77,919",https://stock.naver.com/domestic/stock/388720/price
389140,포바이포,일반 주도주,B,--1.42%,A -> B (하향),쌍끌이 매수 중단,"5,560",1.75%,X,0,5,"-1,854",486,O,X,102.6%,적정(안전),관망(C),"5,417원 ~ 5,566원","5,566","5,417","5,107","6,159",https://stock.naver.com/domestic/stock/389140/price
393890,더블유씨피,일반 주도주,B,--4.71%,B (유지),기존 등급 유지,"10,310",2.24%,X,0,1,"-35,566","-35,103",O,X,101.8%,적정(안전),관망(C),"10,125원 ~ 10,500원","10,500","10,125","8,936","11,767",https://stock.naver.com/domestic/stock/393890/price
402340,SK스퀘어,반도체/소부장,B,--2.15%,A -> B (하향),쌍끌이 매수 중단,"1,136,000",46.75%,X,0,1,"-55,134","130,827",O,X,102.6%,적정(안전),관망(C),"1,107,200원 ~ 1,147,600원","1,147,600","1,107,200","1,093,467","1,147,450",https://stock.naver.com/domestic/stock/402340/price
403850,더핑크퐁컴퍼니,엔터/미디어/소비재,B,+1.53%,B (유지),기존 등급 유지,"12,640",4.39%,X,2,0,"41,116","-3,860",O,X,101.5%,적정(안전),관망(C),"12,348원 ~ 12,458원","12,348","12,458","11,691","12,661",https://stock.naver.com/domestic/stock/403850/price
403870,HPSP,반도체/소부장,B,--4.65%,B (유지),기존 등급 유지,"65,600",33.83%,X,2,0,"-281,605","2,593",O,X,113.8%,상승과열,관망(C),"57,670원 ~ 66,900원","66,900","57,670","46,901","49,458",https://stock.naver.com/domestic/stock/403870/price
416180,신성에스티,전력/에너지/원자력,B,--1.44%,B (유지),기존 등급 유지,"27,300",1.46%,X,0,2,"12,152","19,151",O,X,109.5%,상승과열,관망(C),"24,928원 ~ 26,380원","26,380","24,928","21,982","26,180",https://stock.naver.com/domestic/stock/416180/price
417840,저스템,반도체/소부장,B,--3.80%,A -> B (하향),쌍끌이 매수 중단,"18,730",8.80%,X,5,0,"260,588","-117,474",O,X,116.3%,단기과열(경계),단기과열 (추격금지),"16,104원 ~ 18,810원","18,810","16,104","13,218","13,570",https://stock.naver.com/domestic/stock/417840/price
420770,기가비스,반도체/소부장,B,--0.15%,B (유지),기존 등급 유지,"135,300",6.59%,X,0,0,"9,293","-25,227",O,X,119.3%,단기과열(경계),단기과열 (추격금지),"113,365원 ~ 132,300원","132,300","113,365","118,123","122,624",https://stock.naver.com/domestic/stock/420770/price
437730,삼현,일반 주도주,B,--2.90%,A -> B (하향),쌍끌이 매수 중단,"50,300",1.27%,X,1,0,"-36,410","-92,089",O,X,107.0%,적정(안전),관망(C),"47,008원 ~ 51,060원","51,060","47,008","38,388","43,487",https://stock.naver.com/domestic/stock/437730/price
439260,대한조선,조선/방산/중공업,B,--1.47%,B (유지),기존 등급 유지,"46,900",2.16%,X,0,3,"-26,543","11,278",O,X,100.7%,적정(안전),관망(C),"46,520원 ~ 46,580원","46,520","46,580","47,766","59,171",https://stock.naver.com/domestic/stock/439260/price
440110,파두,반도체/소부장,B,--4.88%,B (유지),기존 등급 유지,"81,900",24.85%,X,1,0,"-139,590","58,421",O,X,110.7%,상승과열,관망(C),"73,995원 ~ 85,480원","85,480","73,995","68,048","79,004",https://stock.naver.com/domestic/stock/440110/price
445680,큐리옥스바이오시스템즈,바이오/헬스케어,B,--4.88%,B (유지),기존 등급 유지,"58,500",6.61%,X,0,0,"-50,302","12,409",O,X,114.6%,상승과열,관망(C),"51,060원 ~ 58,740원","58,740","51,060","46,001","61,288",https://stock.naver.com/domestic/stock/445680/price
450080,에코프로머티,2차전지/배터리,B,--4.03%,B (유지),기존 등급 유지,"38,100",14.18%,X,5,0,"98,793","-166,252",O,X,105.3%,적정(안전),관망(C),"36,175원 ~ 37,640원","37,640","36,175","35,888","49,327",https://stock.naver.com/domestic/stock/450080/price
451800,한화리츠,건설/인프라,B,--0.19%,B (유지),기존 등급 유지,"5,340",1.02%,X,0,5,"-18,684","60,899",O,X,100.4%,적정(안전),관망(C),"5,320원 ~ 5,344원","5,344","5,320","5,182","5,202",https://stock.naver.com/domestic/stock/451800/price
453340,현대그린푸드,일반 주도주,B,+1.77%,C -> B (상향),수급 및 차트 조건 개선,"18,990",15.60%,X,3,0,"10,247","-9,100",O,O,100.3%,적정(안전),관망(C),"18,938원 ~ 18,966원","18,966","18,938","18,631","17,863",https://stock.naver.com/domestic/stock/453340/price
454910,두산로보틱스,IT/소프트웨어/AI,B,--4.55%,A -> B (하향),쌍끌이 매수 중단,"71,400",5.58%,X,0,0,"62,245","-10,641",O,X,101.0%,적정(안전),관망(C),"70,720원 ~ 72,100원","72,100","70,720","69,638","86,205",https://stock.naver.com/domestic/stock/454910/price
456160,지투지바이오,바이오/헬스케어,B,+1.14%,B (유지),기존 등급 유지,"44,400",5.18%,X,0,5,"-128,711","101,198",O,X,124.1%,단기과열(경계),단기과열 (추격금지),"35,790원 ~ 42,190원","42,190","35,790","35,475","47,358",https://stock.naver.com/domestic/stock/456160/price
457190,이수스페셜티케미컬,2차전지/배터리,B,--5.70%,B (유지),기존 등급 유지,"79,400",4.67%,X,0,1,"-70,624","23,587",O,X,114.7%,상승과열,관망(C),"69,200원 ~ 80,540원","80,540","69,200","63,699","79,104",https://stock.naver.com/domestic/stock/457190/price
458870,씨어스,IT/소프트웨어/AI,B,--4.81%,B (유지),기존 등급 유지,"25,750",4.23%,X,0,0,"-55,619","-44,272",O,X,104.0%,적정(안전),관망(C),"24,750원 ~ 26,320원","26,320","24,750","25,053","31,435",https://stock.naver.com/domestic/stock/458870/price
462350,이노스페이스,조선/방산/중공업,B,+3.31%,A -> B (하향),쌍끌이 매수 중단,"6,560",1.89%,X,0,1,"-308,846","124,478",O,X,104.6%,적정(안전),관망(C),"6,274원 ~ 6,328원","6,328","6,274","6,417","10,203",https://stock.naver.com/domestic/stock/462350/price
462870,시프트업,IT/소프트웨어/AI,B,+0.81%,C -> B (상향),외인/기관 쌍끌이 유입,"31,000",36.74%,O,1,1,"-16,253","19,458",X,X,99.0%,적정(안전),관망(C),"30,920원 ~ 31,300원","30,920","31,300","31,831","31,994",https://stock.naver.com/domestic/stock/462870/price
468530,프로티나,바이오/헬스케어,B,--16.70%,A -> B (하향),쌍끌이 매수 중단,"42,900",1.99%,X,0,0,"-15,970","-3,156",O,X,109.8%,상승과열,관망(C),"39,068원 ~ 49,640원","49,640","39,068","31,535","37,671",https://stock.naver.com/domestic/stock/468530/price
475960,토모큐브,바이오/헬스케어,B,--4.04%,B (유지),기존 등급 유지,"34,450",2.04%,X,3,0,"16,025","-29,011",O,X,115.1%,단기과열(경계),단기과열 (추격금지),"29,928원 ~ 35,210원","35,210","29,928","32,292","38,790",https://stock.naver.com/domestic/stock/475960/price
476830,알지노믹스,바이오/헬스케어,B,--7.19%,B (유지),기존 등급 유지,"27,750",8.86%,X,0,0,"-237,304","-68,781",O,X,102.9%,적정(안전),관망(C),"26,960원 ~ 27,860원","27,860","26,960","28,986","78,613",https://stock.naver.com/domestic/stock/476830/price
483650,달바글로벌,엔터/미디어/소비재,B,--0.05%,B (유지),기존 등급 유지,"182,800",43.90%,X,3,0,"68,450","-87,544",O,X,102.2%,적정(안전),관망(C),"178,810원 ~ 183,860원","183,860","178,810","210,157","212,059",https://stock.naver.com/domestic/stock/483650/price
484590,삼양컴텍,반도체/소부장,B,--2.60%,B (유지),기존 등급 유지,"7,120",4.28%,X,0,0,"-74,657","9,286",O,X,102.9%,적정(안전),관망(C),"6,919원 ~ 7,298원","7,298","6,919","6,477","8,128",https://stock.naver.com/domestic/stock/484590/price
484870,엠앤씨솔루션,조선/방산/중공업,B,--1.14%,A -> B (하향),쌍끌이 매수 중단,"19,040",6.57%,X,0,3,"33,807","88,280",O,X,105.1%,적정(안전),관망(C),"18,112원 ~ 18,382원","18,382","18,112","18,247","51,272",https://stock.naver.com/domestic/stock/484870/price
486990,노타,IT/소프트웨어/AI,B,--2.88%,B (유지),기존 등급 유지,"20,200",1.11%,X,0,0,"-5,498","-15,801",O,X,107.3%,적정(안전),관망(C),"18,821원 ~ 20,342원","20,342","18,821","18,850","24,168",https://stock.naver.com/domestic/stock/486990/price
489790,한화비전,반도체/소부장,B,--4.39%,B (유지),기존 등급 유지,"49,050",24.11%,X,0,1,"-70,270","-52,373",O,X,102.0%,적정(안전),관망(C),"48,108원 ~ 51,030원","51,030","48,108","47,552","59,211",https://stock.naver.com/domestic/stock/489790/price
490470,세미파이브,IT/소프트웨어/AI,B,+1.61%,B (유지),기존 등급 유지,"22,150",4.19%,X,0,2,"-19,003","49,659",O,X,131.0%,단기과열(경계),단기과열 (추격금지),"16,914원 ~ 20,736원","20,736","16,914","16,694","24,660",https://stock.naver.com/domestic/stock/490470/price
491000,리브스메드,바이오/헬스케어,B,--1.69%,B (유지),기존 등급 유지,"37,750",3.15%,X,0,2,"-76,882","9,182",O,X,116.6%,단기과열(경계),단기과열 (추격금지),"32,378원 ~ 35,950원","35,950","32,378","36,376","44,649",https://stock.naver.com/domestic/stock/491000/price
493280,아이엠바이오로직스,바이오/헬스케어,B,--1.42%,B (유지),기존 등급 유지,"18,700",3.20%,X,0,0,"-52,890","-64,074",O,X,113.8%,상승과열,관망(C),"16,438원 ~ 17,900원","17,900","16,438","16,892","26,786",https://stock.naver.com/domestic/stock/493280/price
950260,인제니아테라퓨틱스(Reg.S),바이오/헬스케어,B,--5.81%,B (유지),기존 등급 유지,"27,550",1.19%,X,2,0,"-10,671","-50,519",O,X,131.7%,단기과열(경계),단기과열 (추격금지),"20,926원 ~ 28,100원","28,100","20,926",0,0,https://stock.naver.com/domestic/stock/950260/price
000080,하이트진로,일반 주도주,C,--0.14%,C (유지),기존 등급 유지,"14,770",7.63%,X,1,0,"12,784","-7,790",X,X,97.9%,적정(안전),관망(C),"14,806원 ~ 15,083원","14,806","15,083","15,221","15,746",https://stock.naver.com/domestic/stock/000080/price
000100,유한양행,바이오/헬스케어,C,--1.44%,C (유지),기존 등급 유지,"75,200",21.08%,X,2,0,"33,221","-48,086",X,X,98.1%,적정(안전),관망(C),"74,620원 ~ 76,645원","74,620","76,645","76,930","79,902",https://stock.naver.com/domestic/stock/000100/price
000120,CJ대한통운,일반 주도주,C,+0.86%,C (유지),기존 등급 유지,"70,500",15.19%,X,1,0,"-8,298","-13,563",X,X,98.8%,적정(안전),관망(C),"70,260원 ~ 71,360원","70,260","71,360","73,243","81,252",https://stock.naver.com/domestic/stock/000120/price
000270,기아,자동차/모빌리티,C,--2.93%,C (유지),기존 등급 유지,"109,300",39.07%,X,3,0,"89,101","-546,366",X,X,91.3%,이격과도(눌림),관망(C),"112,440원 ~ 119,740원","112,440","119,740","129,528","143,558",https://stock.naver.com/domestic/stock/000270/price
000370,한화손해보험,금융/지주,C,+1.52%,C (유지),기존 등급 유지,"7,340",14.43%,X,0,0,"-73,088","77,667",X,X,92.7%,이격과도(눌림),관망(C),"7,320원 ~ 7,920원","7,320","7,920","7,031","6,758",https://stock.naver.com/domestic/stock/000370/price
000660,SK하이닉스,반도체/소부장,C,--3.27%,C (유지),기존 등급 유지,"1,715,000",49.60%,X,0,0,"-1,688,223","-177,213",X,X,95.4%,이격과도(눌림),관망(C),"1,790,400원 ~ 1,797,500원","1,790,400","1,797,500","1,724,250","1,834,508",https://stock.naver.com/domestic/stock/000660/price
000670,영풍,철강/소재/화학,C,--2.66%,C (유지),기존 등급 유지,"40,200",15.42%,X,0,0,"3,903","-10,193",X,X,93.9%,이격과도(눌림),관망(C),"40,750원 ~ 42,825원","40,750","42,825","39,028","46,469",https://stock.naver.com/domestic/stock/000670/price
000720,현대건설,전력/에너지/원자력,C,--2.21%,C (유지),기존 등급 유지,"110,400",25.03%,X,0,0,"-67,576","-334,411",X,X,88.9%,이격과도(눌림),관망(C),"114,720원 ~ 124,180원","114,720","124,180","113,335","129,413",https://stock.naver.com/domestic/stock/000720/price
000810,삼성화재,금융/지주,C,--1.57%,C (유지),기존 등급 유지,"625,000",57.47%,X,0,1,"-4,011","2,491",X,X,96.1%,이격과도(눌림),관망(C),"630,800원 ~ 650,700원","630,800","650,700","644,100","609,096",https://stock.naver.com/domestic/stock/000810/price
000815,삼성화재우,금융/지주,C,--0.13%,C (유지),기존 등급 유지,"394,500",33.58%,X,0,2,"-6,131","-1,553",X,X,96.5%,이격과도(눌림),관망(C),"394,400원 ~ 408,875원","394,400","408,875","405,342","398,858",https://stock.naver.com/domestic/stock/000815/price
000880,한화,전력/에너지/원자력,C,--6.64%,B -> C (하향),"20일선 이탈, 쌍끌이 매수 중단","118,100",21.48%,X,0,0,"-20,454","-12,719",X,X,88.8%,이격과도(눌림),관망(C),"124,380원 ~ 133,025원","124,380","133,025","108,633","116,593",https://stock.naver.com/domestic/stock/000880/price
00088K,한화3우B,일반 주도주,C,--2.97%,B -> C (하향),"20일선 이탈, 쌍끌이 매수 중단","37,600",30.02%,X,3,0,"4,285","-1,850",X,X,92.5%,이격과도(눌림),관망(C),"38,840원 ~ 40,662원","38,840","40,662","35,102","39,985",https://stock.naver.com/domestic/stock/00088K/price
001040,CJ,일반 주도주,C,+0.62%,C (유지),기존 등급 유지,"130,800",18.51%,X,2,0,"7,313","-7,058",X,X,99.9%,적정(안전),관망(C),"130,870원 ~ 131,440원","131,440","130,870","131,947","159,282",https://stock.naver.com/domestic/stock/001040/price
0011A0,액스비스,일반 주도주,C,--8.86%,B -> C (하향),"20일선 이탈, 쌍끌이 매수 중단","11,000",0.83%,X,0,1,"-5,826","-49,389",X,X,93.5%,이격과도(눌림),관망(C),"11,578원 ~ 11,768원","11,578","11,768","9,803","14,204",https://stock.naver.com/domestic/stock/0011A0/price
001200,유진투자증권,금융/지주,C,--0.86%,B -> C (하향),"20일선 이탈, 쌍끌이 매수 중단","4,035",11.15%,X,0,0,"-158,053","-3,739",X,X,96.0%,이격과도(눌림),관망(C),"4,067원 ~ 4,204원","4,067","4,204","4,237","4,625",https://stock.naver.com/domestic/stock/001200/price
001430,세아베스틸지주,철강/소재/화학,C,--6.98%,B -> C (하향),"20일선 이탈, 쌍끌이 매수 중단","43,950",5.81%,X,0,0,"-68,264","-3,404",X,X,99.8%,적정(안전),관망(C),"44,050원 ~ 46,100원","46,100","44,050","39,975","48,039",https://stock.naver.com/domestic/stock/001430/price
001440,대한전선,IT/소프트웨어/AI,C,--6.30%,A -> C (하향),"20일선 이탈, 쌍끌이 매수 중단","29,750",10.03%,X,0,0,"-1,089,549","-75,384",X,X,99.2%,적정(안전),관망(C),"29,978원 ~ 30,670원","30,670","29,978","28,378","36,527",https://stock.naver.com/domestic/stock/001440/price
001450,현대해상,금융/지주,C,+2.45%,C (유지),기존 등급 유지,"48,050",39.56%,X,4,0,"193,690","-115,351",X,X,98.3%,적정(안전),관망(C),"47,560원 ~ 48,885원","47,560","48,885","45,045","39,720",https://stock.naver.com/domestic/stock/001450/price
001500,현대차증권,금융/지주,C,--1.03%,C (유지),기존 등급 유지,"7,700",2.88%,X,0,0,"-13,735","-5,355",X,X,97.4%,적정(안전),관망(C),"7,772원 ~ 7,909원","7,772","7,909","7,894","8,962",https://stock.naver.com/domestic/stock/001500/price
001510,SK증권,금융/지주,C,--2.79%,B -> C (하향),"20일선 이탈, 쌍끌이 매수 중단","2,265",2.29%,X,0,0,"-53,549","-30,234",X,X,95.8%,이격과도(눌림),관망(C),"2,310원 ~ 2,364원","2,310","2,364","2,331","2,793",https://stock.naver.com/domestic/stock/001510/price
001680,대상,일반 주도주,C,+0.11%,C (유지),기존 등급 유지,"17,570",16.04%,X,1,0,"-35,044","-4,018",X,X,96.7%,이격과도(눌림),관망(C),"17,752원 ~ 18,166원","17,752","18,166","17,953","18,572",https://stock.naver.com/domestic/stock/001680/price
001720,신영증권,금융/지주,C,--1.55%,C (유지),기존 등급 유지,"139,900",6.34%,X,0,0,"16,810","-19,735",X,X,98.0%,적정(안전),관망(C),"139,820원 ~ 142,695원","139,820","142,695","147,610","166,203",https://stock.naver.com/domestic/stock/001720/price
001800,오리온홀딩스,일반 주도주,C,+0.22%,C (유지),기존 등급 유지,"22,750",9.76%,X,1,0,"-16,568","-12,563",X,X,93.8%,이격과도(눌림),관망(C),"23,020원 ~ 24,260원","23,020","24,260","25,363","25,217",https://stock.naver.com/domestic/stock/001800/price
002030,아세아,철강/소재/화학,C,--0.97%,C (유지),기존 등급 유지,"205,000",5.11%,X,0,4,-102,593,X,X,97.2%,적정(안전),관망(C),"203,960원 ~ 210,815원","203,960","210,815","198,022","207,748",https://stock.naver.com/domestic/stock/002030/price
002310,아세아제지,일반 주도주,C,--0.13%,C (유지),기존 등급 유지,"7,590",4.95%,X,2,0,"12,407","-2,952",X,X,91.0%,이격과도(눌림),관망(C),"7,782원 ~ 8,339원","7,782","8,339","8,011","8,157",https://stock.naver.com/domestic/stock/002310/price
002380,KCC,건설/인프라,C,--2.20%,C (유지),기존 등급 유지,"467,500",20.85%,X,0,0,"5,319","-4,262",X,X,98.0%,적정(안전),관망(C),"471,600원 ~ 477,000원","471,600","477,000","450,650","492,483",https://stock.naver.com/domestic/stock/002380/price
003030,세아제강지주,철강/소재/화학,C,--4.00%,B -> C (하향),"20일선 이탈, 쌍끌이 매수 중단","108,000",7.95%,X,0,0,"-7,938","4,727",X,X,99.7%,적정(안전),관망(C),"108,340원 ~ 113,700원","113,700","108,340","105,488","137,317",https://stock.naver.com/domestic/stock/003030/price
003470,유안타증권,금융/지주,C,--1.28%,C (유지),기존 등급 유지,"4,250",68.43%,X,0,0,"-81,462","-42,740",X,X,93.6%,이격과도(눌림),관망(C),"4,328원 ~ 4,539원","4,328","4,539","4,532","4,911",https://stock.naver.com/domestic/stock/003470/price
003530,한화투자증권,금융/지주,C,--3.48%,B -> C (하향),"20일선 이탈, 쌍끌이 매수 중단","4,440",6.14%,X,0,0,"-188,737","-115,617",X,X,94.7%,이격과도(눌림),관망(C),"4,602원 ~ 4,690원","4,602","4,690","4,579","5,533",https://stock.naver.com/domestic/stock/003530/price
003540,대신증권,금융/지주,C,--0.99%,C (유지),기존 등급 유지,"25,000",9.34%,X,0,0,"-16,392","-19,848",X,X,95.0%,이격과도(눌림),관망(C),"25,340원 ~ 26,310원","25,340","26,310","26,202","29,672",https://stock.naver.com/domestic/stock/003540/price
003550,LG,IT/소프트웨어/AI,C,--4.25%,B -> C (하향),"20일선 이탈, 쌍끌이 매수 중단","110,500",36.62%,X,1,0,"4,023","23,071",X,X,97.0%,적정(안전),관망(C),"111,480원 ~ 113,970원","111,480","113,970","109,008","108,327",https://stock.naver.com/domestic/stock/003550/price
003690,코리안리,금융/지주,C,+0.90%,C (유지),기존 등급 유지,"14,580",26.29%,X,1,0,"-16,422","3,821",X,X,98.8%,적정(안전),관망(C),"14,492원 ~ 14,755원","14,492","14,755","14,387","13,656",https://stock.naver.com/domestic/stock/003690/price
004000,롯데정밀화학,일반 주도주,C,--0.47%,C (유지),기존 등급 유지,"42,600",23.43%,X,2,0,"11,337","-23,966",X,X,95.8%,이격과도(눌림),관망(C),"42,860원 ~ 44,480원","42,860","44,480","45,502","49,010",https://stock.naver.com/domestic/stock/004000/price
004020,현대제철,철강/소재/화학,C,--5.34%,C (유지),기존 등급 유지,"28,350",14.22%,X,0,0,"121,495","-747,800",X,X,86.8%,이격과도(눌림),관망(C),"29,820원 ~ 32,642원","29,820","32,642","29,506","33,340",https://stock.naver.com/domestic/stock/004020/price
004170,신세계,엔터/미디어/소비재,C,--2.60%,C (유지),기존 등급 유지,"318,000",31.18%,X,1,0,"27,290","-54,678",X,X,88.6%,이격과도(눌림),관망(C),"329,000원 ~ 358,950원","329,000","358,950","426,533","489,225",https://stock.naver.com/domestic/stock/004170/price
004370,농심,엔터/미디어/소비재,C,+0.76%,C (유지),기존 등급 유지,"399,000",25.15%,X,0,5,"-5,326","5,870",X,X,98.9%,적정(안전),관망(C),"400,900원 ~ 403,475원","400,900","403,475","398,983","385,575",https://stock.naver.com/domestic/stock/004370/price
004800,효성,일반 주도주,C,--3.55%,C (유지),기존 등급 유지,"152,100",21.58%,X,0,0,780,"-1,724",X,X,94.9%,이격과도(눌림),관망(C),"156,480원 ~ 160,325원","156,480","160,325","156,457","174,782",https://stock.naver.com/domestic/stock/004800/price
005300,롯데칠성,일반 주도주,C,+0.53%,C (유지),기존 등급 유지,"95,400",15.92%,X,1,0,"-2,341","-1,456",X,X,99.3%,적정(안전),관망(C),"95,160원 ~ 96,035원","95,160","96,035","98,335","104,704",https://stock.naver.com/domestic/stock/005300/price
005380,현대차,자동차/모빌리티,C,--3.30%,C (유지),기존 등급 유지,"336,500",23.99%,X,0,0,"-311,802","-241,052",X,X,92.4%,이격과도(눌림),관망(C),"345,600원 ~ 364,050원","345,600","364,050","392,808","488,625",https://stock.naver.com/domestic/stock/005380/price
005387,현대차2우B,자동차/모빌리티,C,--2.62%,B -> C (하향),"20일선 이탈, 쌍끌이 매수 중단","174,900",54.52%,X,0,5,"-64,380","23,597",X,X,98.2%,적정(안전),관망(C),"176,640원 ~ 178,110원","176,640","178,110","190,253","219,168",https://stock.naver.com/domestic/stock/005387/price
005440,현대지에프홀딩스,일반 주도주,C,--1.45%,C (유지),기존 등급 유지,"12,270",8.86%,X,0,0,"-420,724","-78,100",X,X,95.3%,이격과도(눌림),관망(C),"12,560원 ~ 12,880원","12,560","12,880","12,394","13,296",https://stock.naver.com/domestic/stock/005440/price
005490,POSCO홀딩스,2차전지/배터리,C,--3.14%,C (유지),기존 등급 유지,"308,000",31.99%,X,0,0,"-112,018","-17,525",X,X,95.8%,이격과도(눌림),관망(C),"310,500원 ~ 321,450원","310,500","321,450","319,967","359,862",https://stock.naver.com/domestic/stock/005490/price
005810,풍산홀딩스,철강/소재/화학,C,--2.60%,C (유지),기존 등급 유지,"35,550",12.09%,X,0,0,"-5,327","-3,667",X,X,95.7%,이격과도(눌림),관망(C),"36,550원 ~ 37,162원","36,550","37,162","36,360","38,287",https://stock.naver.com/domestic/stock/005810/price
005830,DB손해보험,금융/지주,C,+1.91%,C (유지),기존 등급 유지,"186,400",43.55%,X,4,0,"60,850","-43,294",X,X,99.4%,적정(안전),관망(C),"184,080원 ~ 187,615원","184,080","187,615","175,793","165,231",https://stock.naver.com/domestic/stock/005830/price
005850,에스엘,IT/소프트웨어/AI,C,--2.69%,A -> C (하향),"20일선 이탈, 쌍끌이 매수 중단","50,600",16.05%,X,3,0,"25,840","-37,362",X,X,99.8%,적정(안전),관망(C),"50,725원 ~ 51,350원","51,350","50,725","53,048","58,843",https://stock.naver.com/domestic/stock/005850/price
005935,삼성전자우,IT/소프트웨어/AI,C,--0.45%,C (유지),기존 등급 유지,"197,300",75.47%,X,1,0,"384,559","-907,134",X,X,98.6%,적정(안전),관망(C),"199,200원 ~ 200,150원","199,200","200,150","188,417","188,688",https://stock.naver.com/domestic/stock/005935/price
006040,동원산업,일반 주도주,C,--0.99%,C (유지),기존 등급 유지,"34,950",4.73%,X,1,0,"-3,804","-4,303",X,X,96.4%,이격과도(눌림),관망(C),"35,280원 ~ 36,258원","35,280","36,258","36,218","35,961",https://stock.naver.com/domestic/stock/006040/price
006260,LS,IT/소프트웨어/AI,C,--7.18%,C (유지),기존 등급 유지,"278,000",16.47%,X,0,0,"-15,514","-150,721",X,X,89.2%,이격과도(눌림),관망(C),"297,200원 ~ 311,500원","297,200","311,500","305,075","361,517",https://stock.naver.com/domestic/stock/006260/price
006340,대원전선,전력/에너지/원자력,C,--3.66%,B -> C (하향),"20일선 이탈, 쌍끌이 매수 중단","12,900",2.62%,X,0,1,"-353,174","62,967",X,X,97.3%,적정(안전),관망(C),"13,190원 ~ 13,258원","13,190","13,258","13,243","12,359",https://stock.naver.com/domestic/stock/006340/price
006360,GS건설,건설/인프라,C,--0.76%,C (유지),기존 등급 유지,"32,800",20.32%,X,0,1,"435,872","-317,361",X,X,92.2%,이격과도(눌림),관망(C),"33,240원 ~ 35,588원","33,240","35,588","32,782","32,537",https://stock.naver.com/domestic/stock/006360/price
006800,미래에셋증권,금융/지주,C,--4.54%,C (유지),기존 등급 유지,"30,500",11.68%,X,0,0,"-479,646","-95,457",X,X,93.8%,이격과도(눌림),관망(C),"31,370원 ~ 32,518원","31,370","32,518","34,882","47,378",https://stock.naver.com/domestic/stock/006800/price
00680K,미래에셋증권2우B,금융/지주,C,--2.66%,C (유지),기존 등급 유지,"9,890",23.48%,X,0,1,"-198,976","54,870",X,X,93.2%,이격과도(눌림),관망(C),"10,154원 ~ 10,616원","10,154","10,616","11,233","14,266",https://stock.naver.com/domestic/stock/00680K/price
007070,GS리테일,일반 주도주,C,+0.68%,C (유지),기존 등급 유지,"22,350",14.38%,X,1,0,"6,156","-8,482",X,X,94.3%,이격과도(눌림),관망(C),"22,290원 ~ 23,695원","22,290","23,695","25,271","24,842",https://stock.naver.com/domestic/stock/007070/price
007310,오뚜기,일반 주도주,C,--0.63%,C (유지),기존 등급 유지,"313,500",11.11%,X,1,0,"-1,383",-7,X,X,97.4%,적정(안전),관망(C),"315,100원 ~ 321,775원","315,100","321,775","323,575","331,817",https://stock.naver.com/domestic/stock/007310/price
009420,한올바이오파마,바이오/헬스케어,C,--4.92%,C (유지),기존 등급 유지,"45,450",4.55%,X,0,0,"-95,676","-22,385",X,X,94.1%,이격과도(눌림),관망(C),"46,400원 ~ 48,312원","46,400","48,312","52,148","52,260",https://stock.naver.com/domestic/stock/009420/price
009540,HD한국조선해양,조선/방산/중공업,C,--5.65%,C (유지),기존 등급 유지,"300,500",33.25%,X,2,0,"25,256","-86,618",X,X,88.9%,이격과도(눌림),관망(C),"319,600원 ~ 338,050원","319,600","338,050","353,908","382,404",https://stock.naver.com/domestic/stock/009540/price
010120,LS ELECTRIC,전력/에너지/원자력,C,--5.75%,A -> C (하향),"20일선 이탈, 쌍끌이 매수 중단","205,000",19.02%,X,0,3,"-6,643","67,820",X,X,99.6%,적정(안전),관망(C),"205,785원 ~ 208,600원","208,600","205,785","199,785","225,349",https://stock.naver.com/domestic/stock/010120/price
010130,고려아연,철강/소재/화학,C,--3.88%,B -> C (하향),"20일선 이탈, 쌍끌이 매수 중단","1,066,000",27.56%,X,0,0,"-1,927","-3,466",X,X,93.9%,이격과도(눌림),관망(C),"1,078,800원 ~ 1,134,950원","1,078,800","1,134,950","1,136,817","1,258,858",https://stock.naver.com/domestic/stock/010130/price
010820,퍼스텍,반도체/소부장,C,--3.55%,B -> C (하향),"20일선 이탈, 쌍끌이 매수 중단","5,980",10.69%,X,0,3,"-411,286","70,375",X,X,96.2%,이격과도(눌림),관망(C),"6,218원 ~ 6,310원","6,310","6,218","5,957","8,060",https://stock.naver.com/domestic/stock/010820/price
011210,현대위아,자동차/모빌리티,C,--3.35%,C (유지),기존 등급 유지,"52,000",19.15%,X,0,0,"-15,167","-4,422",X,X,95.0%,이격과도(눌림),관망(C),"52,840원 ~ 54,765원","52,840","54,765","58,050","68,842",https://stock.naver.com/domestic/stock/011210/price
011780,금호석유화학,철강/소재/화학,C,--2.61%,C (유지),기존 등급 유지,"115,600",28.65%,X,2,0,"12,984","-14,909",X,X,95.9%,이격과도(눌림),관망(C),"116,420원 ~ 120,565원","116,420","120,565","121,263","126,375",https://stock.naver.com/domestic/stock/011780/price
012330,현대모비스,자동차/모빌리티,C,--2.24%,C (유지),기존 등급 유지,"371,500",37.54%,X,0,5,"-95,286","59,344",X,X,95.3%,이격과도(눌림),관망(C),"380,800원 ~ 389,900원","380,800","389,900","450,108","497,021",https://stock.naver.com/domestic/stock/012330/price
012450,한화에어로스페이스,조선/방산/중공업,C,--4.30%,C (유지),기존 등급 유지,"979,000",45.00%,X,0,0,"-123,496",224,X,X,93.0%,이격과도(눌림),관망(C),"1,024,800원 ~ 1,052,600원","1,024,800","1,052,600","1,031,917","1,134,692",https://stock.naver.com/domestic/stock/012450/price
012630,HDC,건설/인프라,C,--1.95%,C (유지),기존 등급 유지,"22,650",25.06%,X,0,0,"29,711","-59,035",X,X,88.7%,이격과도(눌림),관망(C),"23,910원 ~ 25,540원","23,910","25,540","22,807","23,134",https://stock.naver.com/domestic/stock/012630/price
014620,성광벤드,조선/방산/중공업,C,--2.17%,C (유지),기존 등급 유지,"29,350",33.13%,X,0,1,"-12,661","4,136",X,X,91.3%,이격과도(눌림),관망(C),"30,590원 ~ 32,140원","30,590","32,140","28,672","31,692",https://stock.naver.com/domestic/stock/014620/price
014830,유니드,일반 주도주,C,--0.16%,C (유지),기존 등급 유지,"60,800",11.56%,X,0,0,"-6,725","5,361",X,X,98.6%,적정(안전),관망(C),"60,620원 ~ 61,655원","60,620","61,655","62,152","68,839",https://stock.naver.com/domestic/stock/014830/price
015760,한국전력,전력/에너지/원자력,C,--1.16%,C (유지),기존 등급 유지,"29,950",20.43%,X,0,2,"-375,240","201,136",X,X,95.6%,이격과도(눌림),관망(C),"30,080원 ~ 31,320원","30,080","31,320","32,976","36,759",https://stock.naver.com/domestic/stock/015760/price
016610,DB증권,금융/지주,C,--2.13%,B -> C (하향),"20일선 이탈, 쌍끌이 매수 중단","10,120",8.71%,X,0,0,"-25,161","11,396",X,X,99.0%,적정(안전),관망(C),"10,224원 ~ 10,380원","10,380","10,224","9,572","10,742",https://stock.naver.com/domestic/stock/016610/price
017670,SK텔레콤,IT/소프트웨어/AI,C,--1.70%,B -> C (하향),"20일선 이탈, 쌍끌이 매수 중단","86,900",34.88%,X,5,0,"81,132","30,376",X,X,98.0%,적정(안전),관망(C),"87,200원 ~ 88,655원","87,200","88,655","90,457","94,168",https://stock.naver.com/domestic/stock/017670/price
017800,현대엘리베이터,일반 주도주,C,--1.64%,C (유지),기존 등급 유지,"72,100",21.66%,X,0,0,"10,981","-21,687",X,X,97.6%,적정(안전),관망(C),"72,820원 ~ 73,885원","72,820","73,885","72,035","78,547",https://stock.naver.com/domestic/stock/017800/price
017960,한국카본,조선/방산/중공업,C,--0.98%,C (유지),기존 등급 유지,"20,300",12.72%,X,0,3,"-143,044","64,305",X,X,96.3%,이격과도(눌림),관망(C),"20,380원 ~ 21,076원","20,380","21,076","22,392","30,178",https://stock.naver.com/domestic/stock/017960/price
018260,삼성에스디에스,IT/소프트웨어/AI,C,--5.69%,C (유지),기존 등급 유지,"207,000",19.26%,X,0,0,"10,953","-77,297",X,X,93.4%,이격과도(눌림),관망(C),"217,400원 ~ 221,625원","217,400","221,625","219,383","210,698",https://stock.naver.com/domestic/stock/018260/price
020120,키다리스튜디오,일반 주도주,C,--6.58%,C (유지),기존 등급 유지,"6,670",7.10%,X,1,0,"125,040","-179,949",X,X,82.4%,이격과도(눌림),관망(C),"7,792원 ~ 8,099원","7,792","8,099","5,538","4,541",https://stock.naver.com/domestic/stock/020120/price
022100,포스코DX,IT/소프트웨어/AI,C,--3.65%,A -> C (하향),"20일선 이탈, 쌍끌이 매수 중단","21,100",3.11%,X,0,0,"96,552","31,732",X,X,100.0%,적정(안전),관망(C),"20,930원 ~ 21,101원","20,930","21,101","20,389","25,183",https://stock.naver.com/domestic/stock/022100/price
023160,태광,조선/방산/중공업,C,--0.37%,C (유지),기존 등급 유지,"26,650",16.04%,X,1,0,"-41,938","-67,931",X,X,97.6%,적정(안전),관망(C),"27,310원 ~ 27,710원","27,710","27,310","24,420","29,758",https://stock.naver.com/domestic/stock/023160/price
023530,롯데쇼핑,엔터/미디어/소비재,C,--1.20%,C (유지),기존 등급 유지,"98,800",13.43%,X,1,0,"106,879","-52,753",X,X,90.6%,이격과도(눌림),관망(C),"100,580원 ~ 109,045원","100,580","109,045","113,838","134,886",https://stock.naver.com/domestic/stock/023530/price
023590,다우기술,IT/소프트웨어/AI,C,--2.08%,C (유지),기존 등급 유지,"37,650",27.46%,X,2,0,"2,235","-12,227",X,X,96.6%,이격과도(눌림),관망(C),"38,030원 ~ 38,988원","38,030","38,988","38,193","40,191",https://stock.naver.com/domestic/stock/023590/price
024110,기업은행,금융/지주,C,--0.50%,C (유지),기존 등급 유지,"20,100",13.41%,X,0,0,"-501,970","79,215",X,X,98.3%,적정(안전),관망(C),"20,200원 ~ 20,438원","20,200","20,438","20,558","20,932",https://stock.naver.com/domestic/stock/024110/price
025980,아난티,일반 주도주,C,--1.98%,C (유지),기존 등급 유지,"4,950",5.94%,X,0,2,"138,757","17,373",X,X,96.3%,이격과도(눌림),관망(C),"5,017원 ~ 5,138원","5,017","5,138","4,565","5,116",https://stock.naver.com/domestic/stock/025980/price
029780,삼성카드,금융/지주,C,+0.24%,C (유지),기존 등급 유지,"41,750",5.07%,X,1,0,"-15,031","-15,078",X,X,95.0%,이격과도(눌림),관망(C),"42,020원 ~ 43,958원","42,020","43,958","46,203","48,008",https://stock.naver.com/domestic/stock/029780/price
030200,KT,IT/소프트웨어/AI,C,--0.78%,C (유지),기존 등급 유지,"51,100",49.00%,X,0,0,"-18,832","-159,830",X,X,96.8%,이격과도(눌림),관망(C),"51,760원 ~ 52,815원","51,760","52,815","53,080","55,090",https://stock.naver.com/domestic/stock/030200/price
030610,교보증권,금융/지주,C,--1.41%,C (유지),기존 등급 유지,"9,780",0.97%,X,0,0,"-7,793","-2,754",X,X,96.9%,이격과도(눌림),관망(C),"9,910원 ~ 10,089원","9,910","10,089","9,925","11,015",https://stock.naver.com/domestic/stock/030610/price
032350,롯데관광개발,일반 주도주,C,+1.56%,C (유지),기존 등급 유지,"11,070",20.09%,X,1,0,"-337,151","-44,205",X,X,94.4%,이격과도(눌림),관망(C),"11,198원 ~ 11,727원","11,198","11,727","12,345","15,244",https://stock.naver.com/domestic/stock/032350/price
032640,LG유플러스,IT/소프트웨어/AI,C,--0.62%,C (유지),기존 등급 유지,"14,470",40.90%,X,0,4,"-226,337","264,543",X,X,98.5%,적정(안전),관망(C),"14,538원 ~ 14,691원","14,538","14,691","14,778","15,211",https://stock.naver.com/domestic/stock/032640/price
032820,우리기술,전력/에너지/원자력,C,--3.83%,C (유지),기존 등급 유지,"12,310",5.11%,X,0,2,"-354,943","-28,780",X,X,94.3%,이격과도(눌림),관망(C),"12,598원 ~ 13,061원","12,598","13,061","11,559","14,269",https://stock.naver.com/domestic/stock/032820/price
033500,동성화인텍,조선/방산/중공업,C,--2.85%,B -> C (하향),"20일선 이탈, 쌍끌이 매수 중단","15,670",15.90%,X,0,0,"-8,685","-13,806",X,X,95.6%,이격과도(눌림),관망(C),"16,042원 ~ 16,392원","16,042","16,392","16,637","19,530",https://stock.naver.com/domestic/stock/033500/price
034020,두산에너빌리티,전력/에너지/원자력,C,--1.96%,C (유지),기존 등급 유지,"79,900",22.52%,X,0,0,"-926,567","-267,903",X,X,93.8%,이격과도(눌림),관망(C),"81,420원 ~ 85,145원","81,420","85,145","78,323","91,642",https://stock.naver.com/domestic/stock/034020/price
034120,SBS,엔터/미디어/소비재,C,+0.26%,C (유지),기존 등급 유지,"11,730",0.00%,X,0,0,0,-158,X,X,98.9%,적정(안전),관망(C),"11,670원 ~ 11,864원","11,670","11,864","11,874","12,844",https://stock.naver.com/domestic/stock/034120/price
034220,LG디스플레이,IT/소프트웨어/AI,C,--3.62%,C (유지),기존 등급 유지,"8,260",26.33%,X,0,0,"-1,147,099","-434,686",X,X,95.8%,이격과도(눌림),관망(C),"8,470원 ~ 8,626원","8,470","8,626","9,355","11,337",https://stock.naver.com/domestic/stock/034220/price
034310,NICE,일반 주도주,C,+0.09%,C (유지),기존 등급 유지,"11,710",8.78%,X,1,0,633,"-5,892",X,X,96.1%,이격과도(눌림),관망(C),"11,840원 ~ 12,184원","11,840","12,184","12,525","12,620",https://stock.naver.com/domestic/stock/034310/price
034730,SK,전력/에너지/원자력,C,--1.71%,B -> C (하향),"20일선 이탈, 쌍끌이 매수 중단","576,000",30.17%,X,0,2,"2,302","12,537",X,X,99.1%,적정(안전),관망(C),"581,150원 ~ 582,600원","582,600","581,150","569,558","572,167",https://stock.naver.com/domestic/stock/034730/price
035250,강원랜드,엔터/미디어/소비재,C,--0.28%,C (유지),기존 등급 유지,"14,270",8.93%,X,1,0,"-84,300","20,115",X,X,98.2%,적정(안전),관망(C),"14,298원 ~ 14,524원","14,298","14,524","14,507","15,118",https://stock.naver.com/domestic/stock/035250/price
035420,NAVER,IT/소프트웨어/AI,C,--1.57%,C (유지),기존 등급 유지,"188,100",35.34%,X,0,0,"-356,858","-154,227",X,X,93.8%,이격과도(눌림),관망(C),"191,520원 ~ 200,485원","191,520","200,485","206,712","211,685",https://stock.naver.com/domestic/stock/035420/price
035720,카카오,IT/소프트웨어/AI,C,--1.79%,C (유지),기존 등급 유지,"32,900",28.71%,X,0,0,"-316,676","-251,828",X,X,96.4%,이격과도(눌림),관망(C),"33,410원 ~ 34,145원","33,410","34,145","35,905","38,984",https://stock.naver.com/domestic/stock/035720/price
035810,이지홀딩스,일반 주도주,C,+0.22%,B -> C (하향),"20일선 이탈, 쌍끌이 매수 중단","4,470",5.91%,X,1,0,"-2,636","-46,039",X,X,97.7%,적정(안전),관망(C),"4,485원 ~ 4,576원","4,485","4,576","4,476","4,711",https://stock.naver.com/domestic/stock/035810/price
035890,서희건설,일반 주도주,C,--2.50%,C (유지),기존 등급 유지,"2,145",3.99%,X,0,0,"17,893","-33,884",X,X,93.4%,이격과도(눌림),관망(C),"2,197원 ~ 2,297원","2,197","2,297","2,149","2,126",https://stock.naver.com/domestic/stock/035890/price
036530,SNT홀딩스,일반 주도주,C,0.00%,C (유지),기존 등급 유지,"44,700",12.08%,X,1,0,"-6,928","-7,872",X,X,96.2%,이격과도(눌림),관망(C),"45,430원 ~ 46,450원","45,430","46,450","47,558","51,085",https://stock.naver.com/domestic/stock/036530/price
039130,하나투어,일반 주도주,C,+0.17%,C (유지),기존 등급 유지,"30,150",10.95%,X,0,0,"-18,479","-2,506",X,X,95.6%,이격과도(눌림),관망(C),"30,230원 ~ 31,548원","30,230","31,548","31,438","34,630",https://stock.naver.com/domestic/stock/039130/price
039490,키움증권,금융/지주,C,--2.77%,C (유지),기존 등급 유지,"246,000",30.00%,X,2,0,"11,553","-45,086",X,X,93.2%,이격과도(눌림),관망(C),"254,200원 ~ 264,075원","254,200","264,075","281,400","336,708",https://stock.naver.com/domestic/stock/039490/price
041830,인바디,IT/소프트웨어/AI,C,+1.72%,C (유지),기존 등급 유지,"53,200",33.68%,X,0,2,"-23,846","8,018",X,X,95.0%,이격과도(눌림),관망(C),"52,780원 ~ 55,980원","52,780","55,980","57,148","49,425",https://stock.naver.com/domestic/stock/041830/price
042660,한화오션,조선/방산/중공업,C,--4.02%,C (유지),기존 등급 유지,"74,100",9.82%,X,0,0,"-409,560","-406,959",X,X,90.2%,이격과도(눌림),관망(C),"77,560원 ~ 82,160원","77,560","82,160","84,732","101,972",https://stock.naver.com/domestic/stock/042660/price
044490,태웅,전력/에너지/원자력,C,--3.98%,A -> C (하향),"20일선 이탈, 쌍끌이 매수 중단","36,150",3.19%,X,0,3,"2,679","23,369",X,X,96.6%,이격과도(눌림),관망(C),"37,438원 ~ 37,720원","37,720","37,438","31,998","36,154",https://stock.naver.com/domestic/stock/044490/price
047040,대우건설,전력/에너지/원자력,C,--2.99%,C (유지),기존 등급 유지,"17,220",9.48%,X,0,0,"91,219","-721,042",X,X,92.8%,이격과도(눌림),관망(C),"17,652원 ~ 18,548원","17,652","18,548","16,987","21,406",https://stock.naver.com/domestic/stock/047040/price
047810,한국항공우주,조선/방산/중공업,C,--6.11%,A -> C (하향),"20일선 이탈, 쌍끌이 매수 중단","121,300",23.75%,X,0,0,"-168,206","-47,520",X,X,94.0%,이격과도(눌림),관망(C),"127,600원 ~ 129,005원","127,600","129,005","135,812","148,846",https://stock.naver.com/domestic/stock/047810/price
048550,SM C&C,엔터/미디어/소비재,C,--4.85%,C (유지),기존 등급 유지,980,3.39%,X,3,0,"593,060","-1,015,324",X,X,91.8%,이격과도(눌림),관망(C),"1,017원 ~ 1,067원","1,017","1,067","1,322","1,249",https://stock.naver.com/domestic/stock/048550/price
051600,한전KPS,전력/에너지/원자력,C,--2.54%,B -> C (하향),"20일선 이탈, 쌍끌이 매수 중단","44,200",8.10%,X,1,0,"16,700","-20,415",X,X,94.9%,이격과도(눌림),관망(C),"44,610원 ~ 46,588원","44,610","46,588","45,661","49,630",https://stock.naver.com/domestic/stock/051600/price
052400,코나아이,IT/소프트웨어/AI,C,--2.45%,C (유지),기존 등급 유지,"35,850",3.92%,X,0,0,"-12,751","-34,294",X,X,96.5%,이격과도(눌림),관망(C),"37,158원 ~ 37,330원","37,330","37,158","39,165","46,627",https://stock.naver.com/domestic/stock/052400/price
052690,한전기술,전력/에너지/원자력,C,--2.64%,C (유지),기존 등급 유지,"125,400",11.57%,X,0,2,"27,250","38,651",X,X,93.8%,이격과도(눌림),관망(C),"126,200원 ~ 133,635원","126,200","133,635","110,643","128,034",https://stock.naver.com/domestic/stock/052690/price
055550,신한지주,금융/지주,C,--0.58%,C (유지),기존 등급 유지,"103,000",61.34%,X,0,5,"-346,554","246,944",X,X,93.4%,이격과도(눌림),관망(C),"104,760원 ~ 110,330원","104,760","110,330","107,307","103,007",https://stock.naver.com/domestic/stock/055550/price
058430,포스코스틸리온,철강/소재/화학,C,--2.70%,C (유지),기존 등급 유지,"4,505",3.35%,X,0,0,"18,865","-38,965",X,X,96.2%,이격과도(눌림),관망(C),"4,602원 ~ 4,685원","4,602","4,685","4,596","8,517",https://stock.naver.com/domestic/stock/058430/price
064350,현대로템,조선/방산/중공업,C,--4.00%,B -> C (하향),"20일선 이탈, 쌍끌이 매수 중단","107,900",38.97%,X,1,0,"-91,523","-119,165",X,X,90.5%,이격과도(눌림),관망(C),"112,340원 ~ 119,220원","112,340","119,220","135,145","172,186",https://stock.naver.com/domestic/stock/064350/price
064400,LG씨엔에스,IT/소프트웨어/AI,C,--5.98%,A -> C (하향),"20일선 이탈, 쌍끌이 매수 중단","69,200",5.61%,X,0,0,"-27,965","-107,333",X,X,97.3%,적정(안전),관망(C),"70,880원 ~ 71,120원","70,880","71,120","70,493","76,008",https://stock.naver.com/domestic/stock/064400/price
067160,SOOP,IT/소프트웨어/AI,C,--0.95%,C (유지),기존 등급 유지,"36,400",28.82%,X,0,1,"2,110","-6,407",X,X,98.6%,적정(안전),관망(C),"36,410원 ~ 36,915원","36,410","36,915","41,094","46,668",https://stock.naver.com/domestic/stock/067160/price
069260,TKG휴켐스,일반 주도주,C,--0.50%,B -> C (하향),"20일선 이탈, 쌍끌이 매수 중단","15,830",7.75%,X,1,0,"5,526","3,073",X,X,97.5%,적정(안전),관망(C),"15,844원 ~ 16,234원","15,844","16,234","15,866","16,411",https://stock.naver.com/domestic/stock/069260/price
069960,현대백화점,엔터/미디어/소비재,C,--1.82%,C (유지),기존 등급 유지,"86,200",25.26%,X,3,0,"44,000","-32,745",X,X,90.4%,이격과도(눌림),관망(C),"88,240원 ~ 95,380원","88,240","95,380","109,308","123,270",https://stock.naver.com/domestic/stock/069960/price
071050,한국금융지주,금융/지주,C,--2.25%,B -> C (하향),"20일선 이탈, 쌍끌이 매수 중단","174,000",37.96%,X,1,0,"15,041","-15,361",X,X,93.9%,이격과도(눌림),관망(C),"177,660원 ~ 185,390원","177,660","185,390","196,425","220,142",https://stock.naver.com/domestic/stock/071050/price
071970,HD현대마린엔진,조선/방산/중공업,C,--4.88%,C (유지),기존 등급 유지,"44,800",11.95%,X,0,0,"-174,014","-55,904",X,X,89.8%,이격과도(눌림),관망(C),"47,730원 ~ 49,915원","47,730","49,915","53,536","65,875",https://stock.naver.com/domestic/stock/071970/price
073240,금호타이어,자동차/모빌리티,C,--1.20%,B -> C (하향),"20일선 이탈, 쌍끌이 매수 중단","6,610",12.56%,X,1,0,"-62,141","-4,962",X,X,94.7%,이격과도(눌림),관망(C),"6,766원 ~ 6,977원","6,766","6,977","6,982","6,118",https://stock.naver.com/domestic/stock/073240/price
075580,세진중공업,조선/방산/중공업,C,--1.90%,C (유지),기존 등급 유지,"9,820",2.52%,X,0,2,"31,668","58,662",X,X,96.9%,이격과도(눌림),관망(C),"9,918원 ~ 10,135원","9,918","10,135","10,667","13,512",https://stock.naver.com/domestic/stock/075580/price
077970,STX엔진,조선/방산/중공업,C,--4.33%,B -> C (하향),"20일선 이탈, 쌍끌이 매수 중단","22,100",3.41%,X,0,0,"-47,282","12,733",X,X,95.1%,이격과도(눌림),관망(C),"22,560원 ~ 23,230원","22,560","23,230","24,398","32,597",https://stock.naver.com/domestic/stock/077970/price
078930,GS,전력/에너지/원자력,C,+3.78%,C (유지),기존 등급 유지,"109,800",20.52%,X,0,1,"-45,896","-41,838",X,X,97.0%,적정(안전),관망(C),"105,940원 ~ 113,225원","105,940","113,225","105,253","89,542",https://stock.naver.com/domestic/stock/078930/price
079550,LIG디펜스앤에어로스페이스,조선/방산/중공업,C,--5.55%,A -> C (하향),"20일선 이탈, 쌍끌이 매수 중단","664,000",26.49%,X,0,1,"-135,061","19,358",X,X,95.6%,이격과도(눌림),관망(C),"694,400원 ~ 708,000원","708,000","694,400","715,400","784,133",https://stock.naver.com/domestic/stock/079550/price
081660,미스토홀딩스,일반 주도주,C,+0.39%,C (유지),기존 등급 유지,"39,000",40.27%,X,0,3,"-123,726","113,810",X,X,99.9%,적정(안전),관망(C),"38,500원 ~ 39,052원","38,500","39,052","42,330","41,548",https://stock.naver.com/domestic/stock/081660/price
082740,한화엔진,조선/방산/중공업,C,--4.53%,C (유지),기존 등급 유지,"45,300",14.20%,X,0,2,"-329,119","8,717",X,X,93.1%,이격과도(눌림),관망(C),"47,980원 ~ 48,682원","47,980","48,682","46,395","54,767",https://stock.naver.com/domestic/stock/082740/price
083650,비에이치아이,전력/에너지/원자력,C,--2.75%,C (유지),기존 등급 유지,"56,600",7.39%,X,0,0,"-70,208","-102,832",X,X,89.9%,이격과도(눌림),관망(C),"59,160원 ~ 62,940원","59,160","62,940","55,414","65,984",https://stock.naver.com/domestic/stock/083650/price
086280,현대글로비스,자동차/모빌리티,C,--6.12%,B -> C (하향),"20일선 이탈, 쌍끌이 매수 중단","188,700",46.75%,X,0,0,"-40,464","-37,921",X,X,93.5%,이격과도(눌림),관망(C),"197,180원 ~ 201,735원","197,180","201,735","200,160","209,698",https://stock.naver.com/domestic/stock/086280/price
086790,하나금융지주,금융/지주,C,--0.39%,C (유지),기존 등급 유지,"128,200",68.55%,X,2,0,"16,256","-20,618",X,X,95.3%,이격과도(눌림),관망(C),"129,320원 ~ 134,540원","129,320","134,540","132,047","126,526",https://stock.naver.com/domestic/stock/086790/price
086900,메디톡스,반도체/소부장,C,0.00%,C (유지),기존 등급 유지,"67,500",12.31%,X,2,0,"-2,601","-1,479",X,X,99.2%,적정(안전),관망(C),"67,220원 ~ 68,045원","67,220","68,045","70,680","82,076",https://stock.naver.com/domestic/stock/086900/price
087010,펩트론,바이오/헬스케어,C,--25.80%,C (유지),기존 등급 유지,"96,900",4.92%,X,2,0,"-39,576","-57,139",X,X,68.4%,이격과도(눌림),관망(C),"125,900원 ~ 141,675원","125,900","141,675","150,935","196,767",https://stock.naver.com/domestic/stock/087010/price
093320,케이아이엔엑스,일반 주도주,C,+1.48%,C (유지),기존 등급 유지,"130,400",43.70%,X,0,1,"-1,232",842,X,X,96.1%,이격과도(눌림),관망(C),"127,960원 ~ 135,670원","127,960","135,670","138,330","125,793",https://stock.naver.com/domestic/stock/093320/price
097230,HJ중공업,조선/방산/중공업,C,--3.82%,B -> C (하향),"20일선 이탈, 쌍끌이 매수 중단","14,850",5.84%,X,0,0,385,642,X,X,96.9%,이격과도(눌림),관망(C),"15,064원 ~ 15,330원","15,064","15,330","16,008","19,935",https://stock.naver.com/domestic/stock/097230/price
099320,쎄트렉아이,조선/방산/중공업,C,--8.72%,B -> C (하향),"20일선 이탈, 쌍끌이 매수 중단","75,400",9.50%,X,0,4,"-137,856","10,501",X,X,99.2%,적정(안전),관망(C),"75,975원 ~ 79,360원","79,360","75,975","74,975","106,047",https://stock.naver.com/domestic/stock/099320/price
103140,풍산,조선/방산/중공업,C,--9.42%,C (유지),기존 등급 유지,"68,300",12.19%,X,0,0,"-157,045","-268,063",X,X,88.1%,이격과도(눌림),관망(C),"76,000원 ~ 77,535원","76,000","77,535","74,878","79,161",https://stock.naver.com/domestic/stock/103140/price
108490,로보티즈,IT/소프트웨어/AI,C,--3.65%,A -> C (하향),"20일선 이탈, 쌍끌이 매수 중단","304,000",7.69%,X,0,4,"89,403","65,452",X,X,99.3%,적정(안전),관망(C),"303,500원 ~ 306,050원","303,500","306,050","255,478","274,188",https://stock.naver.com/domestic/stock/108490/price
111770,영원무역,엔터/미디어/소비재,C,+3.84%,C (유지),기존 등급 유지,"70,300",29.20%,X,0,1,"-19,319","6,330",X,X,98.2%,적정(안전),관망(C),"69,140원 ~ 71,580원","69,140","71,580","79,303","80,235",https://stock.naver.com/domestic/stock/111770/price
119850,지엔씨에너지,전력/에너지/원자력,C,--4.14%,B -> C (하향),"20일선 이탈, 쌍끌이 매수 중단","51,000",9.31%,X,0,0,"224,640","-389,935",X,O,98.8%,적정(안전),관망(C),"51,642원 ~ 53,760원","53,760","51,642","45,979","37,125",https://stock.naver.com/domestic/stock/119850/price
122870,와이지엔터테인먼트,엔터/미디어/소비재,C,+1.97%,C (유지),기존 등급 유지,"41,500",9.08%,X,1,0,"-10,992","-8,148",X,X,96.6%,이격과도(눌림),관망(C),"41,550원 ~ 42,962원","41,550","42,962","41,134","44,349",https://stock.naver.com/domestic/stock/122870/price
122900,아이마켓코리아,일반 주도주,C,+0.61%,C (유지),기존 등급 유지,"8,220",3.79%,X,0,0,"-9,761","1,199",X,X,99.9%,적정(안전),관망(C),"8,200원 ~ 8,230원","8,200","8,230","7,870","7,647",https://stock.naver.com/domestic/stock/122900/price
123330,제닉,엔터/미디어/소비재,C,+0.93%,C (유지),기존 등급 유지,"21,800",4.84%,X,0,0,"25,709","-19,508",X,X,88.7%,이격과도(눌림),관망(C),"22,290원 ~ 24,578원","22,290","24,578","27,030","25,711",https://stock.naver.com/domestic/stock/123330/price
123890,한국자산신탁,일반 주도주,C,+0.21%,C (유지),기존 등급 유지,"2,425",5.72%,X,0,0,"-5,866","-31,148",X,X,98.1%,적정(안전),관망(C),"2,417원 ~ 2,472원","2,417","2,472","2,401","2,403",https://stock.naver.com/domestic/stock/123890/price
124500,아이티센글로벌,IT/소프트웨어/AI,C,--7.18%,C (유지),기존 등급 유지,"27,800",3.39%,X,0,0,"13,253","-57,163",X,X,91.8%,이격과도(눌림),관망(C),"29,120원 ~ 30,290원","29,120","30,290","27,794","35,343",https://stock.naver.com/domestic/stock/124500/price
130660,한전산업,전력/에너지/원자력,C,--2.18%,C (유지),기존 등급 유지,"12,120",2.24%,X,0,0,"9,193","-1,840",X,X,95.0%,이격과도(눌림),관망(C),"12,332원 ~ 12,763원","12,332","12,763","11,764","13,639",https://stock.naver.com/domestic/stock/130660/price
136490,선진,일반 주도주,C,+1.09%,C (유지),기존 등급 유지,"10,160",7.56%,X,1,0,"2,010","-2,033",X,X,97.8%,적정(안전),관망(C),"10,072원 ~ 10,393원","10,072","10,393","10,171","10,116",https://stock.naver.com/domestic/stock/136490/price
138930,BNK금융지주,금융/지주,C,--3.81%,A -> C (하향),"20일선 이탈, 쌍끌이 매수 중단","15,400",36.98%,X,0,0,"72,859","-54,598",X,X,97.0%,적정(안전),관망(C),"15,818원 ~ 15,878원","15,818","15,878","15,900","16,831",https://stock.naver.com/domestic/stock/138930/price
139130,iM금융지주,금융/지주,C,--4.30%,B -> C (하향),"20일선 이탈, 쌍끌이 매수 중단","18,010",44.79%,X,0,5,"-225,059","189,281",X,X,97.9%,적정(안전),관망(C),"18,391원 ~ 18,408원","18,408","18,391","17,880","17,955",https://stock.naver.com/domestic/stock/139130/price
139480,이마트,엔터/미디어/소비재,C,--0.97%,B -> C (하향),"20일선 이탈, 쌍끌이 매수 중단","71,100",22.74%,X,1,0,"4,648","10,872",X,X,97.3%,적정(안전),관망(C),"71,500원 ~ 73,075원","71,500","73,075","76,272","85,129",https://stock.naver.com/domestic/stock/139480/price
141080,리가켐바이오,바이오/헬스케어,C,--5.36%,C (유지),기존 등급 유지,"79,400",13.08%,X,0,0,"-193,125","-30,802",X,X,94.9%,이격과도(눌림),관망(C),"82,620원 ~ 83,700원","82,620","83,700","96,077","129,215",https://stock.naver.com/domestic/stock/141080/price
161390,한국타이어앤테크놀로지,자동차/모빌리티,C,--0.17%,C (유지),기존 등급 유지,"60,300",39.48%,X,0,3,"-37,080","52,882",X,X,99.9%,적정(안전),관망(C),"59,680원 ~ 60,350원","59,680","60,350","65,922","65,173",https://stock.naver.com/domestic/stock/161390/price
161890,한국콜마,엔터/미디어/소비재,C,+3.74%,C (유지),기존 등급 유지,"144,100",41.02%,X,0,1,"-58,093","-84,192",X,X,99.8%,적정(안전),관망(C),"142,180원 ~ 144,380원","142,180","144,380","128,390","109,591",https://stock.naver.com/domestic/stock/161890/price
175330,JB금융지주,금융/지주,C,--1.92%,C (유지),기존 등급 유지,"28,100",33.57%,X,0,1,"-44,907","56,193",X,X,91.4%,이격과도(눌림),관망(C),"28,630원 ~ 30,752원","28,630","30,752","28,727","27,641",https://stock.naver.com/domestic/stock/175330/price
180640,한진칼,금융/지주,C,--1.78%,C (유지),기존 등급 유지,"132,100",18.89%,X,2,0,"8,432","-14,024",X,X,95.4%,이격과도(눌림),관망(C),"132,640원 ~ 138,460원","132,640","138,460","125,825","121,423",https://stock.naver.com/domestic/stock/180640/price
181710,NHN,IT/소프트웨어/AI,C,--3.09%,C (유지),기존 등급 유지,"56,400",14.66%,X,0,4,"-55,696","77,862",X,X,98.5%,적정(안전),관망(C),"56,740원 ~ 57,245원","56,740","57,245","53,732","46,880",https://stock.naver.com/domestic/stock/181710/price
182360,큐브엔터,일반 주도주,C,--0.63%,B -> C (하향),"20일선 이탈, 쌍끌이 매수 중단","6,340",2.98%,X,1,0,"-8,889","1,347",X,X,99.5%,적정(안전),관망(C),"6,374원 ~ 6,472원","6,472","6,374","5,830","6,878",https://stock.naver.com/domestic/stock/182360/price
185750,종근당,일반 주도주,C,+0.15%,C (유지),기존 등급 유지,"65,800",15.52%,X,2,0,"3,102","-3,997",X,X,100.0%,적정(안전),관망(C),"65,220원 ~ 65,815원","65,220","65,815","67,337","72,646",https://stock.naver.com/domestic/stock/185750/price
192080,더블유게임즈,IT/소프트웨어/AI,C,+0.35%,C (유지),기존 등급 유지,"56,900",21.48%,X,1,0,"10,780","-14,682",X,X,98.6%,적정(안전),관망(C),"57,460원 ~ 57,705원","57,460","57,705","59,215","60,673",https://stock.naver.com/domestic/stock/192080/price
196170,알테오젠,바이오/헬스케어,C,--2.12%,C (유지),기존 등급 유지,"254,500",15.38%,X,0,0,"-65,959","-55,609",X,X,97.3%,적정(안전),관망(C),"259,600원 ~ 261,625원","259,600","261,625","289,783","322,896",https://stock.naver.com/domestic/stock/196170/price
204320,HL만도,자동차/모빌리티,C,--4.51%,B -> C (하향),"20일선 이탈, 쌍끌이 매수 중단","45,500",19.16%,X,0,0,"32,885","-202,797",X,X,95.3%,이격과도(눌림),관망(C),"46,620원 ~ 47,740원","46,620","47,740","48,355","52,428",https://stock.naver.com/domestic/stock/204320/price
207940,삼성바이오로직스,바이오/헬스케어,C,--2.44%,C (유지),기존 등급 유지,"1,278,000",13.02%,X,0,0,"-84,741","-10,468",X,X,91.5%,이격과도(눌림),관망(C),"1,356,800원 ~ 1,397,050원","1,356,800","1,397,050","1,460,017","1,441,350",https://stock.naver.com/domestic/stock/207940/price
211270,AP위성,조선/방산/중공업,C,--12.27%,B -> C (하향),"20일선 이탈, 쌍끌이 매수 중단","8,510",1.42%,X,0,0,"-105,390","-51,559",X,X,95.0%,이격과도(눌림),관망(C),"8,956원 ~ 9,238원","9,238","8,956","8,206","11,133",https://stock.naver.com/domestic/stock/211270/price
214150,클래시스,바이오/헬스케어,C,--1.75%,B -> C (하향),"20일선 이탈, 쌍끌이 매수 중단","30,800",67.98%,X,0,0,"-16,116","-56,912",X,X,98.6%,적정(안전),관망(C),"30,960원 ~ 31,248원","30,960","31,248","37,180","43,615",https://stock.naver.com/domestic/stock/214150/price
214320,이노션,일반 주도주,C,+0.22%,C (유지),기존 등급 유지,"18,030",19.22%,X,0,0,"-35,041","-14,391",X,X,98.6%,적정(안전),관망(C),"18,144원 ~ 18,290원","18,144","18,290","18,725","19,134",https://stock.naver.com/domestic/stock/214320/price
214450,파마리서치,바이오/헬스케어,C,+0.98%,C (유지),기존 등급 유지,"309,000",13.66%,X,5,0,"49,634","-75,709",X,X,93.3%,이격과도(눌림),관망(C),"308,900원 ~ 331,100원","308,900","331,100","363,750","337,633",https://stock.naver.com/domestic/stock/214450/price
241560,두산밥캣,일반 주도주,C,--0.90%,C (유지),기존 등급 유지,"54,900",38.81%,X,1,0,403,"-3,924",X,X,93.0%,이격과도(눌림),관망(C),"55,100원 ~ 59,010원","55,100","59,010","61,190","64,537",https://stock.naver.com/domestic/stock/241560/price
241710,코스메카코리아,엔터/미디어/소비재,C,+5.98%,C (유지),기존 등급 유지,"117,000",24.60%,X,0,1,"-23,297","30,221",X,X,93.9%,이격과도(눌림),관망(C),"113,520원 ~ 124,580원","113,520","124,580","112,703","94,709",https://stock.naver.com/domestic/stock/241710/price
251270,넷마블,IT/소프트웨어/AI,C,0.00%,C (유지),기존 등급 유지,"34,450",14.04%,X,1,0,"59,021","-63,678",X,X,98.8%,적정(안전),관망(C),"34,670원 ~ 34,880원","34,670","34,880","36,714","40,165",https://stock.naver.com/domestic/stock/251270/price
257720,실리콘투,엔터/미디어/소비재,C,+2.86%,C (유지),기존 등급 유지,"37,800",11.49%,X,0,1,"-219,305","95,367",X,X,91.6%,이격과도(눌림),관망(C),"37,660원 ~ 41,272원","37,660","41,272","41,445","40,342",https://stock.naver.com/domestic/stock/257720/price
259960,크래프톤,IT/소프트웨어/AI,C,--0.25%,C (유지),기존 등급 유지,"200,000",43.47%,X,5,0,"23,183","-20,384",X,X,97.8%,적정(안전),관망(C),"198,640원 ~ 204,450원","198,640","204,450","223,333","238,425",https://stock.naver.com/domestic/stock/259960/price
267250,HD현대,전력/에너지/원자력,C,--3.48%,C (유지),기존 등급 유지,"188,500",26.50%,X,0,0,"-10,866","-80,543",X,X,85.9%,이격과도(눌림),관망(C),"197,640원 ~ 219,460원","197,640","219,460","215,195","235,892",https://stock.naver.com/domestic/stock/267250/price
267260,HD현대일렉트릭,전력/에너지/원자력,C,--7.76%,C (유지),기존 등급 유지,"630,000",33.59%,X,0,0,"-112,955","-37,599",X,X,88.8%,이격과도(눌림),관망(C),"667,000원 ~ 709,550원","667,000","709,550","741,117","917,592",https://stock.naver.com/domestic/stock/267260/price
267270,HD건설기계,자동차/모빌리티,C,--4.05%,C (유지),기존 등급 유지,"113,700",15.57%,X,0,0,"34,120","-336,200",X,X,85.8%,이격과도(눌림),관망(C),"118,820원 ~ 132,520원","118,820","132,520","131,490","143,542",https://stock.naver.com/domestic/stock/267270/price
271560,오리온,전력/에너지/원자력,C,--0.38%,C (유지),기존 등급 유지,"106,100",38.98%,X,3,0,"35,457","-50,179",X,X,94.0%,이격과도(눌림),관망(C),"106,260원 ~ 112,825원","106,260","112,825","124,592","130,155",https://stock.naver.com/domestic/stock/271560/price
279570,케이뱅크,금융/지주,C,--1.63%,C (유지),기존 등급 유지,"5,420",1.68%,X,0,0,"312,117","-113,688",X,X,98.1%,적정(안전),관망(C),"5,426원 ~ 5,527원","5,426","5,527","5,647","5,814",https://stock.naver.com/domestic/stock/279570/price
282330,BGF리테일,엔터/미디어/소비재,C,+2.51%,C (유지),기존 등급 유지,"130,500",40.17%,X,0,3,"-8,536","9,433",X,X,94.6%,이격과도(눌림),관망(C),"128,640원 ~ 137,945원","128,640","137,945","136,123","132,201",https://stock.naver.com/domestic/stock/282330/price
285130,SK케미칼,철강/소재/화학,C,--2.30%,B -> C (하향),"20일선 이탈, 쌍끌이 매수 중단","51,000",10.47%,X,5,0,"13,547","-8,468",X,X,97.4%,적정(안전),관망(C),"51,420원 ~ 52,385원","51,420","52,385","47,193","47,678",https://stock.naver.com/domestic/stock/285130/price
294870,IPARK현대산업개발,건설/인프라,C,+0.69%,C (유지),기존 등급 유지,"22,000",17.56%,X,0,1,"-52,585","-21,252",X,X,94.2%,이격과도(눌림),관망(C),"22,380원 ~ 23,362원","22,380","23,362","21,802","21,457",https://stock.naver.com/domestic/stock/294870/price
298040,효성중공업,전력/에너지/원자력,C,--6.70%,C (유지),기존 등급 유지,"2,619,000",26.35%,X,0,0,"-79,594","-27,438",X,X,92.4%,이격과도(눌림),관망(C),"2,760,800원 ~ 2,833,950원","2,760,800","2,833,950","2,773,867","3,176,617",https://stock.naver.com/domestic/stock/298040/price
298380,에이비엘바이오,바이오/헬스케어,C,--4.00%,C (유지),기존 등급 유지,"50,400",14.61%,X,0,1,"-240,919","-6,707",X,X,87.8%,이격과도(눌림),관망(C),"51,500원 ~ 57,410원","51,500","57,410","69,930","94,232",https://stock.naver.com/domestic/stock/298380/price
300720,한일시멘트,건설/인프라,C,+0.56%,C (유지),기존 등급 유지,"16,090",4.49%,X,1,0,"11,727",173,X,X,98.7%,적정(안전),관망(C),"16,090원 ~ 16,308원","16,090","16,308","15,374","15,386",https://stock.naver.com/domestic/stock/300720/price
306200,세아제강,일반 주도주,C,--5.03%,A -> C (하향),"20일선 이탈, 쌍끌이 매수 중단","147,300",5.13%,X,3,0,"9,462","4,812",X,X,99.8%,적정(안전),관망(C),"147,600원 ~ 151,700원","151,700","147,600","137,235","141,908",https://stock.naver.com/domestic/stock/306200/price
307950,현대오토에버,IT/소프트웨어/AI,C,--3.87%,B -> C (하향),"20일선 이탈, 쌍끌이 매수 중단","373,000",2.43%,X,0,1,"-7,994","-1,176",X,X,98.5%,적정(안전),관망(C),"378,850원 ~ 379,300원","379,300","378,850","400,650","492,296",https://stock.naver.com/domestic/stock/307950/price
319400,현대무벡스,건설/인프라,C,--4.29%,C (유지),기존 등급 유지,"20,100",3.72%,X,0,1,"-271,158","-12,183",X,X,94.1%,이격과도(눌림),관망(C),"20,700원 ~ 21,370원","20,700","21,370","22,199","27,477",https://stock.naver.com/domestic/stock/319400/price
323410,카카오뱅크,금융/지주,C,--1.19%,C (유지),기존 등급 유지,"19,860",17.18%,X,0,0,"-131,447","-2,908",X,X,95.9%,이격과도(눌림),관망(C),"19,882원 ~ 20,700원","19,882","20,700","21,538","22,335",https://stock.naver.com/domestic/stock/323410/price
326030,SK바이오팜,바이오/헬스케어,C,--1.70%,C (유지),기존 등급 유지,"75,300",11.68%,X,0,0,"-84,238","4,523",X,X,96.0%,이격과도(눌림),관망(C),"76,000원 ~ 78,460원","76,000","78,460","81,575","87,708",https://stock.naver.com/domestic/stock/326030/price
329180,HD현대중공업,조선/방산/중공업,C,--4.99%,C (유지),기존 등급 유지,"399,500",13.78%,X,3,0,"32,615","-200,747",X,X,89.6%,이격과도(눌림),관망(C),"422,700원 ~ 445,975원","422,700","445,975","464,992","547,154",https://stock.naver.com/domestic/stock/329180/price
334890,이지스밸류플러스리츠,건설/인프라,C,+0.42%,C (유지),기존 등급 유지,"3,610",2.12%,X,0,5,"-28,996","23,476",X,X,99.0%,적정(안전),관망(C),"3,635원 ~ 3,646원","3,635","3,646","3,638","3,725",https://stock.naver.com/domestic/stock/334890/price
336260,두산퓨얼셀,전력/에너지/원자력,C,--4.84%,B -> C (하향),"20일선 이탈, 쌍끌이 매수 중단","45,200",14.97%,X,0,1,"-47,449","18,469",X,X,93.5%,이격과도(눌림),관망(C),"45,970원 ~ 48,362원","45,970","48,362","41,243","54,436",https://stock.naver.com/domestic/stock/336260/price
344820,KCC글라스,일반 주도주,C,--1.86%,B -> C (하향),"20일선 이탈, 쌍끌이 매수 중단","23,750",4.77%,X,0,0,351,"2,228",X,X,98.2%,적정(안전),관망(C),"23,890원 ~ 24,195원","23,890","24,195","23,897","24,639",https://stock.naver.com/domestic/stock/344820/price
347850,디앤디파마텍,바이오/헬스케어,C,--5.47%,B -> C (하향),"20일선 이탈, 쌍끌이 매수 중단","44,950",10.14%,X,0,2,"-354,174","24,527",X,X,98.2%,적정(안전),관망(C),"44,690원 ~ 45,760원","44,690","45,760","55,088","68,725",https://stock.naver.com/domestic/stock/347850/price
357120,코람코라이프인프라리츠,건설/인프라,C,--1.10%,C (유지),기존 등급 유지,"4,055",1.60%,X,1,0,-798,"-28,152",X,X,98.2%,적정(안전),관망(C),"4,108원 ~ 4,130원","4,108","4,130","4,159","4,251",https://stock.naver.com/domestic/stock/357120/price
375500,DL이앤씨,전력/에너지/원자력,C,--2.70%,C (유지),기존 등급 유지,"72,000",23.74%,X,0,0,"-1,641","-73,875",X,X,88.6%,이격과도(눌림),관망(C),"75,180원 ~ 81,255원","75,180","81,255","71,602","76,355",https://stock.naver.com/domestic/stock/375500/price
377190,디앤디플랫폼리츠,건설/인프라,C,+0.15%,C (유지),기존 등급 유지,"1,999",2.47%,X,0,4,"-148,745","59,677",X,X,92.4%,이격과도(눌림),관망(C),"1,998원 ~ 2,164원","1,998","2,164","2,119","2,352",https://stock.naver.com/domestic/stock/377190/price
377300,카카오페이,IT/소프트웨어/AI,C,--2.47%,B -> C (하향),"20일선 이탈, 쌍끌이 매수 중단","39,450",28.00%,X,0,0,"-23,750","-18,197",X,X,92.7%,이격과도(눌림),관망(C),"40,010원 ~ 42,575원","40,010","42,575","42,828","45,744",https://stock.naver.com/domestic/stock/377300/price
381970,KG모빌리티플랫폼,일반 주도주,C,--0.47%,C (유지),기존 등급 유지,"6,300",7.47%,X,0,0,"-21,413",-128,X,X,98.3%,적정(안전),관망(C),"6,300원 ~ 6,406원","6,300","6,406","6,872","8,197",https://stock.naver.com/domestic/stock/381970/price
394420,리센스메디컬,일반 주도주,C,--4.78%,C (유지),기존 등급 유지,"8,370",4.18%,X,2,0,"2,930","-110,421",X,X,89.7%,이격과도(눌림),관망(C),"8,820원 ~ 9,330원","8,820","9,330","10,672","17,029",https://stock.naver.com/domestic/stock/394420/price
404990,신한서부티엔디리츠,건설/인프라,C,--0.52%,B -> C (하향),"20일선 이탈, 쌍끌이 매수 중단","3,860",0.83%,X,5,0,"13,228","-23,186",X,X,99.8%,적정(안전),관망(C),"3,866원 ~ 3,894원","3,894","3,866","3,874","3,955",https://stock.naver.com/domestic/stock/404990/price
415640,KB발해인프라,건설/인프라,C,--0.70%,C (유지),기존 등급 유지,"9,970",3.33%,X,0,1,"-22,026","-1,719",X,X,96.7%,이격과도(눌림),관망(C),"10,022원 ~ 10,305원","10,022","10,305","10,451","10,217",https://stock.naver.com/domestic/stock/415640/price
443060,HD현대마린솔루션,조선/방산/중공업,C,--3.53%,C (유지),기존 등급 유지,"218,500",30.55%,X,5,0,"67,319","-57,927",X,X,94.0%,이격과도(눌림),관망(C),"230,800원 ~ 232,425원","230,800","232,425","210,800","219,509",https://stock.naver.com/domestic/stock/443060/price
448730,삼성FN리츠,건설/인프라,C,--0.99%,C (유지),기존 등급 유지,"5,000",0.72%,X,0,5,"-34,167","43,666",X,X,97.6%,적정(안전),관망(C),"4,991원 ~ 5,122원","4,991","5,122","5,331","5,509",https://stock.naver.com/domestic/stock/448730/price
466100,클로봇,IT/소프트웨어/AI,C,--3.94%,A -> C (하향),"20일선 이탈, 쌍끌이 매수 중단","23,150",6.04%,X,0,1,"90,852","-44,656",X,X,99.3%,적정(안전),관망(C),"23,302원 ~ 23,380원","23,380","23,302","25,358","33,219",https://stock.naver.com/domestic/stock/466100/price
473980,노머스,엔터/미디어/소비재,C,+1.37%,C (유지),기존 등급 유지,"10,390",2.17%,X,5,0,"19,277","-7,433",X,X,97.6%,적정(안전),관망(C),"10,302원 ~ 10,642원","10,302","10,642","10,927","12,817",https://stock.naver.com/domestic/stock/473980/price
475150,SK이터닉스,전력/에너지/원자력,C,--2.78%,C (유지),기존 등급 유지,"49,000",4.04%,X,0,1,"-29,363","-34,622",X,X,96.7%,이격과도(눌림),관망(C),"49,700원 ~ 50,670원","49,700","50,670","52,761","50,256",https://stock.naver.com/domestic/stock/475150/price
477850,마키나락스,IT/소프트웨어/AI,C,--8.39%,B -> C (하향),"20일선 이탈, 쌍끌이 매수 중단","21,300",0.00%,X,0,0,"-101,553","-5,087",X,X,96.3%,이격과도(눌림),관망(C),"22,125원 ~ 22,250원","22,250","22,125","24,557",0,https://stock.naver.com/domestic/stock/477850/price
499790,GS피앤엘,일반 주도주,C,--0.26%,C (유지),기존 등급 유지,"37,850",11.15%,X,4,0,"53,679","-71,943",X,X,97.1%,적정(안전),관망(C),"38,190원 ~ 38,975원","38,190","38,975","40,178","43,307",https://stock.naver.com/domestic/stock/499790/price
