종목코드,종목명,섹터,투자등급,등락률,등급변동,변동이유,현재가,외국인보유율,쌍끌이여부,외국인연속매수(일),기관연속매수(일),최근3일외인순매수,최근3일기관순매수,20일선위,정배열여부,20일이격도,과열여부,추세단계,추천매수가,MA5,MA20,MA60,MA120,상세페이지
006120,SK디스커버리,일반 주도주,A+,--2.65%,NEW (A+),A+등급 신규 포착,"66,000",13.97%,O,1,1,"12,862",-627,O,O,111.2%,상승과열,고점지속(A+),"59,335원 ~ 65,580원","65,580","59,335","54,357","53,450",https://stock.naver.com/domestic/stock/006120/price
008930,한미사이언스,바이오/헬스케어,A+,+3.80%,NEW (A+),A+등급 신규 포착,"57,400",1.25%,O,3,5,"24,836","38,251",O,O,109.1%,상승과열,정배열가속(A+),"52,622원 ~ 54,060원","54,060","52,622","44,241","38,999",https://stock.naver.com/domestic/stock/008930/price
010950,S-Oil,전력/에너지/원자력,A+,--0.84%,NEW (A+),A+등급 신규 포착,"164,800",79.95%,O,1,1,"193,734","14,822",O,O,105.9%,적정(안전),정배열가속(A+),"155,640원 ~ 160,240원","160,240","155,640","144,802","128,978",https://stock.naver.com/domestic/stock/010950/price
011200,HMM,조선/방산/중공업,A+,--0.47%,NEW (A+),A+등급 신규 포착,"21,400",8.82%,O,3,2,"645,081","-244,637",O,O,101.8%,적정(안전),정배열가속(A+),"21,030원 ~ 21,150원","21,150","21,030","21,000","20,544",https://stock.naver.com/domestic/stock/011200/price
012750,에스원,일반 주도주,A+,+1.93%,NEW (A+),A+등급 신규 포착,"84,700",55.73%,O,3,1,"7,071","-5,603",O,O,102.5%,적정(안전),정배열가속(A+),"82,605원 ~ 83,380원","83,380","82,605","77,957","77,482",https://stock.naver.com/domestic/stock/012750/price
028670,팬오션,조선/방산/중공업,A+,--4.01%,NEW (A+),A+등급 신규 포착,"5,990",17.50%,O,1,2,"1,163,503","1,643,457",O,O,101.7%,적정(안전),정배열가속(A+),"5,889원 ~ 5,912원","5,912","5,889","5,643","5,520",https://stock.naver.com/domestic/stock/028670/price
094800,맵스리얼티,건설/인프라,A+,--1.91%,NEW (A+),A+등급 신규 포착,"7,720",3.83%,O,2,5,"9,442","31,163",O,O,101.5%,적정(안전),정배열가속(A+),"7,608원 ~ 7,864원","7,864","7,608","6,879","6,507",https://stock.naver.com/domestic/stock/094800/price
096770,SK이노베이션,2차전지/배터리,A+,+1.69%,NEW (A+),A+등급 신규 포착,"156,600",16.55%,O,1,1,"568,059","-338,687",O,O,108.4%,상승과열,정배열가속(A+),"144,445원 ~ 149,080원","149,080","144,445","127,203","122,381",https://stock.naver.com/domestic/stock/096770/price
131290,티에스이,반도체/소부장,A+,+7.06%,NEW (A+),A+등급 신규 포착,"311,000",9.55%,O,2,2,"13,226","15,483",O,O,114.6%,상승과열,고점지속(A+),"271,450원 ~ 299,000원","299,000","271,450","244,953","223,724",https://stock.naver.com/domestic/stock/131290/price
000240,한국앤컴퍼니,금융/지주,A,--0.59%,NEW (A),A등급 신규 포착,"25,300",8.79%,O,1,4,"-14,145","33,888",O,X,102.4%,적정(안전),수급우량(A),"24,708원 ~ 25,160원","25,160","24,708","24,838","24,817",https://stock.naver.com/domestic/stock/000240/price
000500,가온전선,전력/에너지/원자력,A,--0.30%,NEW (A),A등급 신규 포착,"328,000",2.70%,O,2,4,"26,372","22,134",O,X,116.5%,단기과열(경계),단기과열 (추격금지),"281,650원 ~ 321,600원","321,600","281,650","213,835","255,934",https://stock.naver.com/domestic/stock/000500/price
001440,대한전선,IT/소프트웨어/AI,A,+0.63%,NEW (A),A등급 신규 포착,"31,700",10.77%,O,1,2,"-306,298","163,410",O,X,106.2%,적정(안전),수급우량(A),"29,852원 ~ 30,760원","30,760","29,852","28,350","36,531",https://stock.naver.com/domestic/stock/001440/price
0017J0,세미티에스,일반 주도주,A,+3.55%,NEW (A),A등급 신규 포착,"3,350",2.72%,O,3,2,"273,746","229,685",O,X,125.4%,단기과열(경계),단기과열 (추격금지),"2,671원 ~ 2,959원","2,959","2,671","2,861",0,https://stock.naver.com/domestic/stock/0017J0/price
003380,하림지주,금융/지주,A,+2.66%,NEW (A),A등급 신규 포착,"11,590",7.74%,O,2,3,"52,866","129,886",O,X,103.9%,적정(안전),수급우량(A),"11,100원 ~ 11,156원","11,100","11,156","10,627","11,182",https://stock.naver.com/domestic/stock/003380/price
003570,SNT다이내믹스,조선/방산/중공업,A,--4.75%,NEW (A),A등급 신규 포착,"31,050",12.53%,O,1,5,"-37,027","103,347",O,X,107.3%,적정(안전),수급우량(A),"28,942원 ~ 31,160원","31,160","28,942","30,836","38,835",https://stock.naver.com/domestic/stock/003570/price
004490,세방전지,일반 주도주,A,+3.54%,NEW (A),A등급 신규 포착,"64,400",23.56%,O,2,5,"6,267","38,133",O,X,104.9%,적정(안전),수급우량(A),"61,410원 ~ 61,620원","61,620","61,410","57,570","57,975",https://stock.naver.com/domestic/stock/004490/price
005070,코스모신소재,2차전지/배터리,A,+0.85%,NEW (A),A등급 신규 포착,"47,600",6.28%,O,1,5,"8,710","89,765",O,X,113.7%,상승과열,수급우량(A),"41,848원 ~ 45,280원","45,280","41,848","38,798","44,784",https://stock.naver.com/domestic/stock/005070/price
005420,코스모화학,2차전지/배터리,A,+6.34%,NEW (A),A등급 신규 포착,"11,900",4.74%,O,3,3,"83,065","20,016",O,X,112.9%,상승과열,수급우량(A),"10,536원 ~ 10,840원","10,840","10,536","10,114","12,221",https://stock.naver.com/domestic/stock/005420/price
005850,에스엘,IT/소프트웨어/AI,A,+0.19%,NEW (A),A등급 신규 포착,"52,200",16.01%,O,1,2,"9,811","44,669",O,X,102.8%,적정(안전),수급우량(A),"50,755원 ~ 51,120원","51,120","50,755","53,158","58,905",https://stock.naver.com/domestic/stock/005850/price
006400,삼성SDI,2차전지/배터리,A,+7.94%,NEW (A),A등급 신규 포착,"571,000",25.58%,O,1,3,"-11,518","51,552",O,X,106.0%,적정(안전),수급우량(A),"529,400원 ~ 538,850원","529,400","538,850","487,725","529,771",https://stock.naver.com/domestic/stock/006400/price
006730,서부T&D,일반 주도주,A,+0.44%,NEW (A),A등급 신규 포착,"11,530",16.42%,O,2,2,"25,306","49,588",O,X,103.8%,적정(안전),수급우량(A),"11,088원 ~ 11,105원","11,088","11,105","10,660","11,380",https://stock.naver.com/domestic/stock/006730/price
008730,율촌화학,철강/소재/화학,A,+5.63%,NEW (A),A등급 신규 포착,"15,770",5.55%,O,3,5,"15,773","8,628",O,X,103.4%,적정(안전),수급우량(A),"14,886원 ~ 15,252원","14,886","15,252","14,751","17,951",https://stock.naver.com/domestic/stock/008730/price
009150,삼성전기,IT/소프트웨어/AI,A,+5.76%,NEW (A),A등급 신규 포착,"1,672,000",37.76%,O,2,2,"95,677","66,999",O,X,115.4%,단기과열(경계),단기과열 (추격금지),"1,448,600원 ~ 1,573,400원","1,573,400","1,448,600","1,368,533","1,379,717",https://stock.naver.com/domestic/stock/009150/price
009155,삼성전기우,일반 주도주,A,+3.05%,NEW (A),A등급 신규 포착,"541,000",28.68%,O,2,2,"4,114","1,156",O,X,106.4%,적정(안전),수급우량(A),"508,225원 ~ 530,000원","530,000","508,225","484,292","495,946",https://stock.naver.com/domestic/stock/009155/price
009830,한화솔루션,전력/에너지/원자력,A,+2.35%,NEW (A),A등급 신규 포착,"36,950",13.08%,O,1,5,"658,936","1,213,737",O,X,120.2%,단기과열(경계),단기과열 (추격금지),"30,748원 ~ 34,560원","34,560","30,748","30,719","35,840",https://stock.naver.com/domestic/stock/009830/price
010120,LS ELECTRIC,전력/에너지/원자력,A,+3.34%,NEW (A),A등급 신규 포착,"216,500",19.04%,O,1,1,"86,184","-42,325",O,X,105.5%,적정(안전),수급우량(A),"205,250원 ~ 208,700원","208,700","205,250","199,410","230,199",https://stock.naver.com/domestic/stock/010120/price
016380,KG스틸,철강/소재/화학,A,--0.52%,NEW (A),A등급 신규 포착,"5,720",5.87%,O,1,1,"-304,548",-236,O,X,101.5%,적정(안전),수급우량(A),"5,634원 ~ 5,658원","5,658","5,634","5,480","5,753",https://stock.naver.com/domestic/stock/016380/price
018880,한온시스템,자동차/모빌리티,A,+2.48%,NEW (A),A등급 신규 포착,"3,925",5.99%,O,1,5,"-1,150,358","5,946,337",O,X,113.0%,상승과열,수급우량(A),"3,474원 ~ 3,633원","3,633","3,474","3,507","4,003",https://stock.naver.com/domestic/stock/018880/price
020150,롯데에너지머티리얼즈,2차전지/배터리,A,+6.89%,NEW (A),A등급 신규 포착,"54,300",7.84%,O,1,1,"-19,434","417,097",O,X,130.5%,단기과열(경계),단기과열 (추격금지),"41,618원 ~ 46,690원","46,690","41,618","35,188","45,453",https://stock.naver.com/domestic/stock/020150/price
022100,포스코DX,IT/소프트웨어/AI,A,+5.04%,NEW (A),A등급 신규 포착,"21,900",3.00%,O,2,3,"64,556","28,123",O,X,103.7%,적정(안전),수급우량(A),"20,644원 ~ 21,118원","20,644","21,118","20,355","25,275",https://stock.naver.com/domestic/stock/022100/price
026960,동서,일반 주도주,A,--4.69%,NEW (A),A등급 신규 포착,"26,400",3.82%,O,1,1,"53,634","12,915",O,X,102.6%,적정(안전),수급우량(A),"25,725원 ~ 26,250원","26,250","25,725","25,777","25,593",https://stock.naver.com/domestic/stock/026960/price
033100,제룡전기,IT/소프트웨어/AI,A,+2.02%,NEW (A),A등급 신규 포착,"50,400",6.93%,O,5,2,"31,344","18,972",O,X,107.0%,적정(안전),수급우량(A),"47,122원 ~ 48,890원","48,890","47,122","45,867","52,215",https://stock.naver.com/domestic/stock/033100/price
033790,피노,일반 주도주,A,+0.99%,NEW (A),A등급 신규 포착,"10,230",37.61%,O,1,5,"55,887","333,889",O,X,122.1%,단기과열(경계),단기과열 (추격금지),"8,379원 ~ 9,322원","9,322","8,379","6,820","8,867",https://stock.naver.com/domestic/stock/033790/price
036460,한국가스공사,일반 주도주,A,0.00%,NEW (A),A등급 신규 포착,"36,000",13.33%,O,2,1,"28,297","-37,754",O,X,100.6%,적정(안전),수급우량(A),"35,370원 ~ 35,792원","35,370","35,792","35,232","35,543",https://stock.naver.com/domestic/stock/036460/price
041190,우리기술투자,IT/소프트웨어/AI,A,--1.88%,NEW (A),A등급 신규 포착,"6,260",1.01%,O,5,2,"1,116,715","299,385",O,X,107.3%,적정(안전),수급우량(A),"5,834원 ~ 6,040원","6,040","5,834","5,229","5,577",https://stock.naver.com/domestic/stock/041190/price
043260,성호전자,일반 주도주,A,+3.85%,NEW (A),A등급 신규 포착,"32,400",2.91%,O,1,3,"307,645","279,441",O,X,142.9%,단기과열(경계),단기과열 (추격금지),"22,680원 ~ 28,870원","28,870","22,680","19,459","30,083",https://stock.naver.com/domestic/stock/043260/price
044450,KSS해운,일반 주도주,A,+0.34%,NEW (A),A등급 신규 포착,"11,950",8.69%,O,1,1,"-9,816","1,304",O,X,109.8%,상승과열,수급우량(A),"10,883원 ~ 12,174원","12,174","10,883","10,227","10,538",https://stock.naver.com/domestic/stock/044450/price
044490,태웅,전력/에너지/원자력,A,--0.66%,NEW (A),A등급 신규 포착,"37,700",3.29%,O,1,1,"3,555","4,394",O,X,101.3%,적정(안전),수급우량(A),"37,228원 ~ 37,920원","37,920","37,228","31,814","36,229",https://stock.naver.com/domestic/stock/044490/price
046970,우리로,일반 주도주,A,+3.24%,NEW (A),A등급 신규 포착,"8,610",1.85%,O,2,3,"413,141","33,366",O,X,120.9%,단기과열(경계),단기과열 (추격금지),"7,120원 ~ 7,860원","7,860","7,120","5,369","6,708",https://stock.naver.com/domestic/stock/046970/price
047050,포스코인터내셔널,반도체/소부장,A,+1.24%,NEW (A),A등급 신규 포착,"57,300",6.01%,O,1,3,"-262,430","185,319",O,X,101.6%,적정(안전),수급우량(A),"56,400원 ~ 56,500원","56,500","56,400","53,985","60,177",https://stock.naver.com/domestic/stock/047050/price
047810,한국항공우주,조선/방산/중공업,A,--3.07%,NEW (A),A등급 신규 포착,"129,400",24.10%,O,1,2,"94,137","32,514",O,X,100.1%,적정(안전),수급우량(A),"128,640원 ~ 129,240원","128,640","129,240","136,148","149,497",https://stock.naver.com/domestic/stock/047810/price
053800,안랩,IT/소프트웨어/AI,A,+13.25%,NEW (A),A등급 신규 포착,"87,200",29.20%,O,5,5,"32,097","15,476",O,X,129.3%,단기과열(경계),단기과열 (추격금지),"67,450원 ~ 78,840원","78,840","67,450","60,008","60,077",https://stock.naver.com/domestic/stock/053800/price
056190,SFA,일반 주도주,A,+2.09%,NEW (A),A등급 신규 포착,"31,700",12.77%,O,1,2,"15,268","15,351",O,X,116.0%,단기과열(경계),단기과열 (추격금지),"27,338원 ~ 30,080원","30,080","27,338","23,870","25,851",https://stock.naver.com/domestic/stock/056190/price
058610,에스피지,IT/소프트웨어/AI,A,+3.89%,NEW (A),A등급 신규 포착,"106,800",5.37%,O,3,2,"94,364","12,964",O,X,109.0%,상승과열,수급우량(A),"97,975원 ~ 101,060원","101,060","97,975","92,327","100,112",https://stock.naver.com/domestic/stock/058610/price
062040,산일전기,전력/에너지/원자력,A,+3.08%,NEW (A),A등급 신규 포착,"234,000",17.27%,O,1,3,-223,"142,942",O,X,114.0%,상승과열,수급우량(A),"205,195원 ~ 218,900원","218,900","205,195","182,952","210,937",https://stock.naver.com/domestic/stock/062040/price
064400,LG씨엔에스,IT/소프트웨어/AI,A,+1.95%,NEW (A),A등급 신규 포착,"73,300",5.74%,O,2,1,"245,496","-25,631",O,X,102.7%,적정(안전),수급우량(A),"70,860원 ~ 71,340원","70,860","71,340","70,518","75,952",https://stock.naver.com/domestic/stock/064400/price
066570,LG전자,IT/소프트웨어/AI,A,+6.94%,NEW (A),A등급 신규 포착,"231,000",29.95%,O,1,5,"-90,687","269,425",O,X,111.1%,상승과열,수급우량(A),"207,830원 ~ 217,600원","217,600","207,830","193,658","195,237",https://stock.naver.com/domestic/stock/066570/price
067310,하나마이크론,반도체/소부장,A,+2.14%,NEW (A),A등급 신규 포착,"52,600",20.08%,O,2,3,"413,323","309,383",O,X,127.6%,단기과열(경계),단기과열 (추격금지),"41,222원 ~ 50,100원","50,100","41,222","36,877","40,248",https://stock.naver.com/domestic/stock/067310/price
071320,지역난방공사,일반 주도주,A,--0.88%,NEW (A),A등급 신규 포착,"78,800",2.77%,O,1,2,"4,252","-2,717",O,X,102.8%,적정(안전),수급우량(A),"76,690원 ~ 79,060원","79,060","76,690","71,733","71,895",https://stock.naver.com/domestic/stock/071320/price
078600,대주전자재료,2차전지/배터리,A,+3.23%,NEW (A),A등급 신규 포착,"111,800",15.03%,O,1,2,"78,170","110,173",O,X,124.2%,단기과열(경계),단기과열 (추격금지),"90,050원 ~ 100,500원","100,500","90,050","84,973","107,636",https://stock.naver.com/domestic/stock/078600/price
079550,LIG디펜스앤에어로스페이스,조선/방산/중공업,A,--6.96%,NEW (A),A등급 신규 포착,"709,000",27.23%,O,3,2,"14,189","49,179",O,X,102.2%,적정(안전),수급우량(A),"693,650원 ~ 710,800원","710,800","693,650","716,183","785,967",https://stock.naver.com/domestic/stock/079550/price
080220,제주반도체,IT/소프트웨어/AI,A,+1.19%,NEW (A),A등급 신규 포착,"93,500",2.14%,O,3,4,"554,854","410,874",O,X,121.3%,단기과열(경계),단기과열 (추격금지),"77,085원 ~ 86,380원","86,380","77,085","76,115","79,018",https://stock.naver.com/domestic/stock/080220/price
080580,오킨스전자,반도체/소부장,A,--1.88%,NEW (A),A등급 신규 포착,"28,700",9.45%,O,4,1,"430,870","-37,698",O,X,124.4%,단기과열(경계),단기과열 (추격금지),"23,064원 ~ 26,720원","26,720","23,064","17,482","18,622",https://stock.naver.com/domestic/stock/080580/price
086520,에코프로,2차전지/배터리,A,+7.20%,NEW (A),A등급 신규 포착,"95,300",19.48%,O,3,3,"503,956","353,991",O,X,114.4%,상승과열,수급우량(A),"83,280원 ~ 85,740원","85,740","83,280","83,270","106,958",https://stock.naver.com/domestic/stock/086520/price
091580,상신이디피,2차전지/배터리,A,+11.66%,NEW (A),A등급 신규 포착,"24,900",4.21%,O,5,2,"89,417","34,227",O,X,115.4%,단기과열(경계),단기과열 (추격금지),"21,580원 ~ 22,000원","22,000","21,580","18,156","19,758",https://stock.naver.com/domestic/stock/091580/price
093370,후성,반도체/소부장,A,--0.92%,NEW (A),A등급 신규 포착,"16,240",10.63%,O,1,5,"504,063","913,376",O,X,114.4%,상승과열,수급우량(A),"14,196원 ~ 15,506원","15,506","14,196","12,203","13,132",https://stock.naver.com/domestic/stock/093370/price
097950,CJ제일제당,일반 주도주,A,+0.11%,NEW (A),A등급 신규 포착,"179,500",11.39%,O,1,2,"-4,619","6,649",O,X,100.3%,적정(안전),수급우량(A),"178,980원 ~ 179,060원","179,060","178,980","185,883","199,427",https://stock.naver.com/domestic/stock/097950/price
098460,고영,반도체/소부장,A,+6.60%,NEW (A),A등급 신규 포착,"36,350",31.18%,O,5,2,"913,061","246,977",O,X,123.9%,단기과열(경계),단기과열 (추격금지),"29,342원 ~ 33,280원","33,280","29,342","28,487","31,519",https://stock.naver.com/domestic/stock/098460/price
100090,SK오션플랜트,전력/에너지/원자력,A,+6.67%,NEW (A),A등급 신규 포착,"12,790",3.89%,O,3,1,"120,943","-15,700",O,X,104.3%,적정(안전),수급우량(A),"12,034원 ~ 12,264원","12,034","12,264","13,155","16,183",https://stock.naver.com/domestic/stock/100090/price
108490,로보티즈,IT/소프트웨어/AI,A,+1.61%,NEW (A),A등급 신규 포착,"316,000",7.39%,O,3,2,"84,879","53,710",O,X,103.3%,적정(안전),수급우량(A),"300,200원 ~ 306,025원","300,200","306,025","253,635","273,722",https://stock.naver.com/domestic/stock/108490/price
108860,셀바스AI,IT/소프트웨어/AI,A,+4.80%,NEW (A),A등급 신규 포착,"9,390",1.82%,O,3,1,"126,944",-546,O,X,105.2%,적정(안전),수급우량(A),"8,922원 ~ 8,978원","8,978","8,922","8,754","9,805",https://stock.naver.com/domestic/stock/108860/price
112040,위메이드,IT/소프트웨어/AI,A,+0.45%,NEW (A),A등급 신규 포착,"15,670",7.29%,O,2,2,"20,641","9,916",O,X,102.1%,적정(안전),수급우량(A),"15,344원 ~ 15,412원","15,412","15,344","15,852","18,044",https://stock.naver.com/domestic/stock/112040/price
128940,한미약품,바이오/헬스케어,A,+2.57%,NEW (A),A등급 신규 포착,"519,000",12.81%,O,1,3,"9,199","4,149",O,X,104.8%,적정(안전),수급우량(A),"495,025원 ~ 504,700원","504,700","495,025","437,217","446,062",https://stock.naver.com/domestic/stock/128940/price
138080,오이솔루션,일반 주도주,A,+1.39%,NEW (A),A등급 신규 포착,"32,900",3.70%,O,4,5,"205,192","71,969",O,X,125.0%,단기과열(경계),단기과열 (추격금지),"26,328원 ~ 30,460원","30,460","26,328","22,944","29,821",https://stock.naver.com/domestic/stock/138080/price
138930,BNK금융지주,금융/지주,A,+0.31%,NEW (A),A등급 신규 포착,"15,990",36.95%,O,1,1,"-430,942","50,629",O,X,100.7%,적정(안전),수급우량(A),"15,878원 ~ 16,040원","16,040","15,878","15,942","16,848",https://stock.naver.com/domestic/stock/138930/price
189300,인텔리안테크,조선/방산/중공업,A,+2.89%,NEW (A),A등급 신규 포착,"74,800",22.07%,O,2,2,"8,943","14,178",O,X,112.0%,상승과열,수급우량(A),"66,780원 ~ 70,100원","70,100","66,780","66,034","93,565",https://stock.naver.com/domestic/stock/189300/price
200470,에이팩트,일반 주도주,A,--0.49%,NEW (A),A등급 신규 포착,"10,090",3.91%,O,4,4,"205,245","730,590",O,X,133.8%,단기과열(경계),단기과열 (추격금지),"7,541원 ~ 9,620원","9,620","7,541","6,137","7,414",https://stock.naver.com/domestic/stock/200470/price
215200,메가스터디교육,일반 주도주,A,+0.80%,NEW (A),A등급 신규 포착,"37,800",26.41%,O,5,3,"14,818","21,654",O,X,105.9%,적정(안전),수급우량(A),"35,682원 ~ 37,230원","37,230","35,682","37,422","39,756",https://stock.naver.com/domestic/stock/215200/price
253590,네오셈,반도체/소부장,A,+4.30%,NEW (A),A등급 신규 포착,"16,250",0.57%,O,2,2,"460,824","139,809",O,X,127.8%,단기과열(경계),단기과열 (추격금지),"12,712원 ~ 14,658원","14,658","12,712","10,836","12,881",https://stock.naver.com/domestic/stock/253590/price
277810,레인보우로보틱스,IT/소프트웨어/AI,A,+3.34%,NEW (A),A등급 신규 포착,"464,500",5.95%,O,2,3,"47,288","20,168",O,X,106.2%,적정(안전),수급우량(A),"437,250원 ~ 437,700원","437,700","437,250","444,892","544,188",https://stock.naver.com/domestic/stock/277810/price
281740,레이크머티리얼즈,2차전지/배터리,A,+4.62%,NEW (A),A등급 신규 포착,"13,130",8.64%,O,2,2,"-65,136","15,860",O,X,116.9%,단기과열(경계),단기과열 (추격금지),"11,232원 ~ 12,178원","12,178","11,232","11,714","15,266",https://stock.naver.com/domestic/stock/281740/price
293940,신한알파리츠,건설/인프라,A,--0.18%,NEW (A),A등급 신규 포착,"5,530",11.14%,O,1,5,"1,918","34,367",O,X,101.0%,적정(안전),수급우량(A),"5,477원 ~ 5,574원","5,574","5,477","5,350","5,463",https://stock.naver.com/domestic/stock/293940/price
306200,세아제강,일반 주도주,A,+0.32%,NEW (A),A등급 신규 포착,"155,100",4.95%,O,1,1,561,"-7,424",O,X,105.1%,적정(안전),수급우량(A),"147,510원 ~ 151,700원","151,700","147,510","136,803","141,957",https://stock.naver.com/domestic/stock/306200/price
310200,애니플러스,일반 주도주,A,+1.83%,NEW (A),A등급 신규 포착,"2,225",2.53%,O,2,2,"85,635","56,392",O,X,110.4%,상승과열,수급우량(A),"2,016원 ~ 2,146원","2,146","2,016","2,378","2,409",https://stock.naver.com/domestic/stock/310200/price
322000,HD현대에너지솔루션,전력/에너지/원자력,A,+7.61%,NEW (A),A등급 신규 포착,"149,900",7.80%,O,3,5,"200,504","87,949",O,X,115.3%,단기과열(경계),단기과열 (추격금지),"130,055원 ~ 134,260원","134,260","130,055","127,582","148,614",https://stock.naver.com/domestic/stock/322000/price
327260,RF머트리얼즈,조선/방산/중공업,A,+11.05%,NEW (A),A등급 신규 포착,"58,300",8.91%,O,1,4,"-95,393","135,828",O,X,128.2%,단기과열(경계),단기과열 (추격금지),"45,480원 ~ 51,930원","51,930","45,480","39,329","60,894",https://stock.naver.com/domestic/stock/327260/price
347700,스피어,조선/방산/중공업,A,+9.15%,NEW (A),A등급 신규 포착,"26,850",8.31%,O,4,3,"266,192","290,900",O,X,122.5%,단기과열(경계),단기과열 (추격금지),"21,912원 ~ 23,560원","23,560","21,912","21,010","28,620",https://stock.naver.com/domestic/stock/347700/price
348340,뉴로메카,IT/소프트웨어/AI,A,+1.57%,NEW (A),A등급 신규 포착,"22,650",4.66%,O,3,1,"135,732","9,294",O,X,116.9%,단기과열(경계),단기과열 (추격금지),"19,376원 ~ 21,250원","21,250","19,376","22,470","38,891",https://stock.naver.com/domestic/stock/348340/price
356860,티엘비,반도체/소부장,A,+3.82%,NEW (A),A등급 신규 포착,"50,300",6.37%,O,3,4,"49,782","51,036",O,X,122.4%,단기과열(경계),단기과열 (추격금지),"41,108원 ~ 47,740원","47,740","41,108","39,336","65,612",https://stock.naver.com/domestic/stock/356860/price
368770,파이버프로,조선/방산/중공업,A,--0.69%,NEW (A),A등급 신규 포착,"14,460",2.96%,O,5,1,"48,195","11,992",O,X,112.0%,상승과열,수급우량(A),"12,906원 ~ 13,732원","13,732","12,906","12,595","15,798",https://stock.naver.com/domestic/stock/368770/price
373220,LG에너지솔루션,2차전지/배터리,A,+4.58%,NEW (A),A등급 신규 포착,"388,000",5.62%,O,1,3,"12,118","138,960",O,X,107.4%,적정(안전),수급우량(A),"361,150원 ~ 365,200원","365,200","361,150","348,292","381,842",https://stock.naver.com/domestic/stock/373220/price
388720,유일로보틱스,일반 주도주,A,+1.55%,NEW (A),A등급 신규 포착,"72,000",15.81%,O,5,2,"19,105","5,769",O,X,105.3%,적정(안전),수급우량(A),"68,385원 ~ 69,140원","69,140","68,385","66,893","78,053",https://stock.naver.com/domestic/stock/388720/price
389140,포바이포,일반 주도주,A,+0.18%,NEW (A),A등급 신규 포착,"5,640",1.77%,O,2,5,"3,405",386,O,X,104.6%,적정(안전),수급우량(A),"5,390원 ~ 5,516원","5,516","5,390","5,095","6,180",https://stock.naver.com/domestic/stock/389140/price
402340,SK스퀘어,반도체/소부장,A,--0.09%,NEW (A),A등급 신규 포착,"1,159,000",46.75%,O,1,2,"-24,949","48,054",O,X,105.2%,적정(안전),수급우량(A),"1,102,200원 ~ 1,144,600원","1,144,600","1,102,200","1,095,617","1,142,608",https://stock.naver.com/domestic/stock/402340/price
417840,저스템,반도체/소부장,A,+5.13%,NEW (A),A등급 신규 포착,"19,480",7.96%,O,4,1,"423,941","-191,105",O,X,122.4%,단기과열(경계),단기과열 (추격금지),"15,916원 ~ 18,534원","18,534","15,916","13,067","13,470",https://stock.naver.com/domestic/stock/417840/price
437730,삼현,일반 주도주,A,+0.19%,NEW (A),A등급 신규 포착,"51,900",1.45%,O,1,2,"26,278","36,811",O,X,112.6%,상승과열,수급우량(A),"46,110원 ~ 50,750원","50,750","46,110","38,050","43,459",https://stock.naver.com/domestic/stock/437730/price
454910,두산로보틱스,IT/소프트웨어/AI,A,+2.74%,NEW (A),A등급 신규 포착,"75,100",5.64%,O,2,2,"180,161","28,418",O,X,106.5%,적정(안전),수급우량(A),"70,540원 ~ 71,460원","71,460","70,540","69,647","86,368",https://stock.naver.com/domestic/stock/454910/price
462350,이노스페이스,조선/방산/중공업,A,--1.39%,NEW (A),A등급 신규 포착,"6,380",2.84%,O,3,1,"53,902",167,O,X,102.4%,적정(안전),수급우량(A),"6,228원 ~ 6,282원","6,282","6,228","6,415","10,281",https://stock.naver.com/domestic/stock/462350/price
466100,클로봇,IT/소프트웨어/AI,A,+1.47%,NEW (A),A등급 신규 포착,"24,100",6.01%,O,3,2,"193,255","7,392",O,X,103.1%,적정(안전),수급우량(A),"23,190원 ~ 23,365원","23,190","23,365","25,377","33,415",https://stock.naver.com/domestic/stock/466100/price
468530,프로티나,바이오/헬스케어,A,0.00%,NEW (A),A등급 신규 포착,"51,300",2.24%,O,1,5,"11,162","58,066",O,X,133.4%,단기과열(경계),단기과열 (추격금지),"38,450원 ~ 51,860원","51,860","38,450","31,204","37,773",https://stock.naver.com/domestic/stock/468530/price
484870,엠앤씨솔루션,조선/방산/중공업,A,+3.11%,NEW (A),A등급 신규 포착,"19,230",6.76%,O,1,1,"-9,465","54,182",O,X,106.9%,적정(안전),수급우량(A),"17,984원 ~ 18,170원","18,170","17,984","18,426","51,995",https://stock.naver.com/domestic/stock/484870/price
000150,두산,전력/에너지/원자력,B,+8.80%,NEW (B),B등급 신규 포착,"1,459,000",18.32%,X,1,0,"-5,403","-51,562",O,X,107.2%,적정(안전),관망(C),"1,361,150원 ~ 1,389,800원","1,389,800","1,361,150","1,247,383","1,416,958",https://stock.naver.com/domestic/stock/000150/price
000155,두산우,일반 주도주,B,+6.30%,NEW (B),B등급 신규 포착,"481,000",9.96%,X,0,3,"-4,682","1,708",O,X,105.8%,적정(안전),관망(C),"454,550원 ~ 468,800원","468,800","454,550","432,958","509,400",https://stock.naver.com/domestic/stock/000155/price
000250,삼천당제약,바이오/헬스케어,B,+17.15%,NEW (B),B등급 신규 포착,"242,500",4.08%,X,0,3,"-104,329","65,101",O,X,142.1%,단기과열(경계),단기과열 (추격금지),"170,660원 ~ 198,120원","198,120","170,660","171,503","259,043",https://stock.naver.com/domestic/stock/000250/price
000640,동아쏘시오홀딩스,일반 주도주,B,--0.74%,NEW (B),B등급 신규 포착,"93,900",17.04%,X,0,2,"-2,401","6,752",O,O,100.9%,적정(안전),관망(C),"93,045원 ~ 93,880원","93,880","93,045","89,708","89,637",https://stock.naver.com/domestic/stock/000640/price
000880,한화,전력/에너지/원자력,B,--1.71%,NEW (B),B등급 신규 포착,"126,700",21.55%,O,1,2,"17,351","-3,109",X,X,94.6%,이격과도(눌림),추세초입(B),"126,320원 ~ 133,990원","126,320","133,990","108,222","116,619",https://stock.naver.com/domestic/stock/000880/price
00088K,한화3우B,일반 주도주,B,--1.77%,NEW (B),B등급 신규 포착,"38,800",30.00%,O,1,2,"-6,237","6,164",X,X,95.0%,이격과도(눌림),추세초입(B),"39,200원 ~ 40,832원","39,200","40,832","35,028","40,055",https://stock.naver.com/domestic/stock/00088K/price
000990,DB하이텍,반도체/소부장,B,--0.78%,NEW (B),B등급 신규 포착,"139,700",23.51%,X,0,0,"-213,815","63,538",O,X,113.7%,상승과열,관망(C),"122,885원 ~ 140,400원","140,400","122,885","105,242","128,854",https://stock.naver.com/domestic/stock/000990/price
001120,LX인터내셔널,일반 주도주,B,--1.81%,NEW (B),B등급 신규 포착,"43,300",25.28%,X,0,5,"-116,105","119,899",O,X,105.0%,적정(안전),관망(C),"41,230원 ~ 42,710원","42,710","41,230","38,837","41,351",https://stock.naver.com/domestic/stock/001120/price
0011A0,액스비스,일반 주도주,B,+0.17%,NEW (B),B등급 신규 포착,"11,980",1.32%,X,2,0,"-26,236","-10,534",O,X,103.0%,적정(안전),관망(C),"11,626원 ~ 11,680원","11,680","11,626","9,770","14,291",https://stock.naver.com/domestic/stock/0011A0/price
001200,유진투자증권,금융/지주,B,--0.49%,NEW (B),B등급 신규 포착,"4,070",11.34%,O,2,2,"71,183","9,296",X,X,96.5%,이격과도(눌림),관망(C),"4,076원 ~ 4,220원","4,076","4,220","4,240","4,631",https://stock.naver.com/domestic/stock/001200/price
001430,세아베스틸지주,철강/소재/화학,B,+1.29%,NEW (B),B등급 신규 포착,"47,250",6.02%,X,0,0,"-108,693","98,234",O,X,107.5%,적정(안전),관망(C),"43,968원 ~ 46,390원","46,390","43,968","39,744","48,251",https://stock.naver.com/domestic/stock/001430/price
001510,SK증권,금융/지주,B,--1.48%,NEW (B),B등급 신규 포착,"2,330",2.51%,O,5,2,"1,022,117",-521,X,X,98.2%,적정(안전),추세초입(B),"2,313원 ~ 2,372원","2,313","2,372","2,331","2,790",https://stock.naver.com/domestic/stock/001510/price
001820,삼화콘덴서,일반 주도주,B,+1.98%,NEW (B),B등급 신규 포착,"159,600",8.59%,X,0,0,"-83,937","-35,876",O,O,114.6%,상승과열,관망(C),"139,215원 ~ 157,180원","157,180","139,215","106,975","103,689",https://stock.naver.com/domestic/stock/001820/price
002960,한국쉘석유,일반 주도주,B,+1.35%,NEW (B),B등급 신규 포착,"525,000",58.49%,X,0,3,-668,185,O,O,103.1%,적정(안전),관망(C),"509,450원 ~ 519,200원","519,200","509,450","505,700","500,958",https://stock.naver.com/domestic/stock/002960/price
003030,세아제강지주,철강/소재/화학,B,--2.52%,NEW (B),B등급 신규 포착,"112,400",8.09%,X,0,4,"-26,534","27,163",O,X,104.0%,적정(안전),관망(C),"108,050원 ~ 113,920원","113,920","108,050","105,427","138,398",https://stock.naver.com/domestic/stock/003030/price
003160,디아이,반도체/소부장,B,--0.82%,NEW (B),B등급 신규 포착,"42,450",18.33%,X,2,0,"437,341","-98,034",O,X,124.4%,단기과열(경계),단기과열 (추격금지),"34,112원 ~ 40,340원","40,340","34,112","26,638","28,054",https://stock.naver.com/domestic/stock/003160/price
003280,흥아해운,일반 주도주,B,--2.16%,NEW (B),B등급 신규 포착,"1,815",3.00%,X,3,0,"1,048,300","13,842",O,X,100.4%,적정(안전),관망(C),"1,808원 ~ 1,822원","1,822","1,808","1,759","2,073",https://stock.naver.com/domestic/stock/003280/price
003490,대한항공,엔터/미디어/소비재,B,+1.31%,NEW (B),B등급 신규 포착,"31,000",26.31%,X,1,0,"-146,681","149,543",O,O,102.3%,적정(안전),관망(C),"30,302원 ~ 31,300원","31,300","30,302","27,778","27,008",https://stock.naver.com/domestic/stock/003490/price
003530,한화투자증권,금융/지주,B,--1.07%,NEW (B),B등급 신규 포착,"4,615",6.09%,O,2,1,"-113,262","-8,436",X,X,97.7%,적정(안전),추세초입(B),"4,625원 ~ 4,722원","4,625","4,722","4,580","5,553",https://stock.naver.com/domestic/stock/003530/price
003550,LG,IT/소프트웨어/AI,B,+3.87%,NEW (B),B등급 신규 포착,"115,400",36.61%,X,0,2,"-10,005","-3,410",O,X,100.8%,적정(안전),관망(C),"111,700원 ~ 114,525원","111,700","114,525","108,883","108,165",https://stock.naver.com/domestic/stock/003550/price
003670,포스코퓨처엠,2차전지/배터리,B,+8.88%,NEW (B),B등급 신규 포착,"203,500",9.36%,X,3,0,"94,015","31,736",O,X,110.1%,상승과열,관망(C),"184,905원 ~ 185,760원","185,760","184,905","165,488","193,166",https://stock.naver.com/domestic/stock/003670/price
005290,동진쎄미켐,철강/소재/화학,B,+0.58%,NEW (B),B등급 신규 포착,"52,300",12.82%,X,0,5,"-19,495","380,994",O,X,118.9%,단기과열(경계),단기과열 (추격금지),"43,995원 ~ 50,580원","50,580","43,995","42,552","49,650",https://stock.naver.com/domestic/stock/005290/price
005387,현대차2우B,자동차/모빌리티,B,+2.46%,NEW (B),B등급 신규 포착,"179,300",54.62%,X,0,5,"-98,676","35,234",O,X,100.4%,적정(안전),관망(C),"177,240원 ~ 178,600원","177,240","178,600","190,853","219,727",https://stock.naver.com/domestic/stock/005387/price
005690,파미셀,바이오/헬스케어,B,+6.94%,NEW (B),B등급 신규 포착,"13,260",8.46%,X,0,0,"-57,638","-8,642",O,X,113.2%,상승과열,관망(C),"11,718원 ~ 12,510원","12,510","11,718","11,237","13,537",https://stock.naver.com/domestic/stock/005690/price
005880,대한해운,조선/방산/중공업,B,--5.12%,NEW (B),B등급 신규 포착,"2,040",12.45%,O,3,4,"712,068","443,247",X,X,98.6%,적정(안전),추세초입(B),"2,070원 ~ 2,081원","2,081","2,070","1,990","2,153",https://stock.naver.com/domestic/stock/005880/price
005930,삼성전자,반도체/소부장,B,--1.63%,NEW (B),B등급 신규 포착,"271,500",46.41%,X,0,2,"-4,300,462","-748,777",O,X,101.7%,적정(안전),관망(C),"266,850원 ~ 273,300원","273,300","266,850","258,458","271,796",https://stock.naver.com/domestic/stock/005930/price
005940,NH투자증권,금융/지주,B,--1.11%,NEW (B),B등급 신규 포착,"26,650",13.34%,X,0,4,"-95,856","324,855",O,X,101.5%,적정(안전),관망(C),"26,265원 ~ 26,430원","26,430","26,265","27,518","30,086",https://stock.naver.com/domestic/stock/005940/price
006110,삼아알미늄,철강/소재/화학,B,+11.18%,NEW (B),B등급 신규 포착,"69,600",39.07%,X,0,5,"-63,729","143,964",O,X,113.5%,상승과열,관망(C),"61,310원 ~ 62,340원","62,340","61,310","50,962","57,433",https://stock.naver.com/domestic/stock/006110/price
006280,녹십자,바이오/헬스케어,B,+1.35%,NEW (B),B등급 신규 포착,"127,500",23.90%,X,0,2,"4,828","8,137",O,X,101.5%,적정(안전),관망(C),"125,630원 ~ 125,680원","125,680","125,630","124,423","129,246",https://stock.naver.com/domestic/stock/006280/price
006340,대원전선,전력/에너지/원자력,B,+0.15%,NEW (B),B등급 신규 포착,"13,390",3.12%,X,2,0,"97,501","-21,354",O,O,101.0%,적정(안전),관망(C),"13,258원 ~ 13,258원","13,258","13,258","13,193","12,296",https://stock.naver.com/domestic/stock/006340/price
007340,DN오토모티브,자동차/모빌리티,B,--0.70%,NEW (B),B등급 신규 포착,"49,650",5.77%,X,3,0,"47,761","-17,466",O,O,104.4%,적정(안전),관망(C),"47,535원 ~ 49,550원","49,550","47,535","45,038","43,552",https://stock.naver.com/domestic/stock/007340/price
007660,이수페타시스,반도체/소부장,B,+8.66%,NEW (B),B등급 신규 포착,"131,700",15.72%,X,0,2,"-100,212","123,656",O,X,116.4%,단기과열(경계),단기과열 (추격금지),"113,130원 ~ 122,180원","122,180","113,130","100,060","113,660",https://stock.naver.com/domestic/stock/007660/price
007810,코리아써키트,반도체/소부장,B,+7.52%,NEW (B),B등급 신규 포착,"88,600",5.22%,X,0,5,"-90,573","81,308",O,X,145.4%,단기과열(경계),단기과열 (추격금지),"60,932원 ~ 80,140원","80,140","60,932","59,948","80,442",https://stock.naver.com/domestic/stock/007810/price
0088M0,메쥬,일반 주도주,B,+5.63%,NEW (B),B등급 신규 포착,"15,200",4.39%,X,0,0,"44,168","-26,687",O,X,116.3%,단기과열(경계),단기과열 (추격금지),"13,074원 ~ 14,270원","14,270","13,074","12,982","19,895",https://stock.naver.com/domestic/stock/0088M0/price
009290,광동제약,바이오/헬스케어,B,+3.66%,NEW (B),B등급 신규 포착,"6,790",15.79%,X,0,0,"-24,421","-3,059",O,X,105.9%,적정(안전),관망(C),"6,412원 ~ 6,542원","6,542","6,412","6,253","6,678",https://stock.naver.com/domestic/stock/009290/price
009520,포스코엠텍,철강/소재/화학,B,+2.67%,NEW (B),B등급 신규 포착,"13,470",7.21%,X,5,0,"68,259","14,129",O,X,106.1%,적정(안전),관망(C),"12,694원 ~ 12,834원","12,834","12,694","11,838","14,269",https://stock.naver.com/domestic/stock/009520/price
010060,OCI홀딩스,전력/에너지/원자력,B,+3.17%,NEW (B),B등급 신규 포착,"244,000",16.00%,X,0,5,"-34,949","109,251",O,X,113.3%,상승과열,관망(C),"215,435원 ~ 228,400원","228,400","215,435","228,407","257,817",https://stock.naver.com/domestic/stock/010060/price
010130,고려아연,철강/소재/화학,B,+2.31%,NEW (B),B등급 신규 포착,"1,105,000",27.57%,O,4,1,"3,353","-9,155",X,X,96.7%,이격과도(눌림),추세초입(B),"1,080,600원 ~ 1,142,650원","1,080,600","1,142,650","1,136,250","1,262,675",https://stock.naver.com/domestic/stock/010130/price
010170,대한광통신,건설/인프라,B,+4.49%,NEW (B),B등급 신규 포착,"18,600",3.81%,X,2,0,"-490,302","-131,096",O,X,115.6%,단기과열(경계),단기과열 (추격금지),"16,088원 ~ 17,452원","17,452","16,088","13,097","15,704",https://stock.naver.com/domestic/stock/010170/price
010820,퍼스텍,반도체/소부장,B,--4.60%,NEW (B),B등급 신규 포착,"6,220",11.50%,X,0,1,"50,952","-2,727",O,X,100.3%,적정(안전),관망(C),"6,199원 ~ 6,332원","6,332","6,199","5,949","8,091",https://stock.naver.com/domestic/stock/010820/price
011070,LG이노텍,IT/소프트웨어/AI,B,+11.85%,NEW (B),B등급 신규 포착,"642,000",27.05%,X,0,0,"-10,391","-18,334",O,X,116.3%,단기과열(경계),단기과열 (추격금지),"552,100원 ~ 589,400원","589,400","552,100","584,417","708,421",https://stock.naver.com/domestic/stock/011070/price
011790,SKC,2차전지/배터리,B,+4.69%,NEW (B),B등급 신규 포착,"111,500",10.38%,X,0,5,"-118,615","288,145",O,X,121.3%,단기과열(경계),단기과열 (추격금지),"91,915원 ~ 102,940원","102,940","91,915","86,352","106,168",https://stock.naver.com/domestic/stock/011790/price
0120G0,삼양바이오팜,바이오/헬스케어,B,+3.72%,NEW (B),B등급 신규 포착,"50,200",3.62%,X,0,0,"14,826",677,O,X,103.9%,적정(안전),관망(C),"47,950원 ~ 48,318원","47,950","48,318","46,922","54,517",https://stock.naver.com/domestic/stock/0120G0/price
0126Z0,삼성에피스홀딩스,바이오/헬스케어,B,+1.37%,NEW (B),B등급 신규 포착,"370,000",5.37%,X,0,4,"36,393","10,754",O,X,107.4%,적정(안전),관망(C),"344,400원 ~ 359,300원","359,300","344,400","370,117","429,575",https://stock.naver.com/domestic/stock/0126Z0/price
013030,하이록코리아,일반 주도주,B,--1.79%,NEW (B),B등급 신규 포착,"35,650",29.84%,X,1,0,"-14,189","-2,323",O,X,100.2%,적정(안전),관망(C),"35,578원 ~ 36,420원","36,420","35,578","33,143","35,429",https://stock.naver.com/domestic/stock/013030/price
014680,한솔케미칼,반도체/소부장,B,+0.91%,NEW (B),B등급 신규 포착,"276,500",41.93%,X,0,5,"-113,705","154,430",O,X,122.9%,단기과열(경계),단기과열 (추격금지),"225,030원 ~ 268,100원","268,100","225,030","221,195","252,039",https://stock.naver.com/domestic/stock/014680/price
014820,동원시스템즈,철강/소재/화학,B,+3.29%,NEW (B),B등급 신규 포착,"22,000",13.70%,X,1,0,"7,074","-3,037",O,X,103.1%,적정(안전),관망(C),"21,280원 ~ 21,330원","21,280","21,330","20,996","22,055",https://stock.naver.com/domestic/stock/014820/price
016360,삼성증권,금융/지주,B,--1.44%,NEW (B),B등급 신규 포착,"89,100",26.92%,X,0,4,"-16,193","119,506",O,X,101.3%,적정(안전),관망(C),"87,970원 ~ 89,260원","89,260","87,970","93,232","105,535",https://stock.naver.com/domestic/stock/016360/price
016610,DB증권,금융/지주,B,--1.52%,NEW (B),B등급 신규 포착,"10,340",8.78%,X,0,5,"-28,494","70,602",O,X,101.3%,적정(안전),관망(C),"10,208원 ~ 10,382원","10,382","10,208","9,556","10,763",https://stock.naver.com/domestic/stock/016610/price
017670,SK텔레콤,IT/소프트웨어/AI,B,--0.34%,NEW (B),B등급 신규 포착,"88,100",34.88%,O,3,1,"277,373","-173,870",X,X,99.1%,적정(안전),관망(C),"86,960원 ~ 88,910원","86,960","88,910","90,400","94,222",https://stock.naver.com/domestic/stock/017670/price
018670,SK가스,일반 주도주,B,+7.56%,NEW (B),B등급 신규 포착,"256,000",5.62%,X,1,0,317,"-1,429",O,X,105.5%,적정(안전),관망(C),"242,625원 ~ 243,200원","243,200","242,625","233,167","236,067",https://stock.naver.com/domestic/stock/018670/price
020560,아시아나항공,일반 주도주,B,+1.22%,NEW (B),B등급 신규 포착,"8,270",3.92%,X,0,0,"-11,063","106,681",O,O,102.5%,적정(안전),관망(C),"8,070원 ~ 8,336원","8,336","8,070","7,454","7,340",https://stock.naver.com/domestic/stock/020560/price
021240,코웨이,일반 주도주,B,--0.79%,NEW (B),B등급 신규 포착,"100,800",54.17%,X,0,5,"-47,021","42,046",O,O,100.4%,적정(안전),관망(C),"100,405원 ~ 100,580원","100,580","100,405","96,508","92,638",https://stock.naver.com/domestic/stock/021240/price
028300,HLB,바이오/헬스케어,B,+16.93%,NEW (B),B등급 신규 포착,"47,300",14.10%,X,0,3,"-208,148","329,058",O,X,136.4%,단기과열(경계),단기과열 (추격금지),"34,678원 ~ 42,090원","42,090","34,678","35,425","44,648",https://stock.naver.com/domestic/stock/028300/price
030000,제일기획,일반 주도주,B,--0.32%,NEW (B),B등급 신규 포착,"18,640",17.47%,X,0,4,"-79,926","149,805",O,X,101.5%,적정(안전),관망(C),"18,364원 ~ 18,572원","18,572","18,364","18,745","18,939",https://stock.naver.com/domestic/stock/030000/price
030190,NICE평가정보,IT/소프트웨어/AI,B,--1.04%,NEW (B),B등급 신규 포착,"16,100",32.59%,X,0,1,"-10,378","14,350",O,O,100.8%,적정(안전),관망(C),"15,972원 ~ 16,174원","16,174","15,972","15,204","14,878",https://stock.naver.com/domestic/stock/030190/price
030520,한컴,IT/소프트웨어/AI,B,+6.98%,NEW (B),B등급 신규 포착,"18,380",4.85%,X,0,0,"-28,435","5,159",O,X,106.8%,적정(안전),관망(C),"17,202원 ~ 17,510원","17,510","17,202","17,302","18,496",https://stock.naver.com/domestic/stock/030520/price
031980,피에스케이홀딩스,반도체/소부장,B,+1.55%,NEW (B),B등급 신규 포착,"196,600",6.91%,X,0,0,"39,596","-89,781",O,O,118.2%,단기과열(경계),단기과열 (추격금지),"166,305원 ~ 188,720원","188,720","166,305","132,195","128,168",https://stock.naver.com/domestic/stock/031980/price
032500,케이엠더블유,건설/인프라,B,--0.47%,NEW (B),B등급 신규 포착,"21,000",5.55%,X,0,2,"-4,406","84,162",O,X,118.1%,단기과열(경계),단기과열 (추격금지),"17,779원 ~ 19,870원","19,870","17,779","16,214","22,257",https://stock.naver.com/domestic/stock/032500/price
033160,엠케이전자,일반 주도주,B,--1.95%,NEW (B),B등급 신규 포착,"19,560",12.98%,X,1,0,"-168,451","-16,455",O,X,128.8%,단기과열(경계),단기과열 (추격금지),"15,186원 ~ 18,376원","18,376","15,186","15,285","20,460",https://stock.naver.com/domestic/stock/033160/price
033500,동성화인텍,조선/방산/중공업,B,--1.22%,NEW (B),B등급 신규 포착,"16,170",15.99%,O,1,2,"27,192","15,572",X,X,98.2%,적정(안전),관망(C),"16,020원 ~ 16,464원","16,020","16,464","16,644","19,610",https://stock.naver.com/domestic/stock/033500/price
033640,네패스,IT/소프트웨어/AI,B,+3.85%,NEW (B),B등급 신규 포착,"32,400",11.54%,X,1,0,"-9,001","120,230",O,X,124.1%,단기과열(경계),단기과열 (추격금지),"26,118원 ~ 30,880원","30,880","26,118","21,192","25,856",https://stock.naver.com/domestic/stock/033640/price
033780,KT&G,전력/에너지/원자력,B,--0.51%,NEW (B),B등급 신규 포착,"176,000",51.12%,X,0,2,"-135,288","16,133",O,X,101.7%,적정(안전),관망(C),"173,080원 ~ 176,020원","176,020","173,080","176,095","176,672",https://stock.naver.com/domestic/stock/033780/price
034730,SK,전력/에너지/원자력,B,--0.17%,NEW (B),B등급 신규 포착,"583,000",30.16%,X,1,0,"12,101","-5,091",O,X,100.4%,적정(안전),관망(C),"580,850원 ~ 584,200원","584,200","580,850","569,842","570,171",https://stock.naver.com/domestic/stock/034730/price
035810,이지홀딩스,일반 주도주,B,--1.87%,NEW (B),B등급 신규 포착,"4,455",5.98%,O,1,1,"-74,566","1,314",X,X,97.1%,적정(안전),추세초입(B),"4,493원 ~ 4,587원","4,493","4,587","4,472","4,721",https://stock.naver.com/domestic/stock/035810/price
036540,SFA반도체,IT/소프트웨어/AI,B,+1.14%,NEW (B),B등급 신규 포착,"11,500",14.24%,X,5,0,"2,736,790","-2,232,816",O,X,128.4%,단기과열(경계),단기과열 (추격금지),"8,953원 ~ 11,116원","11,116","8,953","6,604","7,074",https://stock.naver.com/domestic/stock/036540/price
036570,NC,IT/소프트웨어/AI,B,--6.85%,NEW (B),B등급 신규 포착,"224,500",38.26%,X,0,2,"-127,540","171,848",O,X,104.7%,적정(안전),관망(C),"214,350원 ~ 224,800원","224,800","214,350","225,600","244,642",https://stock.naver.com/domestic/stock/036570/price
036930,주성엔지니어링,반도체/소부장,B,+17.72%,NEW (B),B등급 신규 포착,"279,000",9.26%,X,0,4,"36,970","253,276",O,O,131.3%,단기과열(경계),단기과열 (추격금지),"212,560원 ~ 243,000원","243,000","212,560","179,073","172,480",https://stock.naver.com/domestic/stock/036930/price
037460,삼지전자,일반 주도주,B,--1.95%,NEW (B),B등급 신규 포착,"32,600",6.07%,X,2,0,"16,072",-993,O,X,105.7%,적정(안전),관망(C),"30,835원 ~ 32,010원","32,010","30,835","32,625","35,514",https://stock.naver.com/domestic/stock/037460/price
039030,이오테크닉스,반도체/소부장,B,+2.07%,NEW (B),B등급 신규 포착,"543,000",24.69%,X,0,4,"-51,253","62,506",O,X,113.7%,상승과열,관망(C),"477,400원 ~ 531,200원","531,200","477,400","395,625","435,904",https://stock.naver.com/domestic/stock/039030/price
039200,오스코텍,바이오/헬스케어,B,+6.69%,NEW (B),B등급 신규 포착,"39,050",12.42%,X,0,0,"-33,230","77,378",O,X,108.7%,상승과열,관망(C),"35,932원 ~ 37,030원","37,030","35,932","34,482","39,409",https://stock.naver.com/domestic/stock/039200/price
042000,카페24,IT/소프트웨어/AI,B,+10.63%,NEW (B),B등급 신규 포착,"22,900",17.45%,X,0,3,"-289,977","117,499",O,X,134.3%,단기과열(경계),단기과열 (추격금지),"17,053원 ~ 20,462원","20,462","17,053","16,974","19,472",https://stock.naver.com/domestic/stock/042000/price
042520,한스바이오메드,바이오/헬스케어,B,+4.00%,NEW (B),B등급 신규 포착,"22,100",6.78%,X,0,5,"29,154","79,201",O,X,112.1%,상승과열,관망(C),"19,706원 ~ 21,640원","21,640","19,706","20,465","24,079",https://stock.naver.com/domestic/stock/042520/price
042700,한미반도체,반도체/소부장,B,+1.84%,NEW (B),B등급 신규 포착,"277,000",7.68%,X,0,5,"55,691","257,415",O,X,113.7%,상승과열,관망(C),"243,625원 ~ 265,400원","265,400","243,625","222,987","265,156",https://stock.naver.com/domestic/stock/042700/price
050890,쏠리드,일반 주도주,B,--0.28%,NEW (B),B등급 신규 포착,"10,570",15.53%,X,0,2,"112,839","67,218",O,X,114.2%,상승과열,관망(C),"9,258원 ~ 10,086원","10,086","9,258","9,302","12,032",https://stock.naver.com/domestic/stock/050890/price
051600,한전KPS,전력/에너지/원자력,B,+0.89%,NEW (B),B등급 신규 포착,"45,350",8.13%,O,1,1,"-59,430","-44,002",X,X,97.2%,적정(안전),추세초입(B),"44,750원 ~ 46,655원","44,750","46,655","45,652","49,739",https://stock.naver.com/domestic/stock/051600/price
051910,LG화학,2차전지/배터리,B,+5.71%,NEW (B),B등급 신규 포착,"277,500",36.41%,X,0,3,"-18,100","44,030",O,X,103.8%,적정(안전),관망(C),"259,600원 ~ 267,425원","259,600","267,425","264,725","307,846",https://stock.naver.com/domestic/stock/051910/price
051915,LG화학우,철강/소재/화학,B,+3.79%,NEW (B),B등급 신규 포착,"120,600",46.20%,X,0,0,"1,640",-526,O,X,100.4%,적정(안전),관망(C),"115,600원 ~ 120,175원","115,600","120,175","121,047","142,966",https://stock.naver.com/domestic/stock/051915/price
058470,리노공업,반도체/소부장,B,+3.56%,NEW (B),B등급 신규 포착,"87,300",26.67%,X,0,4,"-1,064,356","1,195,466",O,X,121.6%,단기과열(경계),단기과열 (추격금지),"71,805원 ~ 80,440원","80,440","71,805","69,193","85,441",https://stock.naver.com/domestic/stock/058470/price
059090,미코,일반 주도주,B,0.00%,NEW (B),B등급 신규 포착,"23,900",23.35%,X,0,5,"-194,921","530,826",O,X,114.6%,상승과열,관망(C),"20,858원 ~ 23,310원","23,310","20,858","17,990","19,231",https://stock.naver.com/domestic/stock/059090/price
060280,큐렉소,반도체/소부장,B,+2.62%,NEW (B),B등급 신규 포착,"9,010",4.86%,X,0,2,"3,018","38,281",O,X,110.5%,상승과열,관망(C),"8,156원 ~ 8,560원","8,560","8,156","8,417","10,543",https://stock.naver.com/domestic/stock/060280/price
060370,LS마린솔루션,건설/인프라,B,+2.65%,NEW (B),B등급 신규 포착,"34,800",2.81%,X,3,0,"68,658","-181,513",O,X,107.2%,적정(안전),관망(C),"32,462원 ~ 33,120원","33,120","32,462","30,669","31,897",https://stock.naver.com/domestic/stock/060370/price
060570,드림어스컴퍼니,일반 주도주,B,+0.20%,NEW (B),B등급 신규 포착,"5,000",2.16%,X,0,5,-445,"4,983",O,O,104.3%,적정(안전),관망(C),"4,792원 ~ 5,044원","5,044","4,792","2,510","1,759",https://stock.naver.com/domestic/stock/060570/price
064290,인텍플러스,반도체/소부장,B,+2.20%,NEW (B),B등급 신규 포착,"60,400",5.31%,X,2,0,"118,406","-133,658",O,O,120.4%,단기과열(경계),단기과열 (추격금지),"50,160원 ~ 57,680원","57,680","50,160","38,962","37,266",https://stock.naver.com/domestic/stock/064290/price
064350,현대로템,조선/방산/중공업,B,--3.61%,NEW (B),B등급 신규 포착,"112,300",39.14%,O,1,2,"51,972","-101,007",X,X,93.5%,이격과도(눌림),관망(C),"113,180원 ~ 120,150원","113,180","120,150","136,160","172,976",https://stock.naver.com/domestic/stock/064350/price
064760,티씨케이,반도체/소부장,B,0.00%,NEW (B),B등급 신규 포착,"296,000",64.87%,X,1,0,"-5,507","1,916",O,X,107.4%,적정(안전),관망(C),"275,600원 ~ 301,100원","301,100","275,600","232,865","256,032",https://stock.naver.com/domestic/stock/064760/price
064850,에프앤가이드,일반 주도주,B,--2.61%,NEW (B),B등급 신규 포착,"20,500",9.73%,X,0,2,"-4,512","9,691",O,X,109.8%,상승과열,관망(C),"18,675원 ~ 20,706원","20,706","18,675","18,426","22,632",https://stock.naver.com/domestic/stock/064850/price
064960,SNT모티브,일반 주도주,B,--0.56%,NEW (B),B등급 신규 포착,"26,800",11.96%,X,0,2,"-30,933","12,250",O,X,101.5%,적정(안전),관망(C),"26,410원 ~ 26,780원","26,780","26,410","26,472","28,835",https://stock.naver.com/domestic/stock/064960/price
066575,LG전자우,일반 주도주,B,+8.68%,NEW (B),B등급 신규 포착,"81,400",45.36%,X,3,0,"35,886","-1,339",O,X,112.2%,상승과열,관망(C),"72,540원 ~ 75,360원","75,360","72,540","68,908","70,712",https://stock.naver.com/domestic/stock/066575/price
066970,엘앤에프,2차전지/배터리,B,+8.78%,NEW (B),B등급 신규 포착,"123,900",16.71%,X,0,0,"15,623","1,416",O,X,107.8%,적정(안전),관망(C),"114,520원 ~ 114,950원","114,520","114,950","103,787","130,020",https://stock.naver.com/domestic/stock/066970/price
068270,셀트리온,바이오/헬스케어,B,--0.16%,NEW (B),B등급 신규 포착,"182,300",25.31%,X,0,2,"-67,544","35,937",O,X,100.9%,적정(안전),관망(C),"180,720원 ~ 181,000원","181,000","180,720","184,503","185,823",https://stock.naver.com/domestic/stock/068270/price
069080,웹젠,일반 주도주,B,+2.39%,NEW (B),B등급 신규 포착,"11,990",29.06%,X,0,2,"-109,151","7,572",O,X,105.7%,적정(안전),관망(C),"11,340원 ~ 11,714원","11,714","11,340","11,542","11,506",https://stock.naver.com/domestic/stock/069080/price
069260,TKG휴켐스,일반 주도주,B,--0.94%,NEW (B),B등급 신규 포착,"15,840",7.76%,O,1,2,"-38,695","3,022",X,X,97.5%,적정(안전),추세초입(B),"15,886원 ~ 16,254원","15,886","16,254","15,861","16,423",https://stock.naver.com/domestic/stock/069260/price
071050,한국금융지주,금융/지주,B,--1.66%,NEW (B),B등급 신규 포착,"178,200",37.98%,O,3,1,"83,056","-48,562",X,X,95.7%,이격과도(눌림),관망(C),"178,560원 ~ 186,120원","178,560","186,120","197,413","220,623",https://stock.naver.com/domestic/stock/071050/price
073240,금호타이어,자동차/모빌리티,B,--2.33%,NEW (B),B등급 신규 포착,"6,710",12.49%,O,2,2,"215,152","66,633",X,X,95.8%,이격과도(눌림),추세초입(B),"6,806원 ~ 7,004원","6,806","7,004","6,978","6,115",https://stock.naver.com/domestic/stock/073240/price
077970,STX엔진,조선/방산/중공업,B,+1.99%,NEW (B),B등급 신규 포착,"23,100",3.53%,O,3,1,"23,288","15,928",X,X,99.1%,적정(안전),관망(C),"22,450원 ~ 23,302원","22,450","23,302","24,437","32,692",https://stock.naver.com/domestic/stock/077970/price
078340,컴투스,IT/소프트웨어/AI,B,--0.67%,NEW (B),B등급 신규 포착,"37,250",13.56%,X,0,5,"-44,568","47,778",O,O,107.4%,적정(안전),관망(C),"34,672원 ~ 37,260원","37,260","34,672","31,532","30,146",https://stock.naver.com/domestic/stock/078340/price
078350,한양디지텍,반도체/소부장,B,+0.97%,NEW (B),B등급 신규 포착,"36,350",4.68%,X,0,4,"-117,156","134,599",O,X,147.8%,단기과열(경계),단기과열 (추격금지),"24,588원 ~ 33,750원","33,750","24,588","21,916","25,296",https://stock.naver.com/domestic/stock/078350/price
082920,비츠로셀,일반 주도주,B,+2.03%,NEW (B),B등급 신규 포착,"30,200",28.65%,X,0,2,"-19,875","31,814",O,X,105.4%,적정(안전),관망(C),"28,648원 ~ 29,090원","29,090","28,648","29,632","39,684",https://stock.naver.com/domestic/stock/082920/price
084370,유진테크,반도체/소부장,B,+2.66%,NEW (B),B등급 신규 포착,"181,500",35.49%,X,0,4,"-225,520","194,182",O,X,121.2%,단기과열(경계),단기과열 (추격금지),"149,710원 ~ 175,900원","175,900","149,710","135,533","141,123",https://stock.naver.com/domestic/stock/084370/price
085620,미래에셋생명,금융/지주,B,+4.87%,NEW (B),B등급 신규 포착,"20,450",0.69%,X,2,0,"31,924",-463,O,X,104.4%,적정(안전),관망(C),"19,438원 ~ 19,582원","19,438","19,582","19,265","19,196",https://stock.naver.com/domestic/stock/085620/price
085660,차바이오텍,바이오/헬스케어,B,+2.48%,NEW (B),B등급 신규 포착,"8,670",7.43%,X,0,2,"-54,396","49,669",O,X,106.7%,적정(안전),관망(C),"8,126원 ~ 8,466원","8,466","8,126","8,629","11,389",https://stock.naver.com/domestic/stock/085660/price
086280,현대글로비스,자동차/모빌리티,B,--0.50%,NEW (B),B등급 신규 포착,"200,500",46.81%,O,5,1,"41,304","-20,729",X,X,99.0%,적정(안전),추세초입(B),"198,880원 ~ 202,600원","198,880","202,600","200,188","209,900",https://stock.naver.com/domestic/stock/086280/price
088350,한화생명,금융/지주,B,--0.38%,NEW (B),B등급 신규 포착,"5,310",8.72%,O,1,1,"-1,665,546","-276,975",X,X,92.4%,이격과도(눌림),추세초입(B),"5,420원 ~ 5,750원","5,420","5,750","5,159","5,055",https://stock.naver.com/domestic/stock/088350/price
089030,테크윙,반도체/소부장,B,+4.37%,NEW (B),B등급 신규 포착,"57,300",21.36%,X,0,0,"264,453","45,941",O,X,117.1%,단기과열(경계),단기과열 (추격금지),"48,932원 ~ 54,800원","54,800","48,932","47,187","51,206",https://stock.naver.com/domestic/stock/089030/price
089860,롯데렌탈,일반 주도주,B,--1.16%,NEW (B),B등급 신규 포착,"51,000",6.24%,X,3,0,"41,912","-45,095",O,O,102.8%,적정(안전),관망(C),"49,595원 ~ 50,580원","50,580","49,595","44,186","37,790",https://stock.naver.com/domestic/stock/089860/price
089890,코세스,일반 주도주,B,--2.87%,NEW (B),B등급 신규 포착,"35,500",1.56%,X,0,5,"-86,390","177,817",O,X,125.0%,단기과열(경계),단기과열 (추격금지),"28,395원 ~ 34,710원","34,710","28,395","25,040","30,611",https://stock.naver.com/domestic/stock/089890/price
089970,브이엠,반도체/소부장,B,+6.20%,NEW (B),B등급 신규 포착,"70,200",10.56%,X,0,0,"-250,110","94,887",O,X,124.2%,단기과열(경계),단기과열 (추격금지),"56,522원 ~ 66,380원","66,380","56,522","66,746","68,434",https://stock.naver.com/domestic/stock/089970/price
090360,로보스타,일반 주도주,B,+3.53%,NEW (B),B등급 신규 포착,"82,100",5.62%,X,2,0,"36,791","4,483",O,X,105.4%,적정(안전),관망(C),"77,915원 ~ 78,180원","78,180","77,915","74,002","79,864",https://stock.naver.com/domestic/stock/090360/price
092870,엑시콘,반도체/소부장,B,+2.09%,NEW (B),B등급 신규 포착,"53,700",8.96%,X,2,0,"79,176","39,703",O,X,141.5%,단기과열(경계),단기과열 (추격금지),"37,955원 ~ 51,440원","51,440","37,955","25,128","27,019",https://stock.naver.com/domestic/stock/092870/price
095340,ISC,반도체/소부장,B,+0.24%,NEW (B),B등급 신규 포착,"206,500",26.79%,X,0,0,"-52,794","-25,582",O,X,104.9%,적정(안전),관망(C),"196,870원 ~ 212,800원","212,800","196,870","164,433","188,912",https://stock.naver.com/domestic/stock/095340/price
095610,테스,반도체/소부장,B,--0.62%,NEW (B),B등급 신규 포착,"176,300",7.84%,X,0,0,"-150,021","159,827",O,O,114.8%,상승과열,관망(C),"153,520원 ~ 175,260원","175,260","153,520","148,653","138,402",https://stock.naver.com/domestic/stock/095610/price
096530,씨젠,바이오/헬스케어,B,+0.68%,NEW (B),B등급 신규 포착,"37,150",22.88%,X,5,0,"186,822","82,426",O,O,111.2%,상승과열,관망(C),"33,418원 ~ 36,020원","36,020","33,418","30,826","29,306",https://stock.naver.com/domestic/stock/096530/price
097230,HJ중공업,조선/방산/중공업,B,+0.33%,NEW (B),B등급 신규 포착,"15,370",5.90%,O,3,2,"149,821","3,501",X,X,99.9%,적정(안전),관망(C),"14,992원 ~ 15,390원","14,992","15,390","16,042","20,022",https://stock.naver.com/domestic/stock/097230/price
099320,쎄트렉아이,조선/방산/중공업,B,+1.10%,NEW (B),B등급 신규 포착,"82,700",10.96%,X,0,2,"-11,933","5,304",O,X,109.2%,상승과열,관망(C),"75,705원 ~ 80,000원","80,000","75,705","74,958","106,736",https://stock.naver.com/domestic/stock/099320/price
102710,이엔에프테크놀로지,일반 주도주,B,+3.17%,NEW (B),B등급 신규 포착,"50,400",23.94%,X,4,0,"51,766","-39,484",O,X,114.3%,상승과열,관망(C),"44,110원 ~ 48,670원","48,670","44,110","43,745","46,809",https://stock.naver.com/domestic/stock/102710/price
103590,일진전기,전력/에너지/원자력,B,+1.74%,NEW (B),B등급 신규 포착,"87,700",8.70%,X,0,5,"-245,810","111,170",O,X,115.9%,단기과열(경계),단기과열 (추격금지),"75,680원 ~ 84,380원","84,380","75,680","67,658","81,698",https://stock.naver.com/domestic/stock/103590/price
107640,한중엔시에스,2차전지/배터리,B,+7.46%,NEW (B),B등급 신규 포착,"45,350",1.54%,X,3,0,"10,300","-13,446",O,X,109.1%,상승과열,관망(C),"41,552원 ~ 42,220원","42,220","41,552","36,072","43,290",https://stock.naver.com/domestic/stock/107640/price
112610,씨에스윈드,전력/에너지/원자력,B,+3.97%,NEW (B),B등급 신규 포착,"57,600",16.26%,X,0,5,"-16,125","357,795",O,X,111.7%,상승과열,관망(C),"51,560원 ~ 53,800원","53,800","51,560","45,877","49,696",https://stock.naver.com/domestic/stock/112610/price
119850,지엔씨에너지,전력/에너지/원자력,B,--0.93%,NEW (B),B등급 신규 포착,"53,000",8.63%,X,2,0,"124,337","-266,024",O,O,103.3%,적정(안전),관망(C),"51,328원 ~ 54,740원","54,740","51,328","45,564","36,955",https://stock.naver.com/domestic/stock/119850/price
120110,코오롱인더,일반 주도주,B,+2.85%,NEW (B),B등급 신규 포착,"57,800",17.82%,X,5,0,"48,403","-104,250",O,X,103.7%,적정(안전),관망(C),"55,720원 ~ 55,840원","55,840","55,720","54,448","65,664",https://stock.naver.com/domestic/stock/120110/price
121600,나노신소재,2차전지/배터리,B,+7.73%,NEW (B),B등급 신규 포착,"64,100",5.63%,X,0,3,"-38,379","61,147",O,X,122.9%,단기과열(경계),단기과열 (추격금지),"52,148원 ~ 58,260원","58,260","52,148","47,709","57,320",https://stock.naver.com/domestic/stock/121600/price
126340,비나텍,전력/에너지/원자력,B,--0.32%,NEW (B),B등급 신규 포착,"94,500",7.15%,X,0,0,"-38,802","10,491",O,X,121.6%,단기과열(경계),단기과열 (추격금지),"77,710원 ~ 92,620원","92,620","77,710","68,418","99,371",https://stock.naver.com/domestic/stock/126340/price
131970,두산테스나,IT/소프트웨어/AI,B,+11.60%,NEW (B),B등급 신규 포착,"119,300",7.89%,X,0,4,"-134,013","142,854",O,X,132.7%,단기과열(경계),단기과열 (추격금지),"89,870원 ~ 105,760원","105,760","89,870","81,953","108,469",https://stock.naver.com/domestic/stock/131970/price
138040,메리츠금융지주,금융/지주,B,+0.85%,NEW (B),B등급 신규 포착,"129,900",14.17%,X,0,2,"-97,251","73,607",O,O,100.7%,적정(안전),관망(C),"129,050원 ~ 129,120원","129,120","129,050","122,740","116,423",https://stock.naver.com/domestic/stock/138040/price
139130,iM금융지주,금융/지주,B,+0.27%,NEW (B),B등급 신규 포착,"18,690",44.89%,X,0,4,"-397,826","402,227",O,X,101.6%,적정(안전),관망(C),"18,394원 ~ 18,534원","18,534","18,394","17,880","17,946",https://stock.naver.com/domestic/stock/139130/price
139480,이마트,엔터/미디어/소비재,B,--0.42%,NEW (B),B등급 신규 포착,"71,600",22.74%,O,1,1,"-27,686","-4,708",X,X,97.8%,적정(안전),관망(C),"71,640원 ~ 73,190원","71,640","73,190","76,437","85,323",https://stock.naver.com/domestic/stock/139480/price
145720,덴티움,반도체/소부장,B,+4.26%,NEW (B),B등급 신규 포착,"40,400",13.15%,X,0,1,"-1,054","10,776",O,X,107.6%,적정(안전),관망(C),"37,562원 ~ 37,900원","37,900","37,562","38,456","43,217",https://stock.naver.com/domestic/stock/145720/price
160190,하이젠알앤엠,일반 주도주,B,+18.29%,NEW (B),B등급 신규 포착,"33,950",0.34%,X,1,0,"11,927","-10,076",O,X,131.1%,단기과열(경계),단기과열 (추격금지),"25,894원 ~ 29,800원","29,800","25,894","20,064","26,576",https://stock.naver.com/domestic/stock/160190/price
170920,엘티씨,일반 주도주,B,+1.15%,NEW (B),B등급 신규 포착,"43,950",5.06%,X,0,1,"21,939","-45,972",O,X,118.8%,단기과열(경계),단기과열 (추격금지),"36,988원 ~ 42,840원","42,840","36,988","38,993","41,672",https://stock.naver.com/domestic/stock/170920/price
174900,앱클론,바이오/헬스케어,B,+3.76%,NEW (B),B등급 신규 포착,"28,950",6.95%,X,0,4,"-189,442","123,777",O,X,133.7%,단기과열(경계),단기과열 (추격금지),"21,654원 ~ 25,590원","25,590","21,654","23,752","31,398",https://stock.naver.com/domestic/stock/174900/price
178320,서진시스템,전력/에너지/원자력,B,+4.34%,NEW (B),B등급 신규 포착,"43,300",14.05%,X,0,0,"-329,319","196,762",O,X,119.6%,단기과열(경계),단기과열 (추격금지),"36,210원 ~ 40,370원","40,370","36,210","36,994","49,554",https://stock.naver.com/domestic/stock/178320/price
181710,NHN,IT/소프트웨어/AI,B,+1.58%,NEW (B),B등급 신규 포착,"58,000",14.69%,X,0,2,-229,"-8,321",O,X,100.1%,적정(안전),관망(C),"56,320원 ~ 57,970원","56,320","57,970","53,427","46,717",https://stock.naver.com/domestic/stock/181710/price
182360,큐브엔터,일반 주도주,B,--1.08%,NEW (B),B등급 신규 포착,"6,430",3.01%,X,0,5,"-16,348","2,319",O,X,101.3%,적정(안전),관망(C),"6,347원 ~ 6,584원","6,584","6,347","5,819","6,910",https://stock.naver.com/domestic/stock/182360/price
183300,코미코,반도체/소부장,B,--0.15%,NEW (B),B등급 신규 포착,"34,000",26.78%,X,0,0,"-61,046","-124,309",O,X,113.4%,상승과열,관망(C),"29,978원 ~ 34,330원","34,330","29,978","45,110","84,406",https://stock.naver.com/domestic/stock/183300/price
192650,드림텍,반도체/소부장,B,+2.88%,NEW (B),B등급 신규 포착,"9,650",58.42%,X,0,2,"199,219","740,038",O,X,127.8%,단기과열(경계),단기과열 (추격금지),"7,548원 ~ 8,862원","8,862","7,548","5,677","5,693",https://stock.naver.com/domestic/stock/192650/price
192820,코스맥스,엔터/미디어/소비재,B,+9.81%,NEW (B),B등급 신규 포착,"296,500",35.26%,X,0,5,"-25,120","35,547",O,O,108.4%,상승과열,관망(C),"273,600원 ~ 278,200원","278,200","273,600","238,055","211,037",https://stock.naver.com/domestic/stock/192820/price
195870,해성디에스,반도체/소부장,B,+2.45%,NEW (B),B등급 신규 포착,"66,900",20.27%,X,0,0,"-27,258","-21,645",O,X,118.5%,단기과열(경계),단기과열 (추격금지),"56,475원 ~ 64,800원","64,800","56,475","54,255","64,676",https://stock.naver.com/domestic/stock/195870/price
204320,HL만도,자동차/모빌리티,B,+0.95%,NEW (B),B등급 신규 포착,"47,600",19.11%,O,3,1,"46,872","-28,629",X,X,99.4%,적정(안전),관망(C),"46,680원 ~ 47,880원","46,680","47,880","48,405","52,469",https://stock.naver.com/domestic/stock/204320/price
211270,AP위성,조선/방산/중공업,B,+2.21%,NEW (B),B등급 신규 포착,"9,720",2.25%,X,3,0,"47,850","-6,214",O,X,108.8%,상승과열,관망(C),"8,935원 ~ 9,322원","9,322","8,935","8,196","11,193",https://stock.naver.com/domestic/stock/211270/price
214150,클래시스,바이오/헬스케어,B,+2.12%,NEW (B),B등급 신규 포착,"31,300",68.22%,X,2,0,"7,534","-42,878",O,X,100.0%,적정(안전),관망(C),"30,950원 ~ 31,292원","30,950","31,292","37,458","43,796",https://stock.naver.com/domestic/stock/214150/price
214430,아이쓰리시스템,조선/방산/중공업,B,+2.93%,NEW (B),B등급 신규 포착,"80,900",3.75%,X,0,2,"-12,628","10,661",O,X,123.8%,단기과열(경계),단기과열 (추격금지),"65,330원 ~ 75,680원","75,680","65,330","63,175","73,032",https://stock.naver.com/domestic/stock/214430/price
218410,RFHIC,조선/방산/중공업,B,+0.81%,NEW (B),B등급 신규 포착,"62,500",19.02%,X,0,2,"-124,121","143,266",O,X,114.0%,상승과열,관망(C),"54,812원 ~ 60,360원","60,360","54,812","49,841","68,075",https://stock.naver.com/domestic/stock/218410/price
222080,SFA넥셀,2차전지/배터리,B,+5.51%,NEW (B),B등급 신규 포착,"8,810",11.13%,X,0,2,"-76,981","39,286",O,X,113.9%,상승과열,관망(C),"7,732원 ~ 8,170원","8,170","7,732","7,559","9,988",https://stock.naver.com/domestic/stock/222080/price
222800,심텍,반도체/소부장,B,+4.01%,NEW (B),B등급 신규 포착,"173,900",13.78%,X,2,0,"184,890","-57,126",O,O,125.4%,단기과열(경계),단기과열 (추격금지),"138,650원 ~ 161,440원","161,440","138,650","116,670","112,070",https://stock.naver.com/domestic/stock/222800/price
226950,올릭스,바이오/헬스케어,B,+5.65%,NEW (B),B등급 신규 포착,"123,400",10.13%,X,0,3,"-53,830","224,093",O,X,116.3%,단기과열(경계),단기과열 (추격금지),"106,100원 ~ 112,300원","112,300","106,100","109,800","132,932",https://stock.naver.com/domestic/stock/226950/price
229640,LS에코에너지,전력/에너지/원자력,B,+1.51%,NEW (B),B등급 신규 포착,"67,400",4.71%,X,0,5,"-109,808","122,749",O,X,119.7%,단기과열(경계),단기과열 (추격금지),"56,302원 ~ 64,760원","64,760","56,302","48,428","57,466",https://stock.naver.com/domestic/stock/229640/price
232140,와이씨,IT/소프트웨어/AI,B,+7.34%,NEW (B),B등급 신규 포착,"18,130",6.33%,X,0,2,"65,425","405,577",O,X,136.1%,단기과열(경계),단기과열 (추격금지),"13,322원 ~ 16,040원","16,040","13,322","11,176","14,311",https://stock.naver.com/domestic/stock/232140/price
236200,슈프리마,일반 주도주,B,+9.85%,NEW (B),B등급 신규 포착,"60,200",30.22%,X,0,5,"-6,488","6,457",O,O,113.3%,상승과열,관망(C),"53,125원 ~ 57,300원","57,300","53,125","52,998","49,837",https://stock.naver.com/domestic/stock/236200/price
237690,에스티팜,바이오/헬스케어,B,+3.86%,NEW (B),B등급 신규 포착,"96,900",13.25%,X,0,0,"24,958","-16,914",O,X,105.1%,적정(안전),관망(C),"92,240원 ~ 94,100원","94,100","92,240","102,462","118,838",https://stock.naver.com/domestic/stock/237690/price
240810,원익IPS,반도체/소부장,B,+2.53%,NEW (B),B등급 신규 포착,"141,700",14.07%,X,0,0,"-317,078","307,264",O,X,114.3%,상승과열,관망(C),"124,020원 ~ 137,400원","137,400","124,020","113,485","122,075",https://stock.naver.com/domestic/stock/240810/price
247540,에코프로비엠,2차전지/배터리,B,+12.10%,NEW (B),B등급 신규 포착,"129,700",15.33%,X,3,0,"129,497","29,323",O,X,118.7%,단기과열(경계),단기과열 (추격금지),"109,265원 ~ 115,000원","115,000","109,265","109,893","148,759",https://stock.naver.com/domestic/stock/247540/price
251970,펌텍코리아,엔터/미디어/소비재,B,+3.97%,NEW (B),B등급 신규 포착,"62,900",13.23%,X,1,0,"4,431","16,567",O,O,107.7%,적정(안전),관망(C),"58,410원 ~ 62,400원","62,400","58,410","53,038","46,108",https://stock.naver.com/domestic/stock/251970/price
252990,샘씨엔에스,반도체/소부장,B,--1.01%,NEW (B),B등급 신규 포착,"19,590",9.72%,X,3,0,"397,317","-335,329",O,O,116.1%,단기과열(경계),단기과열 (추격금지),"16,878원 ~ 19,956원","19,956","16,878","14,486","13,737",https://stock.naver.com/domestic/stock/252990/price
253450,스튜디오드래곤,엔터/미디어/소비재,B,+0.74%,NEW (B),B등급 신규 포착,"20,550",8.82%,O,1,2,"-16,570","8,942",X,X,97.7%,적정(안전),관망(C),"20,510원 ~ 21,030원","20,510","21,030","21,603","24,989",https://stock.naver.com/domestic/stock/253450/price
271940,일진하이솔루스,일반 주도주,B,+0.60%,NEW (B),B등급 신규 포착,"11,810",3.40%,X,1,0,"23,469","2,907",O,X,105.1%,적정(안전),관망(C),"11,239원 ~ 11,354원","11,354","11,239","10,703","12,566",https://stock.naver.com/domestic/stock/271940/price
272210,한화시스템,조선/방산/중공업,B,--1.45%,NEW (B),B등급 신규 포착,"81,700",10.13%,X,0,4,"48,844","561,422",O,X,109.9%,상승과열,관망(C),"74,345원 ~ 77,940원","77,940","74,345","70,787","88,158",https://stock.naver.com/domestic/stock/272210/price
274090,켄코아에어로스페이스,반도체/소부장,B,+2.37%,NEW (B),B등급 신규 포착,"13,800",2.47%,X,0,1,"-204,794","1,488",O,X,120.6%,단기과열(경계),단기과열 (추격금지),"11,440원 ~ 13,006원","13,006","11,440","10,434","15,556",https://stock.naver.com/domestic/stock/274090/price
281820,케이씨텍,반도체/소부장,B,+15.33%,NEW (B),B등급 신규 포착,"106,100",13.30%,X,0,1,"-62,446","1,022",O,O,136.0%,단기과열(경계),단기과열 (추격금지),"78,015원 ~ 93,440원","93,440","78,015","75,453","74,012",https://stock.naver.com/domestic/stock/281820/price
285130,SK케미칼,철강/소재/화학,B,+0.58%,NEW (B),B등급 신규 포착,"52,100",10.41%,O,5,1,"13,201","-8,515",X,X,99.0%,적정(안전),추세초입(B),"51,480원 ~ 52,600원","51,480","52,600","47,022","47,716",https://stock.naver.com/domestic/stock/285130/price
289930,웨이비스,반도체/소부장,B,+0.71%,NEW (B),B등급 신규 포착,"8,500",6.85%,X,0,1,"-4,718",397,O,X,111.5%,상승과열,관망(C),"7,624원 ~ 8,228원","8,228","7,624","7,176","10,809",https://stock.naver.com/domestic/stock/289930/price
290550,디케이티,일반 주도주,B,+1.89%,NEW (B),B등급 신규 포착,"24,250",4.80%,X,0,1,"-53,809","89,334",O,X,125.3%,단기과열(경계),단기과열 (추격금지),"19,355원 ~ 22,830원","22,830","19,355","18,833","21,416",https://stock.naver.com/domestic/stock/290550/price
290650,엘앤씨바이오,바이오/헬스케어,B,--2.23%,NEW (B),B등급 신규 포착,"52,500",23.12%,X,0,3,"-269,429","147,048",O,X,108.0%,상승과열,관망(C),"48,605원 ~ 52,220원","52,220","48,605","55,159","64,999",https://stock.naver.com/domestic/stock/290650/price
293490,카카오게임즈,IT/소프트웨어/AI,B,--0.89%,NEW (B),B등급 신규 포착,"10,050",4.59%,X,3,0,"357,618","-180,415",O,X,107.2%,적정(안전),관망(C),"9,379원 ~ 9,788원","9,788","9,379","8,641","9,426",https://stock.naver.com/domestic/stock/293490/price
295310,에이치브이엠,조선/방산/중공업,B,+8.69%,NEW (B),B등급 신규 포착,"76,300",3.01%,X,0,3,"-44,588","170,123",O,X,133.6%,단기과열(경계),단기과열 (추격금지),"57,115원 ~ 65,860원","65,860","57,115","48,668","68,297",https://stock.naver.com/domestic/stock/295310/price
297090,씨에스베어링,일반 주도주,B,--0.20%,NEW (B),B등급 신규 포착,"5,000",2.39%,X,2,0,"20,552","-5,182",O,X,109.1%,상승과열,관망(C),"4,584원 ~ 4,829원","4,829","4,584","4,061","5,062",https://stock.naver.com/domestic/stock/297090/price
302440,SK바이오사이언스,바이오/헬스케어,B,+1.78%,NEW (B),B등급 신규 포착,"37,150",6.01%,X,0,0,"25,265","-13,535",O,X,101.3%,적정(안전),관망(C),"36,440원 ~ 36,660원","36,440","36,660","36,226","38,488",https://stock.naver.com/domestic/stock/302440/price
307950,현대오토에버,IT/소프트웨어/AI,B,+1.44%,NEW (B),B등급 신규 포착,"388,000",2.45%,X,3,0,"18,012","-20,084",O,X,102.1%,적정(안전),관망(C),"378,500원 ~ 379,850원","378,500","379,850","401,758","492,450",https://stock.naver.com/domestic/stock/307950/price
308430,셀비온,바이오/헬스케어,B,--3.21%,NEW (B),B등급 신규 포착,"14,150",2.55%,X,0,3,"-3,650","1,043",O,X,104.3%,적정(안전),관망(C),"13,566원 ~ 14,380원","14,380","13,566","13,310","19,128",https://stock.naver.com/domestic/stock/308430/price
310210,보로노이,바이오/헬스케어,B,+7.84%,NEW (B),B등급 신규 포착,"155,400",5.81%,X,0,2,"15,089","20,730",O,X,107.2%,적정(안전),관망(C),"143,220원 ~ 145,010원","143,220","145,010","149,212","198,202",https://stock.naver.com/domestic/stock/310210/price
314130,지놈앤컴퍼니,바이오/헬스케어,B,+6.91%,NEW (B),B등급 신규 포착,"5,880",2.70%,X,0,0,"-15,204","-203,544",O,X,145.1%,단기과열(경계),단기과열 (추격금지),"4,052원 ~ 5,311원","5,311","4,052","3,908","4,858",https://stock.naver.com/domestic/stock/314130/price
319660,피에스케이,반도체/소부장,B,+1.32%,NEW (B),B등급 신규 포착,"154,000",21.19%,X,0,0,"-237,029","-45,915",O,X,114.0%,상승과열,관망(C),"135,075원 ~ 153,040원","153,040","135,075","139,005","131,460",https://stock.naver.com/domestic/stock/319660/price
321550,티움바이오,바이오/헬스케어,B,+4.42%,NEW (B),B등급 신규 포착,"4,725",3.35%,X,0,2,"29,983","9,641",O,X,102.9%,적정(안전),관망(C),"4,593원 ~ 4,653원","4,653","4,593","4,357","6,010",https://stock.naver.com/domestic/stock/321550/price
323280,태성,반도체/소부장,B,+3.19%,NEW (B),B등급 신규 포착,"61,400",6.34%,X,0,4,"16,738","82,123",O,X,124.2%,단기과열(경계),단기과열 (추격금지),"49,450원 ~ 58,840원","58,840","49,450","43,997","51,642",https://stock.naver.com/domestic/stock/323280/price
328130,루닛,바이오/헬스케어,B,+4.82%,NEW (B),B등급 신규 포착,"11,080",8.16%,X,0,0,"-213,792","-340,607",O,X,116.1%,단기과열(경계),단기과열 (추격금지),"9,542원 ~ 11,080원","11,080","9,542","9,703","15,450",https://stock.naver.com/domestic/stock/328130/price
330590,롯데리츠,건설/인프라,B,+2.83%,NEW (B),B등급 신규 포착,"4,180",7.31%,X,0,3,"-64,722","118,330",O,X,104.0%,적정(안전),관망(C),"4,018원 ~ 4,122원","4,122","4,018","3,816","3,925",https://stock.naver.com/domestic/stock/330590/price
336260,두산퓨얼셀,전력/에너지/원자력,B,+3.16%,NEW (B),B등급 신규 포착,"47,300",15.11%,O,4,1,"128,194","-8,663",X,X,98.0%,적정(안전),추세초입(B),"45,740원 ~ 48,270원","45,740","48,270","41,192","54,355",https://stock.naver.com/domestic/stock/336260/price
336570,원텍,반도체/소부장,B,+2.79%,NEW (B),B등급 신규 포착,"5,150",3.41%,X,0,1,"167,078","3,930",O,X,103.7%,적정(안전),관망(C),"4,966원 ~ 4,986원","4,986","4,966","5,041","6,154",https://stock.naver.com/domestic/stock/336570/price
344820,KCC글라스,일반 주도주,B,--0.21%,NEW (B),B등급 신규 포착,"24,200",4.78%,O,1,1,-523,"2,098",X,X,99.8%,적정(안전),추세초입(B),"23,900원 ~ 24,260원","23,900","24,260","23,872","24,654",https://stock.naver.com/domestic/stock/344820/price
347850,디앤디파마텍,바이오/헬스케어,B,+11.05%,NEW (B),B등급 신규 포착,"47,750",10.68%,X,0,0,"-21,775","44,398",O,X,103.9%,적정(안전),관망(C),"44,150원 ~ 45,972원","44,150","45,972","55,709","68,923",https://stock.naver.com/domestic/stock/347850/price
353200,대덕전자,반도체/소부장,B,+6.56%,NEW (B),B등급 신규 포착,"157,500",16.71%,X,0,0,"-466,953","518,735",O,X,137.8%,단기과열(경계),단기과열 (추격금지),"114,320원 ~ 143,860원","143,860","114,320","111,073","122,394",https://stock.naver.com/domestic/stock/353200/price
354320,알멕,조선/방산/중공업,B,+16.02%,NEW (B),B등급 신규 포착,"50,700",3.13%,X,0,3,"-25,170","66,615",O,X,130.4%,단기과열(경계),단기과열 (추격금지),"38,872원 ~ 43,240원","43,240","38,872","31,874","50,203",https://stock.naver.com/domestic/stock/354320/price
357780,솔브레인,반도체/소부장,B,+1.07%,NEW (B),B등급 신규 포착,"424,500",30.08%,X,0,5,"-36,142","86,945",O,X,119.0%,단기과열(경계),단기과열 (추격금지),"356,625원 ~ 414,300원","414,300","356,625","320,175","362,304",https://stock.naver.com/domestic/stock/357780/price
358570,지아이이노베이션,바이오/헬스케어,B,+2.49%,NEW (B),B등급 신규 포착,"9,040",9.39%,X,0,2,"59,592","180,872",O,X,103.5%,적정(안전),관망(C),"8,694원 ~ 8,735원","8,694","8,735","8,216","10,621",https://stock.naver.com/domestic/stock/358570/price
361390,제노코,조선/방산/중공업,B,--2.51%,NEW (B),B등급 신규 포착,"13,580",20.79%,X,3,0,"18,630","-2,662",O,X,106.9%,적정(안전),관망(C),"12,708원 ~ 13,292원","13,292","12,708","12,717","17,681",https://stock.naver.com/domestic/stock/361390/price
365340,성일하이텍,2차전지/배터리,B,+3.58%,NEW (B),B등급 신규 포착,"39,050",3.14%,X,3,0,"26,687","-5,083",O,X,108.4%,상승과열,관망(C),"36,015원 ~ 36,760원","36,760","36,015","34,043","47,573",https://stock.naver.com/domestic/stock/365340/price
365550,ESR켄달스퀘어리츠,건설/인프라,B,+2.58%,NEW (B),B등급 신규 포착,"3,180",38.89%,X,0,3,"-124,213","97,714",O,X,101.3%,적정(안전),관망(C),"3,117원 ~ 3,139원","3,117","3,139","3,182","3,604",https://stock.naver.com/domestic/stock/365550/price
376300,디어유,엔터/미디어/소비재,B,--0.05%,NEW (B),B등급 신규 포착,"18,740",3.16%,X,0,0,"-19,592","33,394",O,X,105.0%,적정(안전),관망(C),"17,842원 ~ 18,640원","18,640","17,842","19,074","22,811",https://stock.naver.com/domestic/stock/376300/price
377300,카카오페이,IT/소프트웨어/AI,B,+0.75%,NEW (B),B등급 신규 포착,"40,450",28.02%,O,1,1,"-4,282","-14,405",X,X,94.1%,이격과도(눌림),추세초입(B),"40,150원 ~ 42,965원","40,150","42,965","42,805","45,855",https://stock.naver.com/domestic/stock/377300/price
383220,F&F,일반 주도주,B,+2.44%,NEW (B),B등급 신규 포착,"71,400",12.97%,X,0,1,"13,368","-8,949",O,X,105.7%,적정(안전),관망(C),"67,550원 ~ 69,460원","69,460","67,550","69,533","72,250",https://stock.naver.com/domestic/stock/383220/price
388210,씨엠티엑스,일반 주도주,B,+0.32%,NEW (B),B등급 신규 포착,"93,900",6.28%,X,0,0,"-61,773","18,087",O,X,116.7%,단기과열(경계),단기과열 (추격금지),"80,430원 ~ 92,220원","92,220","80,430","78,245","98,650",https://stock.naver.com/domestic/stock/388210/price
393890,더블유씨피,일반 주도주,B,--0.09%,NEW (B),B등급 신규 포착,"10,800",2.54%,X,3,0,"127,447","-40,319",O,X,106.8%,적정(안전),관망(C),"10,108원 ~ 10,428원","10,428","10,108","8,901","11,816",https://stock.naver.com/domestic/stock/393890/price
395400,SK리츠,건설/인프라,B,--0.75%,NEW (B),B등급 신규 포착,"5,290",8.28%,X,1,0,"58,269","-24,482",O,X,100.4%,적정(안전),관망(C),"5,262원 ~ 5,269원","5,262","5,269","5,498","5,725",https://stock.naver.com/domestic/stock/395400/price
403870,HPSP,반도체/소부장,B,+5.19%,NEW (B),B등급 신규 포착,"68,900",33.42%,X,0,4,"-356,591","992,871",O,X,121.1%,단기과열(경계),단기과열 (추격금지),"56,895원 ~ 65,980원","65,980","56,895","46,433","49,278",https://stock.naver.com/domestic/stock/403870/price
416180,신성에스티,전력/에너지/원자력,B,+4.37%,NEW (B),B등급 신규 포착,"27,450",1.35%,X,3,0,"24,440",53,O,X,110.6%,상승과열,관망(C),"24,825원 ~ 25,890원","25,890","24,825","21,832","26,238",https://stock.naver.com/domestic/stock/416180/price
419530,SAMG엔터,엔터/미디어/소비재,B,--0.67%,NEW (B),B등급 신규 포착,"17,910",4.21%,X,0,0,"-35,747","12,902",O,X,100.9%,적정(안전),관망(C),"17,757원 ~ 18,002원","18,002","17,757","22,515","26,464",https://stock.naver.com/domestic/stock/419530/price
420770,기가비스,반도체/소부장,B,+4.80%,NEW (B),B등급 신규 포착,"135,500",6.55%,X,4,0,"17,488","-17,501",O,X,121.4%,단기과열(경계),단기과열 (추격금지),"111,660원 ~ 131,040원","131,040","111,660","118,293","122,169",https://stock.naver.com/domestic/stock/420770/price
439260,대한조선,조선/방산/중공업,B,+4.36%,NEW (B),B등급 신규 포착,"47,850",2.22%,X,0,1,"-2,854","1,370",O,X,102.7%,적정(안전),관망(C),"46,120원 ~ 46,575원","46,120","46,575","47,776","59,504",https://stock.naver.com/domestic/stock/439260/price
440110,파두,반도체/소부장,B,+0.47%,NEW (B),B등급 신규 포착,"86,300",24.78%,X,0,5,"-347,011","301,575",O,X,117.8%,단기과열(경계),단기과열 (추격금지),"73,230원 ~ 85,840원","85,840","73,230","67,750","78,770",https://stock.naver.com/domestic/stock/440110/price
445680,큐리옥스바이오시스템즈,바이오/헬스케어,B,+5.84%,NEW (B),B등급 신규 포착,"61,600",6.92%,X,0,3,"-15,892","28,128",O,X,122.0%,단기과열(경계),단기과열 (추격금지),"50,492원 ~ 57,540원","57,540","50,492","45,672","61,437",https://stock.naver.com/domestic/stock/445680/price
450080,에코프로머티,2차전지/배터리,B,+5.39%,NEW (B),B등급 신규 포착,"40,050",14.16%,X,3,0,"277,879","-32,166",O,X,111.1%,상승과열,관망(C),"36,058원 ~ 36,920원","36,920","36,058","35,849","49,629",https://stock.naver.com/domestic/stock/450080/price
451800,한화리츠,건설/인프라,B,--0.37%,NEW (B),B등급 신규 포착,"5,350",0.92%,X,0,5,"-10,353","72,341",O,X,100.6%,적정(안전),관망(C),"5,318원 ~ 5,338원","5,338","5,318","5,173","5,203",https://stock.naver.com/domestic/stock/451800/price
456160,지투지바이오,바이오/헬스케어,B,+1.38%,NEW (B),B등급 신규 포착,"44,200",5.92%,X,0,5,"-28,186","253,816",O,X,124.7%,단기과열(경계),단기과열 (추격금지),"35,455원 ~ 40,120원","40,120","35,455","35,265","47,565",https://stock.naver.com/domestic/stock/456160/price
457190,이수스페셜티케미컬,2차전지/배터리,B,+3.21%,NEW (B),B등급 신규 포착,"83,700",4.68%,X,0,4,"-80,948","42,373",O,X,122.4%,단기과열(경계),단기과열 (추격금지),"68,380원 ~ 79,000원","79,000","68,380","63,374","79,250",https://stock.naver.com/domestic/stock/457190/price
458870,씨어스,IT/소프트웨어/AI,B,+0.37%,NEW (B),B등급 신규 포착,"27,100",4.36%,X,0,0,"-20,710","-57,048",O,X,110.5%,상승과열,관망(C),"24,530원 ~ 26,390원","26,390","24,530","25,188","31,599",https://stock.naver.com/domestic/stock/458870/price
475960,토모큐브,바이오/헬스케어,B,+4.23%,NEW (B),B등급 신규 포착,"35,750",2.00%,X,1,0,"14,117","37,216",O,X,120.7%,단기과열(경계),단기과열 (추격금지),"29,612원 ~ 34,700원","34,700","29,612","32,259","38,920",https://stock.naver.com/domestic/stock/475960/price
476830,알지노믹스,바이오/헬스케어,B,+5.86%,NEW (B),B등급 신규 포착,"29,800",9.42%,X,0,0,"127,074","32,998",O,X,110.5%,상승과열,관망(C),"26,962원 ~ 27,070원","27,070","26,962","29,048","79,936",https://stock.naver.com/domestic/stock/476830/price
477850,마키나락스,IT/소프트웨어/AI,B,+1.10%,NEW (B),B등급 신규 포착,"23,000",0.00%,X,0,2,"123,821","46,199",O,X,103.5%,적정(안전),관망(C),"22,220원 ~ 22,330원","22,330","22,220","24,652",0,https://stock.naver.com/domestic/stock/477850/price
483650,달바글로벌,엔터/미디어/소비재,B,--0.76%,NEW (B),B등급 신규 포착,"181,700",43.46%,X,1,0,354,"-1,199",O,X,101.4%,적정(안전),관망(C),"179,175원 ~ 184,940원","184,940","179,175","210,727","212,007",https://stock.naver.com/domestic/stock/483650/price
484590,삼양컴텍,반도체/소부장,B,--3.31%,NEW (B),B등급 신규 포착,"7,300",4.57%,X,2,0,"76,013","13,632",O,X,105.8%,적정(안전),관망(C),"6,900원 ~ 7,316원","7,316","6,900","6,456","8,169",https://stock.naver.com/domestic/stock/484590/price
486990,노타,IT/소프트웨어/AI,B,+1.71%,NEW (B),B등급 신규 포착,"20,800",1.32%,X,2,0,"97,916","-12,552",O,X,111.2%,상승과열,관망(C),"18,706원 ~ 20,342원","20,342","18,706","18,811","24,280",https://stock.naver.com/domestic/stock/486990/price
489790,한화비전,반도체/소부장,B,+0.39%,NEW (B),B등급 신규 포착,"51,200",24.26%,X,0,0,"25,815","-36,722",O,X,106.5%,적정(안전),관망(C),"48,085원 ~ 50,880원","50,880","48,085","47,436","59,408",https://stock.naver.com/domestic/stock/489790/price
490470,세미파이브,IT/소프트웨어/AI,B,+6.86%,NEW (B),B등급 신규 포착,"21,800",4.43%,X,2,0,"80,132","-492,176",O,X,131.9%,단기과열(경계),단기과열 (추격금지),"16,526원 ~ 20,074원","20,074","16,526","16,616","24,675",https://stock.naver.com/domestic/stock/490470/price
491000,리브스메드,바이오/헬스케어,B,+5.65%,NEW (B),B등급 신규 포착,"38,350",3.29%,X,0,0,"29,130","-41,569",O,X,119.1%,단기과열(경계),단기과열 (추격금지),"32,202원 ~ 34,360원","34,360","32,202","36,318","44,845",https://stock.naver.com/domestic/stock/491000/price
493280,아이엠바이오로직스,바이오/헬스케어,B,+10.62%,NEW (B),B등급 신규 포착,"18,960",3.27%,X,0,2,"-11,039","-18,828",O,X,116.8%,단기과열(경계),단기과열 (추격금지),"16,239원 ~ 17,616원","17,616","16,239","16,922","27,026",https://stock.naver.com/domestic/stock/493280/price
950260,인제니아테라퓨틱스(Reg.S),바이오/헬스케어,B,+0.69%,NEW (B),B등급 신규 포착,"29,050",1.12%,X,0,3,"-49,045","80,362",O,X,142.9%,단기과열(경계),단기과열 (추격금지),"20,324원 ~ 27,450원","27,450","20,324",0,0,https://stock.naver.com/domestic/stock/950260/price
000080,하이트진로,일반 주도주,C,0.00%,NEW (C),C등급 신규 포착,"14,770",7.54%,X,0,2,"-68,816","-10,077",X,X,97.7%,적정(안전),관망(C),"14,856원 ~ 15,120원","14,856","15,120","15,227","15,764",https://stock.naver.com/domestic/stock/000080/price
000100,유한양행,바이오/헬스케어,C,+2.70%,NEW (C),C등급 신규 포착,"76,100",20.93%,X,0,0,"23,725","-40,153",X,X,98.9%,적정(안전),관망(C),"74,160원 ~ 76,940원","74,160","76,940","76,823","80,054",https://stock.naver.com/domestic/stock/000100/price
000120,CJ대한통운,일반 주도주,C,--1.13%,NEW (C),C등급 신규 포착,"69,900",15.21%,X,0,0,"-22,625","-12,268",X,X,97.8%,적정(안전),관망(C),"70,240원 ~ 71,500원","70,240","71,500","73,305","81,526",https://stock.naver.com/domestic/stock/000120/price
000210,DL,건설/인프라,C,+1.33%,NEW (C),C등급 신규 포착,"49,500",20.91%,X,0,0,"9,655","-16,381",X,X,94.2%,이격과도(눌림),관망(C),"49,410원 ~ 52,572원","49,410","52,572","49,632","53,216",https://stock.naver.com/domestic/stock/000210/price
000270,기아,자동차/모빌리티,C,--0.27%,NEW (C),C등급 신규 포착,"112,600",39.09%,X,1,0,"-140,639","-225,164",X,X,93.4%,이격과도(눌림),관망(C),"113,740원 ~ 120,590원","113,740","120,590","130,317","143,900",https://stock.naver.com/domestic/stock/000270/price
000370,한화손해보험,금융/지주,C,--1.23%,NEW (C),C등급 신규 포착,"7,240",14.47%,X,0,1,"-89,774","26,317",X,X,90.8%,이격과도(눌림),관망(C),"7,420원 ~ 7,974원","7,420","7,974","7,005","6,750",https://stock.naver.com/domestic/stock/000370/price
000660,SK하이닉스,반도체/소부장,C,--3.59%,NEW (C),C등급 신규 포착,"1,775,000",49.76%,X,0,2,"-582,267","-35,188",X,X,99.0%,적정(안전),관망(C),"1,793,650원 ~ 1,803,600원","1,803,600","1,793,650","1,730,117","1,828,458",https://stock.naver.com/domestic/stock/000660/price
000670,영풍,철강/소재/화학,C,+1.97%,NEW (C),C등급 신규 포착,"41,350",15.43%,X,1,0,"4,466","-8,221",X,X,96.7%,이격과도(눌림),관망(C),"41,090원 ~ 42,775원","41,090","42,775","38,967","46,626",https://stock.naver.com/domestic/stock/000670/price
000720,현대건설,전력/에너지/원자력,C,--1.22%,NEW (C),C등급 신규 포착,"113,000",25.06%,X,0,0,"-32,936","-354,805",X,X,90.7%,이격과도(눌림),관망(C),"116,220원 ~ 124,640원","116,220","124,640","113,172","130,021",https://stock.naver.com/domestic/stock/000720/price
000810,삼성화재,금융/지주,C,+0.96%,NEW (C),C등급 신규 포착,"632,000",57.47%,X,0,1,"-12,511","1,016",X,X,96.9%,이격과도(눌림),관망(C),"636,000원 ~ 652,550원","636,000","652,550","644,850","607,775",https://stock.naver.com/domestic/stock/000810/price
000815,삼성화재우,금융/지주,C,+1.15%,NEW (C),C등급 신규 포착,"395,000",33.75%,X,0,0,"-13,235","-2,212",X,X,96.2%,이격과도(눌림),관망(C),"396,300원 ~ 410,675원","396,300","410,675","405,375","398,700",https://stock.naver.com/domestic/stock/000815/price
001040,CJ,일반 주도주,C,--1.52%,NEW (C),C등급 신규 포착,"129,500",18.46%,X,0,4,"-28,344","29,308",X,X,98.9%,적정(안전),관망(C),"130,885원 ~ 132,520원","132,520","130,885","132,133","159,865",https://stock.naver.com/domestic/stock/001040/price
001450,현대해상,금융/지주,C,--1.99%,NEW (C),C등급 신규 포착,"46,800",39.44%,X,2,0,"80,676","-84,733",X,X,95.4%,이격과도(눌림),관망(C),"47,920원 ~ 49,038원","47,920","49,038","44,877","39,567",https://stock.naver.com/domestic/stock/001450/price
001500,현대차증권,금융/지주,C,--0.26%,NEW (C),C등급 신규 포착,"7,780",2.90%,X,0,0,"-29,681","-2,404",X,X,98.3%,적정(안전),관망(C),"7,784원 ~ 7,918원","7,784","7,918","7,898","8,985",https://stock.naver.com/domestic/stock/001500/price
001680,대상,일반 주도주,C,--1.46%,NEW (C),C등급 신규 포착,"17,570",16.15%,X,0,0,"-33,345","-6,017",X,X,96.3%,이격과도(눌림),관망(C),"17,850원 ~ 18,247원","17,850","18,247","17,952","18,593",https://stock.naver.com/domestic/stock/001680/price
001720,신영증권,금융/지주,C,+0.72%,NEW (C),C등급 신규 포착,"140,800",6.29%,X,3,0,"17,641","-23,146",X,X,98.4%,적정(안전),관망(C),"139,840원 ~ 143,075원","139,840","143,075","147,837","166,738",https://stock.naver.com/domestic/stock/001720/price
001800,오리온홀딩스,일반 주도주,C,--0.87%,NEW (C),C등급 신규 포착,"22,700",9.77%,X,0,0,"-49,926","-10,089",X,X,93.0%,이격과도(눌림),관망(C),"23,270원 ~ 24,398원","23,270","24,398","25,418","25,220",https://stock.naver.com/domestic/stock/001800/price
002030,아세아,철강/소재/화학,C,+2.99%,NEW (C),C등급 신규 포착,"207,000",5.10%,X,0,2,-365,534,X,X,98.1%,적정(안전),관망(C),"204,660원 ~ 211,015원","204,660","211,015","197,788","208,307",https://stock.naver.com/domestic/stock/002030/price
002310,아세아제지,일반 주도주,C,--3.30%,NEW (C),C등급 신규 포착,"7,630",4.80%,X,0,0,"15,653","-4,902",X,X,90.8%,이격과도(눌림),관망(C),"7,856원 ~ 8,403원","7,856","8,403","8,016","8,169",https://stock.naver.com/domestic/stock/002310/price
002380,KCC,건설/인프라,C,+0.74%,NEW (C),C등급 신규 포착,"475,500",20.80%,X,3,0,"3,195","-4,503",X,X,99.5%,적정(안전),관망(C),"472,500원 ~ 477,675원","472,500","477,675","450,300","492,921",https://stock.naver.com/domestic/stock/002380/price
002790,아모레퍼시픽홀딩스,엔터/미디어/소비재,C,+0.20%,NEW (C),C등급 신규 포착,"25,350",14.61%,X,1,0,"-4,057","-50,731",X,X,97.0%,적정(안전),관망(C),"25,810원 ~ 26,125원","25,810","26,125","25,738","25,365",https://stock.naver.com/domestic/stock/002790/price
003230,삼양식품,전력/에너지/원자력,C,--0.74%,NEW (C),C등급 신규 포착,"1,202,000",18.76%,X,0,0,-195,"-8,151",X,X,95.0%,이격과도(눌림),관망(C),"1,215,000원 ~ 1,265,500원","1,215,000","1,265,500","1,260,950","1,248,183",https://stock.naver.com/domestic/stock/003230/price
003470,유안타증권,금융/지주,C,--1.03%,NEW (C),C등급 신규 포착,"4,305",68.47%,X,0,0,"-36,666","12,700",X,X,94.3%,이격과도(눌림),관망(C),"4,345원 ~ 4,563원","4,345","4,563","4,535","4,915",https://stock.naver.com/domestic/stock/003470/price
003540,대신증권,금융/지주,C,--0.59%,NEW (C),C등급 신규 포착,"25,350",9.37%,X,0,0,"-54,263","6,088",X,X,96.1%,이격과도(눌림),관망(C),"25,480원 ~ 26,382원","25,480","26,382","26,245","29,773",https://stock.naver.com/domestic/stock/003540/price
003690,코리안리,금융/지주,C,+0.21%,NEW (C),C등급 신규 포착,"14,420",26.28%,X,0,1,"-252,011","-11,652",X,X,97.8%,적정(안전),관망(C),"14,594원 ~ 14,750원","14,594","14,750","14,372","13,634",https://stock.naver.com/domestic/stock/003690/price
004000,롯데정밀화학,일반 주도주,C,--0.12%,NEW (C),C등급 신규 포착,"42,800",23.39%,X,0,0,"-10,601","-11,430",X,X,95.9%,이격과도(눌림),관망(C),"42,990원 ~ 44,635원","42,990","44,635","45,514","49,083",https://stock.naver.com/domestic/stock/004000/price
004020,현대제철,철강/소재/화학,C,--0.33%,NEW (C),C등급 신규 포착,"29,900",14.12%,X,1,0,"92,851","-389,724",X,X,91.2%,이격과도(눌림),관망(C),"30,150원 ~ 32,792원","30,150","32,792","29,479","33,429",https://stock.naver.com/domestic/stock/004020/price
004170,신세계,엔터/미디어/소비재,C,--2.11%,NEW (C),C등급 신규 포착,"325,000",31.17%,X,5,0,"38,246","-47,729",X,X,89.7%,이격과도(눌림),관망(C),"333,200원 ~ 362,150원","333,200","362,150","431,642","489,458",https://stock.naver.com/domestic/stock/004170/price
004370,농심,엔터/미디어/소비재,C,--2.48%,NEW (C),C등급 신규 포착,"394,000",25.23%,X,0,5,"-10,852","8,537",X,X,97.3%,적정(안전),관망(C),"402,300원 ~ 404,900원","402,300","404,900","398,325","385,350",https://stock.naver.com/domestic/stock/004370/price
004430,송원산업,일반 주도주,C,--0.17%,NEW (C),C등급 신규 포착,"11,550",15.37%,X,1,0,"14,783","3,738",X,X,99.7%,적정(안전),관망(C),"11,366원 ~ 11,587원","11,366","11,587","11,754","11,466",https://stock.naver.com/domestic/stock/004430/price
004800,효성,일반 주도주,C,--0.38%,NEW (C),C등급 신규 포착,"157,700",21.60%,X,1,0,397,-439,X,X,98.2%,적정(안전),관망(C),"157,660원 ~ 160,620원","157,660","160,620","156,390","174,752",https://stock.naver.com/domestic/stock/004800/price
005180,빙그레,엔터/미디어/소비재,C,--0.24%,NEW (C),C등급 신규 포착,"83,000",24.13%,X,1,0,"-27,977","46,436",X,X,96.4%,이격과도(눌림),관망(C),"84,800원 ~ 86,070원","84,800","86,070","78,282","74,564",https://stock.naver.com/domestic/stock/005180/price
005300,롯데칠성,일반 주도주,C,--0.63%,NEW (C),C등급 신규 포착,"94,900",15.96%,X,0,2,"-4,076",-707,X,X,98.7%,적정(안전),관망(C),"95,220원 ~ 96,190원","95,220","96,190","98,423","104,858",https://stock.naver.com/domestic/stock/005300/price
005380,현대차,자동차/모빌리티,C,+0.43%,NEW (C),C등급 신규 포착,"348,000",24.09%,X,0,0,"-196,057","-109,024",X,X,95.0%,이격과도(눌림),관망(C),"348,300원 ~ 366,375원","348,300","366,375","394,900","489,896",https://stock.naver.com/domestic/stock/005380/price
005440,현대지에프홀딩스,일반 주도주,C,--1.81%,NEW (C),C등급 신규 포착,"12,460",9.05%,X,0,0,"-460,155","28,291",X,X,96.9%,이격과도(눌림),관망(C),"12,648원 ~ 12,862원","12,648","12,862","12,424","13,302",https://stock.naver.com/domestic/stock/005440/price
005490,POSCO홀딩스,2차전지/배터리,C,+2.09%,NEW (C),C등급 신규 포착,"317,500",32.16%,X,0,1,"-93,990","-4,112",X,X,98.4%,적정(안전),관망(C),"309,900원 ~ 322,825원","309,900","322,825","319,875","360,342",https://stock.naver.com/domestic/stock/005490/price
005810,풍산홀딩스,철강/소재/화학,C,--0.82%,NEW (C),C등급 신규 포착,"36,500",12.16%,X,3,0,"5,994","-3,103",X,X,98.1%,적정(안전),관망(C),"36,780원 ~ 37,225원","36,780","37,225","36,331","38,440",https://stock.naver.com/domestic/stock/005810/price
005830,DB손해보험,금융/지주,C,+0.05%,NEW (C),C등급 신규 포착,"182,900",43.49%,X,2,0,"10,701","-34,087",X,X,97.3%,적정(안전),관망(C),"185,040원 ~ 188,070원","185,040","188,070","175,207","165,029",https://stock.naver.com/domestic/stock/005830/price
005935,삼성전자우,IT/소프트웨어/AI,C,--1.39%,NEW (C),C등급 신규 포착,"198,200",75.46%,X,2,0,"-430,057","-693,790",X,O,99.2%,적정(안전),관망(C),"199,835원 ~ 200,620원","200,620","199,835","188,233","188,186",https://stock.naver.com/domestic/stock/005935/price
006040,동원산업,일반 주도주,C,--0.14%,NEW (C),C등급 신규 포착,"35,300",4.74%,X,1,0,"1,186","-7,824",X,X,96.9%,이격과도(눌림),관망(C),"35,420원 ~ 36,422원","35,420","36,422","36,223","35,985",https://stock.naver.com/domestic/stock/006040/price
006260,LS,IT/소프트웨어/AI,C,+0.17%,NEW (C),C등급 신규 포착,"299,000",16.55%,X,1,0,"-47,945","-90,004",X,X,95.7%,이격과도(눌림),관망(C),"304,900원 ~ 312,500원","304,900","312,500","305,558","361,521",https://stock.naver.com/domestic/stock/006260/price
006360,GS건설,건설/인프라,C,--0.15%,NEW (C),C등급 신규 포착,"33,000",20.14%,X,5,0,"496,145","-799,184",X,X,92.5%,이격과도(눌림),관망(C),"33,550원 ~ 35,658원","33,550","35,658","32,708","32,560",https://stock.naver.com/domestic/stock/006360/price
006800,미래에셋증권,금융/지주,C,+0.95%,NEW (C),C등급 신규 포착,"31,950",11.78%,X,0,2,"195,769","124,165",X,X,97.7%,적정(안전),관망(C),"31,470원 ~ 32,708원","31,470","32,708","35,047","47,687",https://stock.naver.com/domestic/stock/006800/price
00680K,미래에셋증권2우B,금융/지주,C,--0.49%,NEW (C),C등급 신규 포착,"10,150",23.52%,X,0,1,"-182,782","60,955",X,X,95.2%,이격과도(눌림),관망(C),"10,222원 ~ 10,666원","10,222","10,666","11,281","14,349",https://stock.naver.com/domestic/stock/00680K/price
007070,GS리테일,일반 주도주,C,+0.23%,NEW (C),C등급 신규 포착,"22,200",14.34%,X,0,0,"5,096","-71,025",X,X,93.1%,이격과도(눌림),관망(C),"22,390원 ~ 23,848원","22,390","23,848","25,316","24,843",https://stock.naver.com/domestic/stock/007070/price
007310,오뚜기,일반 주도주,C,--0.16%,NEW (C),C등급 신규 포착,"315,500",11.15%,X,0,2,"-1,381",228,X,X,97.7%,적정(안전),관망(C),"315,600원 ~ 322,825원","315,600","322,825","323,650","332,292",https://stock.naver.com/domestic/stock/007310/price
0082N0,카나프테라퓨틱스,일반 주도주,C,--1.71%,NEW (C),C등급 신규 포착,"12,660",4.16%,X,0,0,"4,163","-30,299",X,X,98.8%,적정(안전),관망(C),"12,592원 ~ 12,814원","12,592","12,814","13,339","19,866",https://stock.naver.com/domestic/stock/0082N0/price
008770,호텔신라,엔터/미디어/소비재,C,--0.38%,NEW (C),C등급 신규 포착,"39,150",18.54%,X,0,0,"-226,600","-122,773",X,X,96.1%,이격과도(눌림),관망(C),"39,500원 ~ 40,735원","39,500","40,735","43,363","49,675",https://stock.naver.com/domestic/stock/008770/price
009420,한올바이오파마,바이오/헬스케어,C,+3.69%,NEW (C),C등급 신규 포착,"47,800",4.47%,X,0,0,"-25,095","-20,231",X,X,98.0%,적정(안전),관망(C),"45,940원 ~ 48,772원","45,940","48,772","52,368","52,273",https://stock.naver.com/domestic/stock/009420/price
009540,HD한국조선해양,조선/방산/중공업,C,--2.30%,NEW (C),C등급 신규 포착,"318,500",33.20%,X,0,1,"-33,306","27,423",X,X,93.6%,이격과도(눌림),관망(C),"324,000원 ~ 340,425원","324,000","340,425","354,558","383,154",https://stock.naver.com/domestic/stock/009540/price
009970,영원무역홀딩스,일반 주도주,C,+0.56%,NEW (C),C등급 신규 포착,"161,800",23.08%,X,0,3,"-4,326","2,127",X,X,96.7%,이격과도(눌림),관망(C),"163,220원 ~ 167,400원","163,220","167,400","180,092","187,170",https://stock.naver.com/domestic/stock/009970/price
010140,삼성중공업,조선/방산/중공업,C,--1.30%,NEW (C),C등급 신규 포착,"19,700",27.78%,X,0,1,"208,729","-408,374",X,X,94.9%,이격과도(눌림),관망(C),"19,740원 ~ 20,760원","19,740","20,760","21,186","24,788",https://stock.naver.com/domestic/stock/010140/price
011210,현대위아,자동차/모빌리티,C,+0.94%,NEW (C),C등급 신규 포착,"53,700",19.20%,X,0,2,"-14,531","-1,506",X,X,97.6%,적정(안전),관망(C),"53,040원 ~ 55,040원","53,040","55,040","58,192","69,053",https://stock.naver.com/domestic/stock/011210/price
011780,금호석유화학,철강/소재/화학,C,+1.11%,NEW (C),C등급 신규 포착,"118,700",28.59%,X,0,0,"-1,122","-13,936",X,X,98.0%,적정(안전),관망(C),"116,600원 ~ 121,105원","116,600","121,105","121,220","126,508",https://stock.naver.com/domestic/stock/011780/price
012330,현대모비스,자동차/모빌리티,C,--0.78%,NEW (C),C등급 신규 포착,"380,500",37.67%,X,0,4,"-129,163","88,942",X,X,97.0%,적정(안전),관망(C),"379,800원 ~ 392,375원","379,800","392,375","452,042","497,262",https://stock.naver.com/domestic/stock/012330/price
012450,한화에어로스페이스,조선/방산/중공업,C,--4.29%,NEW (C),C등급 신규 포착,"1,026,000",45.26%,X,0,2,"-13,711","40,288",X,X,97.2%,적정(안전),관망(C),"1,031,000원 ~ 1,055,900원","1,031,000","1,055,900","1,032,783","1,138,542",https://stock.naver.com/domestic/stock/012450/price
012630,HDC,건설/인프라,C,--1.70%,NEW (C),C등급 신규 포착,"23,100",25.06%,X,1,0,"15,974","-35,449",X,X,90.5%,이격과도(눌림),관망(C),"24,420원 ~ 25,532원","24,420","25,532","22,772","23,169",https://stock.naver.com/domestic/stock/012630/price
014620,성광벤드,조선/방산/중공업,C,--1.15%,NEW (C),C등급 신규 포착,"30,100",33.20%,X,0,0,"-112,171","-117,008",X,X,93.5%,이격과도(눌림),관망(C),"30,810원 ~ 32,205원","30,810","32,205","28,592","31,769",https://stock.naver.com/domestic/stock/014620/price
014830,유니드,일반 주도주,C,--1.32%,NEW (C),C등급 신규 포착,"59,700",11.64%,X,0,5,"-6,142","4,920",X,X,96.6%,이격과도(눌림),관망(C),"60,320원 ~ 61,795원","60,320","61,795","62,163","69,002",https://stock.naver.com/domestic/stock/014830/price
015760,한국전력,전력/에너지/원자력,C,+0.67%,NEW (C),C등급 신규 포착,"30,250",20.46%,X,0,0,"-286,152","-268,009",X,X,96.2%,이격과도(눌림),관망(C),"30,110원 ~ 31,430원","30,110","31,430","33,089","36,871",https://stock.naver.com/domestic/stock/015760/price
017800,현대엘리베이터,일반 주도주,C,+0.55%,NEW (C),C등급 신규 포착,"73,200",21.66%,X,1,0,"-31,356","-23,998",X,X,98.9%,적정(안전),관망(C),"73,120원 ~ 74,025원","73,120","74,025","71,988","78,688",https://stock.naver.com/domestic/stock/017800/price
017960,한국카본,조선/방산/중공업,C,0.00%,NEW (C),C등급 신규 포착,"20,550",12.84%,X,0,1,"-47,655","-1,664",X,X,97.0%,적정(안전),관망(C),"20,266원 ~ 21,182원","20,266","21,182","22,451","30,371",https://stock.naver.com/domestic/stock/017960/price
018260,삼성에스디에스,IT/소프트웨어/AI,C,--0.23%,NEW (C),C등급 신규 포착,"219,000",19.27%,X,5,0,"39,438","-11,045",X,X,98.2%,적정(안전),관망(C),"219,400원 ~ 223,125원","219,400","223,125","219,155","210,201",https://stock.naver.com/domestic/stock/018260/price
020120,키다리스튜디오,일반 주도주,C,--14.96%,NEW (C),C등급 신규 포착,"7,050",6.69%,X,0,0,"-70,380","22,148",X,X,86.8%,이격과도(눌림),관망(C),"8,058원 ~ 8,122원","8,058","8,122","5,480","4,512",https://stock.naver.com/domestic/stock/020120/price
023160,태광,조선/방산/중공업,C,--3.76%,NEW (C),C등급 신규 포착,"26,900",16.15%,X,0,2,"-231,888","83,333",X,X,98.6%,적정(안전),관망(C),"27,275원 ~ 27,830원","27,830","27,275","24,359","29,892",https://stock.naver.com/domestic/stock/023160/price
023530,롯데쇼핑,엔터/미디어/소비재,C,--2.25%,NEW (C),C등급 신규 포착,"99,800",13.05%,X,2,0,"45,811","-51,780",X,X,91.2%,이격과도(눌림),관망(C),"101,200원 ~ 109,475원","101,200","109,475","114,850","134,988",https://stock.naver.com/domestic/stock/023530/price
023590,다우기술,IT/소프트웨어/AI,C,+1.32%,NEW (C),C등급 신규 포착,"38,450",27.43%,X,0,0,"-2,317","-6,305",X,X,98.5%,적정(안전),관망(C),"38,190원 ~ 39,025원","38,190","39,025","38,168","40,268",https://stock.naver.com/domestic/stock/023590/price
024110,기업은행,금융/지주,C,0.00%,NEW (C),C등급 신규 포착,"20,200",13.45%,X,0,1,"-811,050","50,300",X,X,98.7%,적정(안전),관망(C),"20,320원 ~ 20,470원","20,320","20,470","20,573","20,947",https://stock.naver.com/domestic/stock/024110/price
025980,아난티,일반 주도주,C,--0.59%,NEW (C),C등급 신규 포착,"5,060",5.73%,X,0,0,"314,179","49,848",X,X,97.8%,적정(안전),관망(C),"4,950원 ~ 5,176원","4,950","5,176","4,546","5,135",https://stock.naver.com/domestic/stock/025980/price
028050,삼성E&A,건설/인프라,C,+0.52%,NEW (C),C등급 신규 포착,"48,000",37.73%,X,0,0,"-102,975","-203,940",X,X,96.8%,이격과도(눌림),관망(C),"47,790원 ~ 49,608원","47,790","49,608","46,892","48,841",https://stock.naver.com/domestic/stock/028050/price
028260,삼성물산,전력/에너지/원자력,C,--1.16%,NEW (C),C등급 신규 포착,"342,000",30.54%,X,2,0,"38,278","-18,916",X,X,95.1%,이격과도(눌림),관망(C),"344,800원 ~ 359,550원","344,800","359,550","356,417","380,104",https://stock.naver.com/domestic/stock/028260/price
029780,삼성카드,금융/지주,C,--0.36%,NEW (C),C등급 신규 포착,"41,800",5.08%,X,0,1,"-20,473","-14,727",X,X,94.6%,이격과도(눌림),관망(C),"42,170원 ~ 44,172원","42,170","44,172","46,320","48,110",https://stock.naver.com/domestic/stock/029780/price
030200,KT,IT/소프트웨어/AI,C,--0.39%,NEW (C),C등급 신규 포착,"51,700",49.00%,X,0,0,"-13,328","-215,515",X,X,97.6%,적정(안전),관망(C),"52,080원 ~ 52,980원","52,080","52,980","53,153","55,173",https://stock.naver.com/domestic/stock/030200/price
030610,교보증권,금융/지주,C,--0.50%,NEW (C),C등급 신규 포착,"9,860",0.99%,X,0,0,"-11,106","3,479",X,X,97.6%,적정(안전),관망(C),"9,930원 ~ 10,102원","9,930","10,102","9,923","11,039",https://stock.naver.com/domestic/stock/030610/price
031210,서울보증보험,금융/지주,C,--0.24%,NEW (C),C등급 신규 포착,"41,950",6.85%,X,0,0,"-46,501","2,716",X,X,98.2%,적정(안전),관망(C),"42,460원 ~ 42,698원","42,460","42,698","42,907","44,115",https://stock.naver.com/domestic/stock/031210/price
032350,롯데관광개발,일반 주도주,C,+0.18%,NEW (C),C등급 신규 포착,"10,900",19.64%,X,0,1,"-406,906","-89,689",X,X,92.4%,이격과도(눌림),관망(C),"11,304원 ~ 11,799원","11,304","11,799","12,418","15,295",https://stock.naver.com/domestic/stock/032350/price
032640,LG유플러스,IT/소프트웨어/AI,C,--0.07%,NEW (C),C등급 신규 포착,"14,540",40.95%,X,0,2,"-124,085","-21,487",X,X,98.9%,적정(안전),관망(C),"14,592원 ~ 14,704원","14,592","14,704","14,783","15,225",https://stock.naver.com/domestic/stock/032640/price
032820,우리기술,전력/에너지/원자력,C,+1.02%,NEW (C),C등급 신규 포착,"12,830",5.25%,X,1,0,"-105,352","38,786",X,X,98.9%,적정(안전),관망(C),"12,586원 ~ 12,971원","12,586","12,971","11,515","14,348",https://stock.naver.com/domestic/stock/032820/price
032830,삼성생명,금융/지주,C,--1.73%,NEW (C),C등급 신규 포착,"284,000",23.07%,X,0,2,"-27,856","-29,420",X,X,96.7%,이격과도(눌림),관망(C),"285,800원 ~ 293,700원","285,800","293,700","300,492","321,788",https://stock.naver.com/domestic/stock/032830/price
034020,두산에너빌리티,전력/에너지/원자력,C,+0.37%,NEW (C),C등급 신규 포착,"81,400",22.56%,X,0,0,"-812,628","-156,495",X,X,95.7%,이격과도(눌림),관망(C),"81,500원 ~ 85,100원","81,500","85,100","78,222","91,808",https://stock.naver.com/domestic/stock/034020/price
034120,SBS,엔터/미디어/소비재,C,+1.12%,NEW (C),C등급 신규 포착,"11,700",0.00%,X,0,0,0,312,X,X,98.4%,적정(안전),관망(C),"11,664원 ~ 11,886원","11,664","11,886","11,884","12,872",https://stock.naver.com/domestic/stock/034120/price
034220,LG디스플레이,IT/소프트웨어/AI,C,0.00%,NEW (C),C등급 신규 포착,"8,570",26.54%,X,0,0,"413,568","-197,616",X,X,98.9%,적정(안전),관망(C),"8,468원 ~ 8,666원","8,468","8,666","9,404","11,366",https://stock.naver.com/domestic/stock/034220/price
034230,파라다이스,일반 주도주,C,+0.86%,NEW (C),C등급 신규 포착,"9,410",6.92%,X,0,0,"-106,496","-109,372",X,X,96.8%,이격과도(눌림),관망(C),"9,428원 ~ 9,722원","9,428","9,722","10,022","12,390",https://stock.naver.com/domestic/stock/034230/price
034310,NICE,일반 주도주,C,--0.34%,NEW (C),C등급 신규 포착,"11,700",8.81%,X,0,0,"-10,417","3,067",X,X,95.7%,이격과도(눌림),관망(C),"11,924원 ~ 12,227원","11,924","12,227","12,517","12,634",https://stock.naver.com/domestic/stock/034310/price
035250,강원랜드,엔터/미디어/소비재,C,+0.14%,NEW (C),C등급 신규 포착,"14,310",8.90%,X,0,2,"-214,968","13,629",X,X,98.4%,적정(안전),관망(C),"14,324원 ~ 14,548원","14,324","14,548","14,516","15,138",https://stock.naver.com/domestic/stock/035250/price
035420,NAVER,IT/소프트웨어/AI,C,--0.42%,NEW (C),C등급 신규 포착,"191,400",35.52%,X,0,0,"-223,971","-358,121",X,X,94.9%,이격과도(눌림),관망(C),"192,780원 ~ 201,730원","192,780","201,730","206,780","211,792",https://stock.naver.com/domestic/stock/035420/price
035720,카카오,IT/소프트웨어/AI,C,0.00%,NEW (C),C등급 신규 포착,"33,450",28.75%,X,0,0,"-248,984","-205,130",X,X,97.5%,적정(안전),관망(C),"33,560원 ~ 34,305원","33,560","34,305","35,932","39,103",https://stock.naver.com/domestic/stock/035720/price
035760,CJ ENM,엔터/미디어/소비재,C,--2.56%,NEW (C),C등급 신규 포착,"34,300",10.73%,X,0,0,"-24,989","-18,900",X,X,94.6%,이격과도(눌림),관망(C),"36,230원 ~ 36,252원","36,230","36,252","33,593","38,398",https://stock.naver.com/domestic/stock/035760/price
035890,서희건설,일반 주도주,C,--0.45%,NEW (C),C등급 신규 포착,"2,205",3.96%,X,2,0,"70,100","8,847",X,X,95.7%,이격과도(눌림),관망(C),"2,206원 ~ 2,305원","2,206","2,305","2,147","2,122",https://stock.naver.com/domestic/stock/035890/price
035900,JYP Ent.,엔터/미디어/소비재,C,+1.60%,NEW (C),C등급 신규 포착,"38,000",13.00%,X,0,0,"-87,792","23,830",X,X,98.5%,적정(안전),관망(C),"37,790원 ~ 38,582원","37,790","38,582","42,097","49,932",https://stock.naver.com/domestic/stock/035900/price
036530,SNT홀딩스,일반 주도주,C,--0.66%,NEW (C),C등급 신규 포착,"45,000",12.13%,X,0,0,"-4,428","-6,451",X,X,96.8%,이격과도(눌림),관망(C),"45,870원 ~ 46,480원","45,870","46,480","47,643","51,210",https://stock.naver.com/domestic/stock/036530/price
037270,YG PLUS,엔터/미디어/소비재,C,--0.65%,NEW (C),C등급 신규 포착,"3,080",4.86%,X,1,0,"-5,900","8,180",X,X,98.6%,적정(안전),관망(C),"3,095원 ~ 3,124원","3,095","3,124","3,226","3,736",https://stock.naver.com/domestic/stock/037270/price
039130,하나투어,일반 주도주,C,+2.68%,NEW (C),C등급 신규 포착,"30,700",10.87%,X,0,0,"-17,893","-5,884",X,X,96.9%,이격과도(눌림),관망(C),"30,250원 ~ 31,668원","30,250","31,668","31,468","34,721",https://stock.naver.com/domestic/stock/039130/price
039490,키움증권,금융/지주,C,--2.50%,NEW (C),C등급 신규 포착,"253,000",29.95%,X,0,0,"1,583","6,145",X,X,95.4%,이격과도(눌림),관망(C),"255,700원 ~ 265,250원","255,700","265,250","282,858","338,375",https://stock.naver.com/domestic/stock/039490/price
041510,에스엠,엔터/미디어/소비재,C,--1.14%,NEW (C),C등급 신규 포착,"78,300",30.79%,X,0,2,"-26,914","5,014",X,X,95.2%,이격과도(눌림),관망(C),"80,200원 ~ 82,215원","80,200","82,215","75,923","80,016",https://stock.naver.com/domestic/stock/041510/price
041830,인바디,IT/소프트웨어/AI,C,+0.19%,NEW (C),C등급 신규 포착,"52,200",33.85%,X,5,0,"12,330","-23,148",X,X,92.6%,이격과도(눌림),관망(C),"52,800원 ~ 56,365원","52,800","56,365","57,161","49,221",https://stock.naver.com/domestic/stock/041830/price
042660,한화오션,조선/방산/중공업,C,--1.90%,NEW (C),C등급 신규 포착,"77,300",9.90%,X,0,0,"-144,659","-312,591",X,X,93.4%,이격과도(눌림),관망(C),"78,500원 ~ 82,780원","78,500","82,780","84,858","102,382",https://stock.naver.com/domestic/stock/042660/price
047040,대우건설,전력/에너지/원자력,C,+0.68%,NEW (C),C등급 신규 포착,"17,730",9.39%,X,0,0,"-6,045",453,X,X,95.7%,이격과도(눌림),관망(C),"17,724원 ~ 18,527원","17,724","18,527","16,963","21,456",https://stock.naver.com/domestic/stock/047040/price
048550,SM C&C,엔터/미디어/소비재,C,+0.68%,NEW (C),C등급 신규 포착,"1,039",2.81%,X,1,0,"51,765","-3,499",X,X,96.8%,이격과도(눌림),관망(C),"1,033원 ~ 1,073원","1,033","1,073","1,331","1,250",https://stock.naver.com/domestic/stock/048550/price
051900,LG생활건강,엔터/미디어/소비재,C,--2.03%,NEW (C),C등급 신규 포착,"265,500",31.50%,X,2,0,"4,632","-25,152",X,X,91.8%,이격과도(눌림),관망(C),"272,300원 ~ 289,250원","272,300","289,250","285,992","267,642",https://stock.naver.com/domestic/stock/051900/price
052400,코나아이,IT/소프트웨어/AI,C,--2.39%,NEW (C),C등급 신규 포착,"36,800",4.01%,X,0,0,"13,688","-10,985",X,X,98.8%,적정(안전),관망(C),"37,245원 ~ 37,750원","37,750","37,245","39,262","46,788",https://stock.naver.com/domestic/stock/052400/price
052690,한전기술,전력/에너지/원자력,C,+1.34%,NEW (C),C등급 신규 포착,"128,800",11.55%,X,1,0,"-1,158",-751,X,X,97.0%,적정(안전),관망(C),"125,480원 ~ 132,720원","125,480","132,720","110,127","128,397",https://stock.naver.com/domestic/stock/052690/price
055550,신한지주,금융/지주,C,--1.15%,NEW (C),C등급 신규 포착,"103,600",61.41%,X,0,5,"-618,548","381,598",X,X,93.6%,이격과도(눌림),관망(C),"106,180원 ~ 110,685원","106,180","110,685","107,375","102,952",https://stock.naver.com/domestic/stock/055550/price
058430,포스코스틸리온,철강/소재/화학,C,+1.31%,NEW (C),C등급 신규 포착,"4,645",3.39%,X,1,0,"-37,313","-31,647",X,X,99.0%,적정(안전),관망(C),"4,598원 ~ 4,692원","4,598","4,692","4,599","8,879",https://stock.naver.com/domestic/stock/058430/price
067160,SOOP,IT/소프트웨어/AI,C,+1.65%,NEW (C),C등급 신규 포착,"36,900",28.80%,X,1,0,"-5,113","-5,312",X,X,99.7%,적정(안전),관망(C),"36,480원 ~ 37,002원","36,480","37,002","41,292","46,866",https://stock.naver.com/domestic/stock/067160/price
069620,대웅제약,바이오/헬스케어,C,+0.28%,NEW (C),C등급 신규 포착,"109,300",14.52%,X,0,5,"-4,326","6,391",X,X,98.9%,적정(안전),관망(C),"108,280원 ~ 110,565원","108,280","110,565","119,700","126,896",https://stock.naver.com/domestic/stock/069620/price
069960,현대백화점,엔터/미디어/소비재,C,--1.46%,NEW (C),C등급 신규 포착,"87,500",25.01%,X,1,0,"6,190","-11,487",X,X,91.3%,이격과도(눌림),관망(C),"88,840원 ~ 95,865원","88,840","95,865","110,678","123,218",https://stock.naver.com/domestic/stock/069960/price
071055,한국금융지주우,금융/지주,C,--0.28%,NEW (C),C등급 신규 포착,"142,000",20.45%,X,0,1,924,-205,X,X,96.9%,이격과도(눌림),관망(C),"142,480원 ~ 146,500원","142,480","146,500","148,560","157,976",https://stock.naver.com/domestic/stock/071055/price
071970,HD현대마린엔진,조선/방산/중공업,C,--3.56%,NEW (C),C등급 신규 포착,"47,350",12.57%,X,1,0,"79,465","-27,041",X,X,94.4%,이격과도(눌림),관망(C),"48,220원 ~ 50,168원","48,220","50,168","53,715","66,152",https://stock.naver.com/domestic/stock/071970/price
075580,세진중공업,조선/방산/중공업,C,0.00%,NEW (C),C등급 신규 포착,"10,020",2.60%,X,5,0,"113,299","-1,077",X,X,98.6%,적정(안전),관망(C),"9,892원 ~ 10,158원","9,892","10,158","10,693","13,578",https://stock.naver.com/domestic/stock/075580/price
078930,GS,전력/에너지/원자력,C,--1.13%,NEW (C),C등급 신규 포착,"105,200",20.57%,X,0,0,"107,285","-189,447",X,X,92.4%,이격과도(눌림),관망(C),"105,560원 ~ 113,885원","105,560","113,885","104,718","89,198",https://stock.naver.com/domestic/stock/078930/price
081660,미스토홀딩스,일반 주도주,C,+0.26%,NEW (C),C등급 신규 포착,"39,050",40.40%,X,0,1,"-89,890","54,753",X,X,99.7%,적정(안전),관망(C),"38,360원 ~ 39,175원","38,360","39,175","42,478","41,565",https://stock.naver.com/domestic/stock/081660/price
082740,한화엔진,조선/방산/중공업,C,--2.26%,NEW (C),C등급 신규 포착,"47,500",14.62%,X,0,0,"331,198","163,608",X,X,97.6%,적정(안전),관망(C),"48,250원 ~ 48,685원","48,250","48,685","46,382","54,766",https://stock.naver.com/domestic/stock/082740/price
083650,비에이치아이,전력/에너지/원자력,C,--2.02%,NEW (C),C등급 신규 포착,"58,300",7.62%,X,0,0,"-77,556","-63,467",X,X,92.4%,이격과도(눌림),관망(C),"59,500원 ~ 63,090원","59,500","63,090","55,215","66,280",https://stock.naver.com/domestic/stock/083650/price
086790,하나금융지주,금융/지주,C,--0.23%,NEW (C),C등급 신규 포착,"128,800",68.52%,X,0,1,"18,441","-198,854",X,X,95.5%,이격과도(눌림),관망(C),"130,500원 ~ 134,825원","130,500","134,825","131,942","126,430",https://stock.naver.com/domestic/stock/086790/price
086900,메디톡스,반도체/소부장,C,+0.90%,NEW (C),C등급 신규 포착,"67,200",12.28%,X,0,0,"-4,201",-869,X,X,98.6%,적정(안전),관망(C),"67,140원 ~ 68,140원","67,140","68,140","70,768","82,382",https://stock.naver.com/domestic/stock/086900/price
087010,펩트론,바이오/헬스케어,C,+0.46%,NEW (C),C등급 신규 포착,"130,100",4.63%,X,0,0,"-32,955","-2,688",X,X,89.9%,이격과도(눌림),관망(C),"132,920원 ~ 144,730원","132,920","144,730","152,005","198,248",https://stock.naver.com/domestic/stock/087010/price
088980,맥쿼리인프라,건설/인프라,C,--0.31%,NEW (C),C등급 신규 포착,"9,760",7.57%,X,0,5,"-576,505","496,053",X,X,99.3%,적정(안전),관망(C),"9,812원 ~ 9,830원","9,812","9,830","9,894","10,443",https://stock.naver.com/domestic/stock/088980/price
090430,아모레퍼시픽,엔터/미디어/소비재,C,--0.30%,NEW (C),C등급 신규 포착,"132,300",26.05%,X,0,0,"-20,509","-30,075",X,X,94.0%,이격과도(눌림),관망(C),"136,400원 ~ 140,710원","136,400","140,710","134,555","127,368",https://stock.naver.com/domestic/stock/090430/price
093320,케이아이엔엑스,일반 주도주,C,+1.83%,NEW (C),C등급 신규 포착,"128,300",43.70%,X,0,1,"-1,908",12,X,X,94.4%,이격과도(눌림),관망(C),"127,960원 ~ 135,850원","127,960","135,850","138,278","125,529",https://stock.naver.com/domestic/stock/093320/price
100840,SNT에너지,전력/에너지/원자력,C,--4.82%,NEW (C),C등급 신규 포착,"34,550",0.90%,X,1,0,"-10,829","-28,164",X,X,93.6%,이격과도(눌림),관망(C),"36,450원 ~ 36,928원","36,450","36,928","30,493","36,930",https://stock.naver.com/domestic/stock/100840/price
103140,풍산,조선/방산/중공업,C,--4.51%,NEW (C),C등급 신규 포착,"76,200",12.99%,X,1,0,"36,351","-22,051",X,X,97.7%,적정(안전),관망(C),"77,760원 ~ 78,015원","77,760","78,015","74,773","79,444",https://stock.naver.com/domestic/stock/103140/price
105560,KB금융,금융/지주,C,0.00%,NEW (C),C등급 신규 포착,"167,400",78.58%,X,0,2,"-369,270","91,083",X,X,96.1%,이격과도(눌림),관망(C),"169,240원 ~ 174,155원","169,240","174,155","172,033","165,168",https://stock.naver.com/domestic/stock/105560/price
111770,영원무역,엔터/미디어/소비재,C,+1.50%,NEW (C),C등급 신규 포착,"67,800",29.20%,X,0,0,"-19,003","-22,785",X,X,94.5%,이격과도(눌림),관망(C),"68,900원 ~ 71,725원","68,900","71,725","79,525","80,309",https://stock.naver.com/domestic/stock/111770/price
122870,와이지엔터테인먼트,엔터/미디어/소비재,C,+0.12%,NEW (C),C등급 신규 포착,"40,700",9.06%,X,0,0,"-66,375","-6,082",X,X,94.7%,이격과도(눌림),관망(C),"41,810원 ~ 42,972원","41,810","42,972","41,138","44,418",https://stock.naver.com/domestic/stock/122870/price
122900,아이마켓코리아,일반 주도주,C,0.00%,NEW (C),C등급 신규 포착,"8,200",3.83%,X,2,0,"4,074","2,888",X,O,99.7%,적정(안전),관망(C),"8,226원 ~ 8,226원","8,226","8,226","7,855","7,640",https://stock.naver.com/domestic/stock/122900/price
123330,제닉,엔터/미디어/소비재,C,--0.46%,NEW (C),C등급 신규 포착,"21,600",4.89%,X,2,0,"61,099","-22,066",X,X,86.2%,이격과도(눌림),관망(C),"22,560원 ~ 25,068원","22,560","25,068","27,118","25,785",https://stock.naver.com/domestic/stock/123330/price
123890,한국자산신탁,일반 주도주,C,+1.67%,NEW (C),C등급 신규 포착,"2,430",5.71%,X,0,0,"-14,331","-23,761",X,X,97.9%,적정(안전),관망(C),"2,423원 ~ 2,482원","2,423","2,482","2,398","2,405",https://stock.naver.com/domestic/stock/123890/price
124500,아이티센글로벌,IT/소프트웨어/AI,C,+2.39%,NEW (C),C등급 신규 포착,"29,950",3.30%,X,5,0,"56,832","-63,714",X,X,97.7%,적정(안전),관망(C),"29,260원 ~ 30,662원","29,260","30,662","27,650","35,522",https://stock.naver.com/domestic/stock/124500/price
130660,한전산업,전력/에너지/원자력,C,+0.57%,NEW (C),C등급 신규 포착,"12,420",2.28%,X,5,0,"32,849","-2,464",X,X,97.4%,적정(안전),관망(C),"12,328원 ~ 12,756원","12,328","12,756","11,741","13,694",https://stock.naver.com/domestic/stock/130660/price
136490,선진,일반 주도주,C,--0.59%,NEW (C),C등급 신규 포착,"10,050",7.54%,X,0,0,"-17,519","8,549",X,X,96.3%,이격과도(눌림),관망(C),"10,050원 ~ 10,432원","10,050","10,432","10,152","10,115",https://stock.naver.com/domestic/stock/136490/price
141080,리가켐바이오,바이오/헬스케어,C,+1.94%,NEW (C),C등급 신규 포착,"83,900",13.32%,X,0,3,"-96,867","79,539",X,X,99.5%,적정(안전),관망(C),"82,580원 ~ 84,300원","82,580","84,300","96,750","130,051",https://stock.naver.com/domestic/stock/141080/price
145020,휴젤,바이오/헬스케어,C,+0.89%,NEW (C),C등급 신규 포착,"181,700",56.50%,X,0,0,"-12,345","-3,447",X,X,85.6%,이격과도(눌림),관망(C),"181,260원 ~ 212,355원","181,260","212,355","235,260","246,922",https://stock.naver.com/domestic/stock/145020/price
161390,한국타이어앤테크놀로지,자동차/모빌리티,C,+0.50%,NEW (C),C등급 신규 포착,"60,200",39.50%,X,0,1,"70,618","-113,189",X,X,99.3%,적정(안전),관망(C),"59,520원 ~ 60,605원","59,520","60,605","66,133","65,198",https://stock.naver.com/domestic/stock/161390/price
161890,한국콜마,엔터/미디어/소비재,C,+0.88%,NEW (C),C등급 신규 포착,"137,800",40.66%,X,0,0,"-90,451","-134,466",X,X,95.4%,이격과도(눌림),관망(C),"143,220원 ~ 144,450원","143,220","144,450","127,852","109,041",https://stock.naver.com/domestic/stock/161890/price
175330,JB금융지주,금융/지주,C,--1.21%,NEW (C),C등급 신규 포착,"28,650",33.57%,X,0,1,"-167,611","32,866",X,X,92.7%,이격과도(눌림),관망(C),"29,170원 ~ 30,902원","29,170","30,902","28,693","27,660",https://stock.naver.com/domestic/stock/175330/price
180640,한진칼,금융/지주,C,+0.98%,NEW (C),C등급 신규 포착,"133,600",18.87%,X,0,0,"8,332","-8,089",X,X,96.0%,이격과도(눌림),관망(C),"133,320원 ~ 139,140원","133,320","139,140","125,887","121,242",https://stock.naver.com/domestic/stock/180640/price
185750,종근당,일반 주도주,C,+0.77%,NEW (C),C등급 신규 포착,"65,700",15.41%,X,0,1,"-2,289","-3,030",X,X,99.7%,적정(안전),관망(C),"64,940원 ~ 65,930원","64,940","65,930","67,402","72,827",https://stock.naver.com/domestic/stock/185750/price
192080,더블유게임즈,IT/소프트웨어/AI,C,--3.08%,NEW (C),C등급 신규 포착,"56,700",21.45%,X,1,0,"5,885","-7,201",X,X,98.2%,적정(안전),관망(C),"57,720원 ~ 57,820원","57,820","57,720","59,342","60,598",https://stock.naver.com/domestic/stock/192080/price
192400,쿠쿠홀딩스,일반 주도주,C,--0.56%,NEW (C),C등급 신규 포착,"26,750",10.70%,X,1,0,"-5,752","-1,740",X,X,98.1%,적정(안전),관망(C),"27,000원 ~ 27,258원","27,000","27,258","26,807","26,751",https://stock.naver.com/domestic/stock/192400/price
196170,알테오젠,바이오/헬스케어,C,+0.77%,NEW (C),C등급 신규 포착,"261,500",15.39%,X,0,0,"26,728","150,893",X,X,99.4%,적정(안전),관망(C),"259,100원 ~ 263,200원","259,100","263,200","290,725","323,838",https://stock.naver.com/domestic/stock/196170/price
207940,삼성바이오로직스,바이오/헬스케어,C,--3.03%,NEW (C),C등급 신규 포착,"1,313,000",13.16%,X,0,0,"-19,253","-1,335",X,X,93.4%,이격과도(눌림),관망(C),"1,377,000원 ~ 1,405,250원","1,377,000","1,405,250","1,461,350","1,443,825",https://stock.naver.com/domestic/stock/207940/price
211050,인카금융서비스,금융/지주,C,+0.31%,NEW (C),C등급 신규 포착,"9,680",2.33%,X,1,0,"-62,721","13,966",X,X,94.3%,이격과도(눌림),관망(C),"9,730원 ~ 10,268원","9,730","10,268","10,334","10,314",https://stock.naver.com/domestic/stock/211050/price
214320,이노션,일반 주도주,C,--0.66%,NEW (C),C등급 신규 포착,"17,990",19.28%,X,0,0,"-46,664","29,040",X,X,98.2%,적정(안전),관망(C),"18,160원 ~ 18,324원","18,160","18,324","18,734","19,134",https://stock.naver.com/domestic/stock/214320/price
214450,파마리서치,바이오/헬스케어,C,--0.33%,NEW (C),C등급 신규 포착,"305,000",13.31%,X,4,0,"73,055","-139,840",X,X,91.1%,이격과도(눌림),관망(C),"310,200원 ~ 334,925원","310,200","334,925","364,033","337,525",https://stock.naver.com/domestic/stock/214450/price
225570,넥슨게임즈,IT/소프트웨어/AI,C,+0.74%,NEW (C),C등급 신규 포착,"10,930",2.36%,X,0,2,"-58,968","76,302",X,X,97.6%,적정(안전),관망(C),"10,748원 ~ 11,200원","10,748","11,200","9,946","10,232",https://stock.naver.com/domestic/stock/225570/price
241560,두산밥캣,일반 주도주,C,0.00%,NEW (C),C등급 신규 포착,"55,200",38.81%,X,0,1,"-4,279","-54,441",X,X,92.9%,이격과도(눌림),관망(C),"55,200원 ~ 59,390원","55,200","59,390","61,293","64,638",https://stock.naver.com/domestic/stock/241560/price
241710,코스메카코리아,엔터/미디어/소비재,C,--0.45%,NEW (C),C등급 신규 포착,"109,500",25.06%,X,1,0,"12,215","-58,885",X,X,87.3%,이격과도(눌림),관망(C),"116,180원 ~ 125,430원","116,180","125,430","112,085","94,382",https://stock.naver.com/domestic/stock/241710/price
251270,넷마블,IT/소프트웨어/AI,C,--2.55%,NEW (C),C등급 신규 포착,"34,450",14.03%,X,3,0,"73,654","-46,546",X,X,98.5%,적정(안전),관망(C),"34,720원 ~ 34,978원","34,720","34,978","36,788","40,296",https://stock.naver.com/domestic/stock/251270/price
257720,실리콘투,엔터/미디어/소비재,C,--1.35%,NEW (C),C등급 신규 포착,"36,600",11.90%,X,1,0,"-213,348","-92,040",X,X,87.6%,이격과도(눌림),관망(C),"37,750원 ~ 41,780원","37,750","41,780","41,414","40,385",https://stock.naver.com/domestic/stock/257720/price
259960,크래프톤,IT/소프트웨어/AI,C,+0.30%,NEW (C),C등급 신규 포착,"199,700",43.42%,X,5,0,"32,354","-42,082",X,X,97.3%,적정(안전),관망(C),"198,320원 ~ 205,280원","198,320","205,280","224,085","238,709",https://stock.naver.com/domestic/stock/259960/price
263750,펄어비스,IT/소프트웨어/AI,C,--1.20%,NEW (C),C등급 신규 포착,"33,000",5.16%,X,4,0,"93,850","10,247",X,X,96.5%,이격과도(눌림),관망(C),"32,990원 ~ 34,180원","32,990","34,180","33,647","40,143",https://stock.naver.com/domestic/stock/263750/price
267250,HD현대,전력/에너지/원자력,C,--2.69%,NEW (C),C등급 신규 포착,"195,600",26.56%,X,1,0,"-29,543","-34,341",X,X,88.1%,이격과도(눌림),관망(C),"200,240원 ~ 221,985원","200,240","221,985","215,257","236,430",https://stock.naver.com/domestic/stock/267250/price
267260,HD현대일렉트릭,전력/에너지/원자력,C,+0.88%,NEW (C),C등급 신규 포착,"684,000",33.92%,X,2,0,"-1,217","-41,495",X,X,95.8%,이격과도(눌림),관망(C),"678,000원 ~ 713,650원","678,000","713,650","744,150","920,492",https://stock.naver.com/domestic/stock/267260/price
267270,HD건설기계,자동차/모빌리티,C,+0.25%,NEW (C),C등급 신규 포착,"118,200",15.61%,X,1,0,"14,423","-416,775",X,X,88.3%,이격과도(눌림),관망(C),"121,160원 ~ 133,820원","121,160","133,820","131,678","143,911",https://stock.naver.com/domestic/stock/267270/price
271560,오리온,전력/에너지/원자력,C,+0.76%,NEW (C),C등급 신규 포착,"106,100",38.90%,X,1,0,"-22,098","-56,847",X,X,93.2%,이격과도(눌림),관망(C),"107,080원 ~ 113,820원","107,080","113,820","125,157","130,355",https://stock.naver.com/domestic/stock/271560/price
272450,진에어,일반 주도주,C,+0.17%,NEW (C),C등급 신규 포착,"5,880",1.28%,X,0,1,"-23,151","-2,587",X,X,98.0%,적정(안전),관망(C),"5,944원 ~ 6,003원","5,944","6,003","5,558","5,819",https://stock.naver.com/domestic/stock/272450/price
278470,에이피알,엔터/미디어/소비재,C,--1.64%,NEW (C),C등급 신규 포착,"360,000",38.40%,X,4,0,"48,978","-33,368",X,X,98.1%,적정(안전),관망(C),"364,000원 ~ 366,950원","364,000","366,950","378,317","391,083",https://stock.naver.com/domestic/stock/278470/price
279570,케이뱅크,금융/지주,C,+2.23%,NEW (C),C등급 신규 포착,"5,510",1.60%,X,1,0,"-171,262","-126,137",X,X,99.5%,적정(안전),관망(C),"5,432원 ~ 5,536원","5,432","5,536","5,645","5,820",https://stock.naver.com/domestic/stock/279570/price
280360,롯데웰푸드,일반 주도주,C,0.00%,NEW (C),C등급 신규 포착,"119,400",13.96%,X,1,0,177,"-6,203",X,X,90.9%,이격과도(눌림),관망(C),"121,600원 ~ 131,355원","121,600","131,355","121,745","116,396",https://stock.naver.com/domestic/stock/280360/price
282330,BGF리테일,엔터/미디어/소비재,C,--0.94%,NEW (C),C등급 신규 포착,"126,700",40.19%,X,0,1,213,"-3,799",X,X,91.3%,이격과도(눌림),관망(C),"128,740원 ~ 138,780원","128,740","138,780","136,032","132,342",https://stock.naver.com/domestic/stock/282330/price
294870,IPARK현대산업개발,건설/인프라,C,--2.24%,NEW (C),C등급 신규 포착,"21,850",17.65%,X,0,0,"-94,657","19,666",X,X,93.2%,이격과도(눌림),관망(C),"22,620원 ~ 23,432원","22,620","23,432","21,737","21,459",https://stock.naver.com/domestic/stock/294870/price
298040,효성중공업,전력/에너지/원자력,C,+0.50%,NEW (C),C등급 신규 포착,"2,799,000",27.13%,X,0,0,"-6,599","-7,337",X,X,98.6%,적정(안전),관망(C),"2,800,000원 ~ 2,839,400원","2,800,000","2,839,400","2,774,967","3,178,775",https://stock.naver.com/domestic/stock/298040/price
298380,에이비엘바이오,바이오/헬스케어,C,+2.33%,NEW (C),C등급 신규 포착,"52,600",14.95%,X,0,0,"-48,284","52,528",X,X,90.0%,이격과도(눌림),관망(C),"51,190원 ~ 58,440원","51,190","58,440","70,442","95,106",https://stock.naver.com/domestic/stock/298380/price
300720,한일시멘트,건설/인프라,C,--0.31%,NEW (C),C등급 신규 포착,"16,000",4.47%,X,0,3,"-14,570","14,425",X,X,97.9%,적정(안전),관망(C),"16,096원 ~ 16,338원","16,096","16,338","15,347","15,396",https://stock.naver.com/domestic/stock/300720/price
316140,우리금융지주,금융/지주,C,--0.30%,NEW (C),C등급 신규 포착,"33,400",52.12%,X,0,2,"17,617,215","812,867",X,X,95.2%,이격과도(눌림),관망(C),"34,370원 ~ 35,092원","34,370","35,092","33,387","32,577",https://stock.naver.com/domestic/stock/316140/price
319400,현대무벡스,건설/인프라,C,+0.96%,NEW (C),C등급 신규 포착,"21,000",3.90%,X,0,2,"-367,343","44,530",X,X,97.9%,적정(안전),관망(C),"20,740원 ~ 21,458원","20,740","21,458","22,222","27,559",https://stock.naver.com/domestic/stock/319400/price
323410,카카오뱅크,금융/지주,C,+1.78%,NEW (C),C등급 신규 포착,"20,050",17.14%,X,0,2,"-850,326","-13,470",X,X,96.4%,이격과도(눌림),관망(C),"19,960원 ~ 20,805원","19,960","20,805","21,574","22,380",https://stock.naver.com/domestic/stock/323410/price
326030,SK바이오팜,바이오/헬스케어,C,+1.06%,NEW (C),C등급 신규 포착,"76,600",11.77%,X,0,3,"-41,691","7,325",X,X,97.0%,적정(안전),관망(C),"75,780원 ~ 78,990원","75,780","78,990","81,677","87,888",https://stock.naver.com/domestic/stock/326030/price
329180,HD현대중공업,조선/방산/중공업,C,--1.29%,NEW (C),C등급 신규 포착,"420,500",13.78%,X,1,0,"50,412","-107,748",X,X,93.9%,이격과도(눌림),관망(C),"428,700원 ~ 447,775원","428,700","447,775","466,933","547,738",https://stock.naver.com/domestic/stock/329180/price
334890,이지스밸류플러스리츠,건설/인프라,C,--1.10%,NEW (C),C등급 신규 포착,"3,595",2.15%,X,0,5,"-29,346","38,087",X,X,98.3%,적정(안전),관망(C),"3,643원 ~ 3,658원","3,643","3,658","3,636","3,730",https://stock.naver.com/domestic/stock/334890/price
352820,하이브,IT/소프트웨어/AI,C,+1.09%,NEW (C),C등급 신규 포착,"157,000",17.98%,X,0,0,"-24,884","-28,655",X,X,94.1%,이격과도(눌림),관망(C),"157,040원 ~ 166,785원","157,040","166,785","180,965","205,331",https://stock.naver.com/domestic/stock/352820/price
357120,코람코라이프인프라리츠,건설/인프라,C,--1.69%,NEW (C),C등급 신규 포착,"4,060",1.60%,X,0,1,"6,164","-62,922",X,X,98.3%,적정(안전),관망(C),"4,130원 ~ 4,147원","4,147","4,130","4,160","4,255",https://stock.naver.com/domestic/stock/357120/price
375500,DL이앤씨,전력/에너지/원자력,C,--1.47%,NEW (C),C등급 신규 포착,"73,900",23.75%,X,5,0,"13,027","-79,881",X,X,90.9%,이격과도(눌림),관망(C),"76,480원 ~ 81,310원","76,480","81,310","71,392","76,538",https://stock.naver.com/domestic/stock/375500/price
377190,디앤디플랫폼리츠,건설/인프라,C,+0.05%,NEW (C),C등급 신규 포착,"1,996",2.58%,X,0,2,"-191,143","72,089",X,X,91.8%,이격과도(눌림),관망(C),"2,004원 ~ 2,174원","2,004","2,174","2,120","2,361",https://stock.naver.com/domestic/stock/377190/price
381970,KG모빌리티플랫폼,일반 주도주,C,--0.32%,NEW (C),C등급 신규 포착,"6,300",7.53%,X,1,0,"-16,021","10,950",X,X,98.3%,적정(안전),관망(C),"6,308원 ~ 6,411원","6,308","6,411","6,902","8,229",https://stock.naver.com/domestic/stock/381970/price
394420,리센스메디컬,일반 주도주,C,+0.23%,NEW (C),C등급 신규 포착,"8,780",3.97%,X,0,0,"-20,718","-91,093",X,X,93.2%,이격과도(눌림),관망(C),"9,068원 ~ 9,422원","9,068","9,422","10,767","17,149",https://stock.naver.com/domestic/stock/394420/price
403850,더핑크퐁컴퍼니,엔터/미디어/소비재,C,+2.38%,NEW (C),C등급 신규 포착,"12,450",4.08%,X,0,0,-533,"-1,289",X,X,99.8%,적정(안전),관망(C),"12,344원 ~ 12,474원","12,344","12,474","11,655","12,697",https://stock.naver.com/domestic/stock/403850/price
404990,신한서부티엔디리츠,건설/인프라,C,--1.41%,NEW (C),C등급 신규 포착,"3,835",0.82%,X,4,0,"9,483","-14,609",X,X,99.2%,적정(안전),관망(C),"3,868원 ~ 3,903원","3,903","3,868","3,871","3,958",https://stock.naver.com/domestic/stock/404990/price
415640,KB발해인프라,건설/인프라,C,--0.59%,NEW (C),C등급 신규 포착,"10,040",3.34%,X,0,2,"-31,265",-508,X,X,97.1%,적정(안전),관망(C),"10,048원 ~ 10,336원","10,048","10,336","10,464","10,216",https://stock.naver.com/domestic/stock/415640/price
443060,HD현대마린솔루션,조선/방산/중공업,C,--3.64%,NEW (C),C등급 신규 포착,"225,000",30.43%,X,3,0,"31,258","-20,712",X,X,97.0%,적정(안전),관망(C),"231,950원 ~ 234,100원","234,100","231,950","210,427","219,220",https://stock.naver.com/domestic/stock/443060/price
448730,삼성FN리츠,건설/인프라,C,+0.40%,NEW (C),C등급 신규 포착,"5,050",0.74%,X,0,5,"-20,629","51,662",X,X,98.3%,적정(안전),관망(C),"4,992원 ~ 5,137원","4,992","5,137","5,341","5,515",https://stock.naver.com/domestic/stock/448730/price
453340,현대그린푸드,일반 주도주,C,--1.32%,NEW (C),C등급 신규 포착,"18,660",15.57%,X,1,0,"-15,708","3,155",X,O,98.6%,적정(안전),관망(C),"18,920원 ~ 18,928원","18,928","18,920","18,617","17,835",https://stock.naver.com/domestic/stock/453340/price
462870,시프트업,IT/소프트웨어/AI,C,--0.81%,NEW (C),C등급 신규 포착,"30,750",36.75%,X,0,1,"-10,247",-567,X,X,98.1%,적정(안전),관망(C),"30,970원 ~ 31,335원","30,970","31,335","31,912","32,011",https://stock.naver.com/domestic/stock/462870/price
473980,노머스,엔터/미디어/소비재,C,--0.19%,NEW (C),C등급 신규 포착,"10,250",2.10%,X,5,0,"12,218","-11,930",X,X,95.7%,이격과도(눌림),관망(C),"10,250원 ~ 10,712원","10,250","10,712","10,938","12,883",https://stock.naver.com/domestic/stock/473980/price
475150,SK이터닉스,전력/에너지/원자력,C,+0.80%,NEW (C),C등급 신규 포착,"50,100",4.03%,X,0,0,"-51,410","-59,530",X,X,98.6%,적정(안전),관망(C),"49,880원 ~ 50,800원","49,880","50,800","52,624","50,335",https://stock.naver.com/domestic/stock/475150/price
499790,GS피앤엘,일반 주도주,C,--0.52%,NEW (C),C등급 신규 포착,"37,950",11.00%,X,2,0,"36,697","-51,838",X,X,96.8%,이격과도(눌림),관망(C),"38,460원 ~ 39,215원","38,460","39,215","40,245","43,363",https://stock.naver.com/domestic/stock/499790/price
