종목코드,종목명,섹터,투자등급,등락률,등급변동,변동이유,현재가,외국인보유율,쌍끌이여부,외국인연속매수(일),기관연속매수(일),최근3일외인순매수,최근3일기관순매수,20일선위,정배열여부,20일이격도,과열여부,추세단계,추천매수가,MA5,MA20,MA60,MA120,상세페이지
002960,한국쉘석유,일반 주도주,A+,+0.74%,A+ (유지),기존 등급 유지,"545,000",58.55%,O,3,5,715,617,O,O,106.2%,적정(안전),정배열가속(A+),"513,300원 ~ 526,800원","526,800","513,300","506,708","501,746",https://stock.naver.com/domestic/stock/002960/price
053800,안랩,IT/소프트웨어/AI,A+,--3.22%,B -> A+ (상향),"정배열 달성(5>=20>=60>=120일), 외인/기관 쌍끌이 유입","75,200",28.11%,O,1,1,"-83,091","7,017",O,O,108.3%,상승과열,정배열가속(A+),"69,460원 ~ 79,660원","79,660","69,460","60,802","60,349",https://stock.naver.com/domestic/stock/053800/price
060570,드림어스컴퍼니,일반 주도주,A+,--1.60%,B -> A+ (상향),"정배열 달성(5>=20>=60>=120일), 외인/기관 쌍끌이 유입","4,915",2.16%,O,1,1,-128,-168,O,O,100.5%,적정(안전),정배열가속(A+),"4,888원 ~ 5,018원","5,018","4,888","2,646","1,820",https://stock.naver.com/domestic/stock/060570/price
089860,롯데렌탈,일반 주도주,A+,--0.19%,A+ (유지),기존 등급 유지,"51,200",6.26%,O,2,3,"8,009","21,880",O,O,103.1%,적정(안전),정배열가속(A+),"49,645원 ~ 51,100원","51,100","49,645","44,816","38,108",https://stock.naver.com/domestic/stock/089860/price
192650,드림텍,반도체/소부장,A+,--0.99%,B -> A+ (상향),"정배열 달성(5>=20>=60>=120일), 외인/기관 쌍끌이 유입","9,030",58.74%,O,2,1,"205,762","72,820",O,O,115.5%,단기과열(경계),단기과열 (추격금지),"7,815원 ~ 9,246원","9,246","7,815","5,843","5,737",https://stock.naver.com/domestic/stock/192650/price
236200,슈프리마,일반 주도주,A+,--0.36%,B -> A+ (상향),"정배열 달성(5>=20>=60>=120일), 외인/기관 쌍끌이 유입","54,600",29.82%,O,1,5,"-18,349","2,563",O,O,102.2%,적정(안전),정배열가속(A+),"53,420원 ~ 56,440원","56,440","53,420","53,307","49,978",https://stock.naver.com/domestic/stock/236200/price
281820,케이씨텍,반도체/소부장,A+,+0.16%,A+ (유지),기존 등급 유지,"123,200",14.04%,O,3,4,"77,454","222,481",O,O,147.9%,단기과열(경계),단기과열 (추격금지),"83,295원 ~ 106,680원","106,680","83,295","76,735","75,232",https://stock.naver.com/domestic/stock/281820/price
004490,세방전지,일반 주도주,A,+0.64%,B -> A (상향),"20일선 돌파, 외인/기관 쌍끌이 유입","63,100",23.82%,O,1,1,"27,352","25,091",O,X,103.0%,적정(안전),수급우량(A),"61,265원 ~ 62,840원","62,840","61,265","57,940","58,022",https://stock.naver.com/domestic/stock/004490/price
005070,코스모신소재,2차전지/배터리,A,+0.75%,B -> A (상향),"20일선 돌파, 외인/기관 쌍끌이 유입","46,750",6.32%,O,1,2,"-40,434","-47,192",O,X,109.7%,상승과열,수급우량(A),"42,615원 ~ 46,460원","46,460","42,615","39,127","44,646",https://stock.naver.com/domestic/stock/005070/price
033100,제룡전기,IT/소프트웨어/AI,A,--1.73%,B -> A (상향),"20일선 돌파, 외인/기관 쌍끌이 유입","48,300",6.99%,O,1,2,"15,725","20,325",O,X,101.7%,적정(안전),수급우량(A),"47,485원 ~ 49,310원","49,310","47,485","46,068","52,229",https://stock.naver.com/domestic/stock/033100/price
033640,네패스,IT/소프트웨어/AI,A,+6.26%,B -> A (상향),"20일선 돌파, 외인/기관 쌍끌이 유입","33,100",12.37%,O,4,1,"223,019","33,215",O,X,122.0%,단기과열(경계),단기과열 (추격금지),"27,132원 ~ 32,040원","32,040","27,132","21,609","26,002",https://stock.naver.com/domestic/stock/033640/price
034230,파라다이스,일반 주도주,A,--0.10%,A (유지),기존 등급 유지,"9,800",7.50%,O,3,2,"219,977","161,064",O,X,101.0%,적정(안전),수급우량(A),"9,604원 ~ 9,704원","9,604","9,704","9,933","12,304",https://stock.naver.com/domestic/stock/034230/price
056190,SFA,일반 주도주,A,+0.81%,B -> A (상향),"20일선 돌파, 외인/기관 쌍끌이 유입","31,300",13.06%,O,4,1,"114,688",341,O,X,111.6%,상승과열,수급우량(A),"28,045원 ~ 31,000원","31,000","28,045","24,197","25,908",https://stock.naver.com/domestic/stock/056190/price
058470,리노공업,반도체/소부장,A,+3.05%,B -> A (상향),"20일선 돌파, 외인/기관 쌍끌이 유입","87,800",25.45%,O,1,5,"-894,730","818,448",O,X,119.1%,단기과열(경계),단기과열 (추격금지),"73,700원 ~ 85,440원","85,440","73,700","69,755","85,008",https://stock.naver.com/domestic/stock/058470/price
059090,미코,일반 주도주,A,+6.56%,A (유지),기존 등급 유지,"24,350",23.88%,O,2,5,"209,139","136,186",O,X,113.9%,상승과열,수급우량(A),"21,376원 ~ 23,700원","23,700","21,376","18,258","19,386",https://stock.naver.com/domestic/stock/059090/price
067160,SOOP,IT/소프트웨어/AI,A,+2.47%,C -> A (상향),"20일선 돌파, 외인/기관 쌍끌이 유입","37,300",28.89%,O,1,2,"9,083","5,593",O,X,101.2%,적정(안전),수급우량(A),"36,630원 ~ 36,868원","36,630","36,868","40,928","46,483",https://stock.naver.com/domestic/stock/067160/price
078350,한양디지텍,반도체/소부장,A,+7.01%,A (유지),기존 등급 유지,"38,950",4.91%,O,2,5,"49,410","136,171",O,X,147.3%,단기과열(경계),단기과열 (추격금지),"26,447원 ~ 36,740원","36,740","26,447","22,514","25,457",https://stock.naver.com/domestic/stock/078350/price
080220,제주반도체,IT/소프트웨어/AI,A,+1.53%,B -> A (상향),"20일선 돌파, 외인/기관 쌍끌이 유입","86,000",0.38%,O,1,1,"-430,490","22,164",O,X,109.8%,상승과열,수급우량(A),"78,340원 ~ 89,280원","89,280","78,340","76,408","79,755",https://stock.naver.com/domestic/stock/080220/price
089030,테크윙,반도체/소부장,A,+2.23%,B -> A (상향),"20일선 돌파, 외인/기관 쌍끌이 유입","54,900",21.59%,O,3,1,"80,939","-18,715",O,X,110.7%,상승과열,수급우량(A),"49,598원 ~ 55,700원","55,700","49,598","47,705","51,232",https://stock.naver.com/domestic/stock/089030/price
089890,코세스,일반 주도주,A,--0.15%,B -> A (상향),"20일선 돌파, 외인/기관 쌍끌이 유입","32,850",2.30%,O,3,1,"95,982","-167,906",O,X,111.7%,상승과열,수급우량(A),"29,402원 ~ 34,880원","34,880","29,402","25,240","30,800",https://stock.naver.com/domestic/stock/089890/price
097950,CJ제일제당,일반 주도주,A,+0.05%,A (유지),기존 등급 유지,"182,600",11.79%,O,4,2,"43,633","16,563",O,X,102.1%,적정(안전),수급우량(A),"178,890원 ~ 180,320원","180,320","178,890","185,467","198,538",https://stock.naver.com/domestic/stock/097950/price
098460,고영,반도체/소부장,A,+3.18%,A (유지),기존 등급 유지,"37,350",32.96%,O,5,2,"1,211,565","31,215",O,X,123.6%,단기과열(경계),단기과열 (추격금지),"30,215원 ~ 35,640원","35,640","30,215","28,872","31,677",https://stock.naver.com/domestic/stock/098460/price
102710,이엔에프테크놀로지,일반 주도주,A,--0.40%,B -> A (상향),"20일선 돌파, 외인/기관 쌍끌이 유입","50,000",24.42%,O,5,1,"54,792","-14,918",O,X,111.4%,상승과열,수급우량(A),"44,882원 ~ 49,620원","49,620","44,882","44,148","46,825",https://stock.naver.com/domestic/stock/102710/price
138080,오이솔루션,일반 주도주,A,--2.69%,B -> A (상향),"20일선 돌파, 외인/기관 쌍끌이 유입","30,750",3.37%,O,1,1,"-51,424","61,773",O,X,112.5%,상승과열,수급우량(A),"27,335원 ~ 31,660원","31,660","27,335","23,319","29,670",https://stock.naver.com/domestic/stock/138080/price
161390,한국타이어앤테크놀로지,자동차/모빌리티,A,+1.65%,C -> A (상향),"20일선 돌파, 외인/기관 쌍끌이 유입","61,700",39.55%,O,1,4,"45,655","42,408",O,X,102.6%,적정(안전),수급우량(A),"60,165원 ~ 60,180원","60,180","60,165","65,772","65,146",https://stock.naver.com/domestic/stock/161390/price
170920,엘티씨,일반 주도주,A,--1.21%,B -> A (상향),"20일선 돌파, 외인/기관 쌍끌이 유입","40,900",5.81%,O,3,1,"77,554","-15,312",O,X,109.3%,상승과열,수급우량(A),"37,415원 ~ 42,640원","42,640","37,415","38,989","41,890",https://stock.naver.com/domestic/stock/170920/price
200470,에이팩트,일반 주도주,A,+9.01%,B -> A (상향),"20일선 돌파, 외인/기관 쌍끌이 유입","10,890",4.70%,O,2,1,"363,334","5,601",O,X,136.8%,단기과열(경계),단기과열 (추격금지),"7,960원 ~ 10,308원","10,308","7,960","6,310","7,479",https://stock.naver.com/domestic/stock/200470/price
215200,메가스터디교육,일반 주도주,A,+1.84%,A (유지),기존 등급 유지,"38,700",26.74%,O,5,5,"30,499","15,504",O,X,107.4%,적정(안전),수급우량(A),"36,020원 ~ 37,960원","37,960","36,020","37,379","39,644",https://stock.naver.com/domestic/stock/215200/price
253590,네오셈,반도체/소부장,A,+1.19%,A (유지),기존 등급 유지,"16,130",0.27%,O,2,5,"-136,194","304,525",O,X,122.4%,단기과열(경계),단기과열 (추격금지),"13,173원 ~ 15,668원","15,668","13,173","11,053","12,893",https://stock.naver.com/domestic/stock/253590/price
271940,일진하이솔루스,일반 주도주,A,--1.63%,B -> A (상향),"20일선 돌파, 외인/기관 쌍끌이 유입","11,500",3.36%,O,1,1,427,"-1,135",O,X,101.9%,적정(안전),수급우량(A),"11,291원 ~ 11,620원","11,620","11,291","10,760","12,493",https://stock.naver.com/domestic/stock/271940/price
297090,씨에스베어링,일반 주도주,A,--2.41%,B -> A (상향),"20일선 돌파, 외인/기관 쌍끌이 유입","4,865",2.38%,O,1,1,797,"3,075",O,X,104.2%,적정(안전),수급우량(A),"4,668원 ~ 4,954원","4,954","4,668","4,100","5,014",https://stock.naver.com/domestic/stock/297090/price
310200,애니플러스,일반 주도주,A,--0.24%,B -> A (상향),"20일선 돌파, 외인/기관 쌍끌이 유입","2,095",2.49%,O,1,1,"-18,611","136,924",O,X,103.5%,적정(안전),수급우량(A),"2,024원 ~ 2,152원","2,152","2,024","2,370","2,399",https://stock.naver.com/domestic/stock/310200/price
323280,태성,반도체/소부장,A,+4.69%,B -> A (상향),"20일선 돌파, 외인/기관 쌍끌이 유입","62,500",6.04%,O,1,5,"-111,700","35,339",O,X,122.5%,단기과열(경계),단기과열 (추격금지),"51,020원 ~ 61,280원","61,280","51,020","44,881","51,770",https://stock.naver.com/domestic/stock/323280/price
330590,롯데리츠,건설/인프라,A,--0.48%,A (유지),기존 등급 유지,"4,135",7.33%,O,3,5,"71,437","78,702",O,X,102.4%,적정(안전),수급우량(A),"4,036원 ~ 4,107원","4,107","4,036","3,834","3,913",https://stock.naver.com/domestic/stock/330590/price
356860,티엘비,반도체/소부장,A,+5.17%,B -> A (상향),"20일선 돌파, 외인/기관 쌍끌이 유입","52,900",6.94%,O,5,1,"115,356","45,386",O,X,124.3%,단기과열(경계),단기과열 (추격금지),"42,562원 ~ 50,140원","50,140","42,562","38,858","65,186",https://stock.naver.com/domestic/stock/356860/price
357780,솔브레인,반도체/소부장,A,--0.12%,B -> A (상향),"20일선 돌파, 외인/기관 쌍끌이 유입","413,000",30.15%,O,2,1,"3,437","5,818",O,X,113.3%,상승과열,수급우량(A),"364,400원 ~ 420,000원","420,000","364,400","324,108","362,225",https://stock.naver.com/domestic/stock/357780/price
376300,디어유,엔터/미디어/소비재,A,+3.23%,A (유지),기존 등급 유지,"19,480",3.18%,O,2,2,"6,678","33,971",O,X,108.6%,상승과열,수급우량(A),"17,942원 ~ 18,952원","18,952","17,942","18,991","22,620",https://stock.naver.com/domestic/stock/376300/price
388210,씨엠티엑스,일반 주도주,A,+6.72%,A (유지),기존 등급 유지,"95,300",6.36%,O,2,2,"12,908","11,393",O,X,116.0%,단기과열(경계),단기과열 (추격금지),"82,165원 ~ 93,420원","93,420","82,165","78,908","98,087",https://stock.naver.com/domestic/stock/388210/price
393890,더블유씨피,일반 주도주,A,+10.66%,B -> A (상향),"20일선 돌파, 외인/기관 쌍끌이 유입","11,420",2.49%,O,1,2,"6,925","-17,428",O,X,112.0%,상승과열,수급우량(A),"10,192원 ~ 10,772원","10,772","10,192","8,984","11,722",https://stock.naver.com/domestic/stock/393890/price
403850,더핑크퐁컴퍼니,엔터/미디어/소비재,A,+6.45%,B -> A (상향),"20일선 돌파, 외인/기관 쌍끌이 유입","13,540",4.64%,O,3,1,"61,748","85,974",O,X,108.5%,상승과열,수급우량(A),"12,485원 ~ 12,590원","12,590","12,485","11,735","12,631",https://stock.naver.com/domestic/stock/403850/price
416180,신성에스티,전력/에너지/원자력,A,+2.69%,B -> A (상향),"20일선 돌파, 외인/기관 쌍끌이 유입","28,600",1.58%,O,1,3,"13,876","24,214",O,X,113.9%,상승과열,수급우량(A),"25,102원 ~ 27,170원","27,170","25,102","22,151","26,127",https://stock.naver.com/domestic/stock/416180/price
417840,저스템,반도체/소부장,A,+10.90%,B -> A (상향),"20일선 돌파, 외인/기관 쌍끌이 유입","20,850",9.99%,O,5,1,"461,461",951,O,X,126.8%,단기과열(경계),단기과열 (추격금지),"16,443원 ~ 19,308원","19,308","16,443","13,396","13,685",https://stock.naver.com/domestic/stock/417840/price
440110,파두,반도체/소부장,A,+0.85%,B -> A (상향),"20일선 돌파, 외인/기관 쌍끌이 유입","83,000",25.15%,O,2,1,"-2,071","21,274",O,X,111.2%,상승과열,수급우량(A),"74,650원 ~ 85,600원","85,600","74,650","68,235","79,232",https://stock.naver.com/domestic/stock/440110/price
451800,한화리츠,건설/인프라,A,+2.06%,B -> A (상향),"20일선 돌파, 외인/기관 쌍끌이 유입","5,450",1.02%,O,1,5,"-7,475","49,925",O,X,102.3%,적정(안전),수급우량(A),"5,330원 ~ 5,370원","5,370","5,330","5,195","5,201",https://stock.naver.com/domestic/stock/451800/price
453340,현대그린푸드,일반 주도주,A,+0.63%,B -> A (상향),"20일선 돌파, 외인/기관 쌍끌이 유입","19,110",15.63%,O,4,1,"18,198","-4,440",O,X,100.8%,적정(안전),수급우량(A),"18,932원 ~ 18,960원","18,932","18,960","18,651","17,889",https://stock.naver.com/domestic/stock/453340/price
000080,하이트진로,일반 주도주,B,--0.74%,C -> B (상향),외인/기관 쌍끌이 유입,"14,750",7.59%,O,2,1,"28,044","-11,386",X,X,98.0%,적정(안전),관망(C),"14,788원 ~ 15,046원","14,788","15,046","15,210","15,724",https://stock.naver.com/domestic/stock/000080/price
000240,한국앤컴퍼니,금융/지주,B,+2.54%,A -> B (하향),쌍끌이 매수 중단,"26,200",8.79%,X,0,5,"4,464","55,752",O,X,105.5%,적정(안전),관망(C),"24,822원 ~ 25,460원","25,460","24,822","24,844","24,832",https://stock.naver.com/domestic/stock/000240/price
000250,삼천당제약,바이오/헬스케어,B,+1.04%,B (유지),기존 등급 유지,"243,500",3.33%,X,0,1,"-205,352","30,219",O,X,136.1%,단기과열(경계),단기과열 (추격금지),"178,960원 ~ 227,580원","227,580","178,960","173,238","254,685",https://stock.naver.com/domestic/stock/000250/price
000500,가온전선,전력/에너지/원자력,B,--2.28%,B (유지),기존 등급 유지,"299,500",2.06%,X,0,0,"-135,915",782,O,X,103.3%,적정(안전),관망(C),"289,800원 ~ 317,300원","317,300","289,800","216,243","259,266",https://stock.naver.com/domestic/stock/000500/price
000640,동아쏘시오홀딩스,일반 주도주,B,--1.37%,A+ -> B (하향),쌍끌이 매수 중단,"93,400",17.06%,X,0,2,"1,021","-1,236",O,O,100.2%,적정(안전),관망(C),"93,180원 ~ 94,100원","94,100","93,180","90,047","89,627",https://stock.naver.com/domestic/stock/000640/price
000990,DB하이텍,반도체/소부장,B,+1.56%,B (유지),기존 등급 유지,"136,500",24.64%,X,3,0,"461,792","-566,843",O,X,107.6%,적정(안전),관망(C),"126,910원 ~ 138,720원","138,720","126,910","105,953","129,552",https://stock.naver.com/domestic/stock/000990/price
001120,LX인터내셔널,일반 주도주,B,--1.59%,B (유지),기존 등급 유지,"43,250",25.12%,X,0,5,"-62,752","75,688",O,X,104.0%,적정(안전),관망(C),"41,598원 ~ 43,460원","43,460","41,598","39,065","41,295",https://stock.naver.com/domestic/stock/001120/price
0011A0,액스비스,일반 주도주,B,--5.65%,C -> B (상향),외인/기관 쌍끌이 유입,"10,520",0.86%,O,1,2,"-42,251","-35,472",X,X,88.7%,이격과도(눌림),추세초입(B),"11,424원 ~ 11,866원","11,424","11,866","9,827","14,120",https://stock.naver.com/domestic/stock/0011A0/price
001430,세아베스틸지주,철강/소재/화학,B,+5.55%,C -> B (상향),20일선 돌파,"46,600",5.77%,X,0,1,"-63,370","70,432",O,X,105.0%,적정(안전),관망(C),"44,378원 ~ 46,380원","46,380","44,378","40,246","47,901",https://stock.naver.com/domestic/stock/001430/price
0017J0,세미티에스,일반 주도주,B,+0.89%,B (유지),기존 등급 유지,"3,400",2.56%,X,0,5,"-37,377","338,085",O,X,123.2%,단기과열(경계),단기과열 (추격금지),"2,760원 ~ 3,324원","3,324","2,760","2,854",0,https://stock.naver.com/domestic/stock/0017J0/price
001820,삼화콘덴서,일반 주도주,B,--1.31%,A+ -> B (하향),쌍끌이 매수 중단,"157,600",9.35%,X,0,0,"95,929","-40,478",O,O,109.6%,상승과열,관망(C),"143,760원 ~ 158,740원","158,740","143,760","108,885","105,322",https://stock.naver.com/domestic/stock/001820/price
003160,디아이,반도체/소부장,B,+0.72%,B (유지),기존 등급 유지,"41,850",19.70%,X,0,1,"463,652","-528,032",O,X,119.1%,단기과열(경계),단기과열 (추격금지),"35,138원 ~ 42,080원","42,080","35,138","27,311","28,240",https://stock.naver.com/domestic/stock/003160/price
003280,흥아해운,일반 주도주,B,+0.43%,B (유지),기존 등급 유지,"1,849",3.06%,X,2,0,"100,839","4,431",O,X,101.6%,적정(안전),관망(C),"1,819원 ~ 1,841원","1,841","1,819","1,766","2,051",https://stock.naver.com/domestic/stock/003280/price
003380,하림지주,금융/지주,B,--0.26%,B (유지),기존 등급 유지,"11,440",7.75%,X,1,0,"25,612","-36,659",O,X,102.2%,적정(안전),관망(C),"11,193원 ~ 11,364원","11,364","11,193","10,685","11,146",https://stock.naver.com/domestic/stock/003380/price
003470,유안타증권,금융/지주,B,--0.71%,C -> B (상향),외인/기관 쌍끌이 유입,"4,225",68.45%,O,1,1,"-28,392","-35,358",X,X,93.6%,이격과도(눌림),관망(C),"4,303원 ~ 4,515원","4,303","4,515","4,530","4,906",https://stock.naver.com/domestic/stock/003470/price
003490,대한항공,엔터/미디어/소비재,B,--1.13%,B (유지),기존 등급 유지,"30,500",26.63%,X,4,0,"1,165,076","-1,001,513",O,O,100.5%,적정(안전),관망(C),"30,345원 ~ 30,860원","30,860","30,345","27,887","27,111",https://stock.naver.com/domestic/stock/003490/price
003530,한화투자증권,금융/지주,B,--1.91%,C -> B (상향),외인/기관 쌍끌이 유입,"4,365",6.13%,O,1,1,"-198,941","-114,829",X,X,93.6%,이격과도(눌림),추세초입(B),"4,549원 ~ 4,662원","4,549","4,662","4,579","5,509",https://stock.naver.com/domestic/stock/003530/price
003670,포스코퓨처엠,2차전지/배터리,B,--0.05%,B (유지),기존 등급 유지,"191,300",9.26%,X,1,0,"-64,101","-3,929",O,X,102.9%,적정(안전),관망(C),"185,940원 ~ 191,960원","191,960","185,940","167,092","192,761",https://stock.naver.com/domestic/stock/003670/price
004430,송원산업,일반 주도주,B,--1.36%,A -> B (하향),쌍끌이 매수 중단,"11,600",15.48%,X,4,0,"45,090","21,425",O,X,100.3%,적정(안전),관망(C),"11,534원 ~ 11,570원","11,534","11,570","11,736","11,504",https://stock.naver.com/domestic/stock/004430/price
004800,효성,일반 주도주,B,--2.37%,C -> B (상향),외인/기관 쌍끌이 유입,"148,400",21.55%,O,1,1,"-2,237",-191,X,X,93.2%,이격과도(눌림),추세초입(B),"154,640원 ~ 159,285원","154,640","159,285","156,485","174,774",https://stock.naver.com/domestic/stock/004800/price
005180,빙그레,엔터/미디어/소비재,B,--1.58%,B (유지),기존 등급 유지,"87,200",24.60%,X,4,0,"36,260","-7,096",O,X,101.3%,적정(안전),관망(C),"85,440원 ~ 86,045원","85,440","86,045","79,017","74,812",https://stock.naver.com/domestic/stock/005180/price
005290,동진쎄미켐,철강/소재/화학,B,--0.98%,B (유지),기존 등급 유지,"50,500",12.42%,X,1,0,"-147,284","8,985",O,X,112.3%,상승과열,관망(C),"44,960원 ~ 51,780원","51,780","44,960","42,808","49,704",https://stock.naver.com/domestic/stock/005290/price
005420,코스모화학,2차전지/배터리,B,+1.22%,B (유지),기존 등급 유지,"11,610",4.52%,X,1,0,"-38,863","-9,461",O,X,108.9%,상승과열,관망(C),"10,660원 ~ 11,364원","11,364","10,660","10,187","12,150",https://stock.naver.com/domestic/stock/005420/price
005690,파미셀,바이오/헬스케어,B,--2.07%,B (유지),기존 등급 유지,"12,750",8.72%,X,0,0,"148,608","27,852",O,X,106.8%,적정(안전),관망(C),"11,942원 ~ 12,800원","12,800","11,942","11,294","13,470",https://stock.naver.com/domestic/stock/005690/price
006110,삼아알미늄,철강/소재/화학,B,+14.85%,B (유지),기존 등급 유지,"75,800",38.38%,X,0,1,"-86,931","330,269",O,X,123.0%,단기과열(경계),단기과열 (추격금지),"61,615원 ~ 66,860원","66,860","61,615","52,203","57,745",https://stock.naver.com/domestic/stock/006110/price
006120,SK디스커버리,일반 주도주,B,--2.50%,A+ -> B (하향),쌍끌이 매수 중단,"70,100",14.20%,X,0,2,"35,983","24,235",O,O,115.0%,단기과열(경계),단기과열 (추격금지),"60,980원 ~ 68,300원","68,300","60,980","55,096","53,671",https://stock.naver.com/domestic/stock/006120/price
006280,녹십자,바이오/헬스케어,B,--1.92%,A -> B (하향),쌍끌이 매수 중단,"128,000",23.74%,X,0,2,"-6,432","2,575",O,X,101.7%,적정(안전),관망(C),"125,825원 ~ 128,300원","128,300","125,825","124,707","128,998",https://stock.naver.com/domestic/stock/006280/price
006360,GS건설,건설/인프라,B,--3.20%,C -> B (상향),외인/기관 쌍끌이 유입,"31,800",20.46%,O,1,2,"288,183","-184,016",X,X,89.8%,이격과도(눌림),추세초입(B),"32,780원 ~ 35,418원","32,780","35,418","32,825","32,488",https://stock.naver.com/domestic/stock/006360/price
006400,삼성SDI,2차전지/배터리,B,+0.89%,A -> B (하향),쌍끌이 매수 중단,"567,000",25.91%,X,0,5,"163,640","237,980",O,X,104.8%,적정(안전),관망(C),"540,900원 ~ 549,400원","549,400","540,900","493,000","531,179",https://stock.naver.com/domestic/stock/006400/price
006730,서부T&D,일반 주도주,B,0.00%,B (유지),기존 등급 유지,"11,820",16.35%,X,0,0,"-35,814","92,621",O,X,105.7%,적정(안전),관망(C),"11,179원 ~ 11,546원","11,546","11,179","10,711","11,355",https://stock.naver.com/domestic/stock/006730/price
007340,DN오토모티브,자동차/모빌리티,B,--1.22%,B (유지),기존 등급 유지,"48,450",5.82%,X,0,1,"27,651","-5,832",O,O,101.2%,적정(안전),관망(C),"47,868원 ~ 49,400원","49,400","47,868","45,500","43,770",https://stock.naver.com/domestic/stock/007340/price
007660,이수페타시스,반도체/소부장,B,+2.46%,B (유지),기존 등급 유지,"125,000",17.02%,X,1,0,"775,628","-637,298",O,X,109.3%,상승과열,관망(C),"114,320원 ~ 124,660원","124,660","114,320","101,180","113,777",https://stock.naver.com/domestic/stock/007660/price
007810,코리아써키트,반도체/소부장,B,--1.47%,B (유지),기존 등급 유지,"87,100",5.13%,X,0,0,"-71,997","60,027",O,X,135.1%,단기과열(경계),단기과열 (추격금지),"64,488원 ~ 84,940원","84,940","64,488","60,605","80,548",https://stock.naver.com/domestic/stock/007810/price
008730,율촌화학,철강/소재/화학,B,--1.65%,B (유지),기존 등급 유지,"15,520",5.51%,X,0,5,"-15,490","8,445",O,X,102.1%,적정(안전),관망(C),"15,200원 ~ 15,338원","15,338","15,200","14,806","17,776",https://stock.naver.com/domestic/stock/008730/price
0088M0,메쥬,일반 주도주,B,+1.34%,B (유지),기존 등급 유지,"15,140",3.63%,X,0,3,"-74,568","25,875",O,X,114.2%,상승과열,관망(C),"13,263원 ~ 14,864원","14,864","13,263","13,001","19,620",https://stock.naver.com/domestic/stock/0088M0/price
009150,삼성전기,IT/소프트웨어/AI,B,--2.81%,B (유지),기존 등급 유지,"1,559,000",37.66%,X,0,0,"-4,746","-106,087",O,X,106.4%,적정(안전),관망(C),"1,464,750원 ~ 1,596,200원","1,596,200","1,464,750","1,371,967","1,397,192",https://stock.naver.com/domestic/stock/009150/price
009155,삼성전기우,일반 주도주,B,--2.46%,B (유지),기존 등급 유지,"515,000",29.20%,X,5,0,"10,654",836,O,X,101.1%,적정(안전),관망(C),"509,475원 ~ 526,800원","526,800","509,475","483,758","501,271",https://stock.naver.com/domestic/stock/009155/price
009290,광동제약,바이오/헬스케어,B,--0.87%,B (유지),기존 등급 유지,"6,840",15.71%,X,0,0,"-38,856",-342,O,X,105.6%,적정(안전),관망(C),"6,476원 ~ 6,772원","6,772","6,476","6,282","6,654",https://stock.naver.com/domestic/stock/009290/price
009520,포스코엠텍,철강/소재/화학,B,--0.61%,B (유지),기존 등급 유지,"13,120",7.24%,X,0,2,544,"28,904",O,X,102.9%,적정(안전),관망(C),"12,747원 ~ 13,172원","13,172","12,747","11,916","14,187",https://stock.naver.com/domestic/stock/009520/price
009830,한화솔루션,전력/에너지/원자력,B,--1.24%,B (유지),기존 등급 유지,"35,700",13.22%,X,1,0,"523,364","275,243",O,X,113.8%,상승과열,관망(C),"31,365원 ~ 35,850원","35,850","31,365","30,909","35,766",https://stock.naver.com/domestic/stock/009830/price
009970,영원무역홀딩스,일반 주도주,B,--0.70%,A -> B (하향),쌍끌이 매수 중단,"169,700",23.10%,X,0,2,384,"2,749",O,X,101.4%,적정(안전),관망(C),"165,520원 ~ 167,280원","165,520","167,280","179,525","186,334",https://stock.naver.com/domestic/stock/009970/price
010060,OCI홀딩스,전력/에너지/원자력,B,--2.50%,B (유지),기존 등급 유지,"234,000",15.40%,X,0,5,"-96,273","90,604",O,X,108.0%,상승과열,관망(C),"216,585원 ~ 234,800원","234,800","216,585","230,220","258,452",https://stock.naver.com/domestic/stock/010060/price
010170,대한광통신,건설/인프라,B,--5.41%,B (유지),기존 등급 유지,"16,970",3.49%,X,0,0,"-413,341","-253,380",O,X,102.8%,적정(안전),관망(C),"16,508원 ~ 17,686원","17,686","16,508","13,328","15,729",https://stock.naver.com/domestic/stock/010170/price
010950,S-Oil,전력/에너지/원자력,B,--0.94%,B (유지),기존 등급 유지,"169,000",79.82%,X,0,4,"-107,929","191,008",O,O,107.7%,적정(안전),관망(C),"156,895원 ~ 164,200원","164,200","156,895","146,050","129,808",https://stock.naver.com/domestic/stock/010950/price
011070,LG이노텍,IT/소프트웨어/AI,B,--3.21%,B (유지),기존 등급 유지,"572,000",26.87%,X,0,3,"-50,193","110,928",O,X,103.3%,적정(안전),관망(C),"553,500원 ~ 594,000원","594,000","553,500","578,950","712,212",https://stock.naver.com/domestic/stock/011070/price
011790,SKC,2차전지/배터리,B,--0.65%,A -> B (하향),쌍끌이 매수 중단,"107,500",10.65%,X,0,5,"-37,668","192,486",O,X,114.2%,상승과열,관망(C),"94,125원 ~ 107,800원","107,800","94,125","86,950","106,382",https://stock.naver.com/domestic/stock/011790/price
012750,에스원,일반 주도주,B,+0.12%,B (유지),기존 등급 유지,"83,900",55.71%,X,1,0,"-7,217","17,850",O,O,101.0%,적정(안전),관망(C),"83,065원 ~ 83,900원","83,900","83,065","78,185","77,352",https://stock.naver.com/domestic/stock/012750/price
014620,성광벤드,조선/방산/중공업,B,--1.87%,C -> B (상향),외인/기관 쌍끌이 유입,"28,850",33.12%,O,1,2,"-8,701","36,113",X,X,90.1%,이격과도(눌림),추세초입(B),"30,050원 ~ 32,018원","30,050","32,018","28,733","31,601",https://stock.naver.com/domestic/stock/014620/price
014680,한솔케미칼,반도체/소부장,B,--0.93%,B (유지),기존 등급 유지,"266,500",42.10%,X,0,1,"-2,217","17,224",O,X,115.0%,단기과열(경계),단기과열 (추격금지),"231,825원 ~ 272,400원","272,400","231,825","222,028","251,927",https://stock.naver.com/domestic/stock/014680/price
014820,동원시스템즈,철강/소재/화학,B,+2.08%,B (유지),기존 등급 유지,"22,100",13.72%,X,0,1,"4,752","3,180",O,X,103.5%,적정(안전),관망(C),"21,348원 ~ 21,670원","21,670","21,348","21,077","21,999",https://stock.naver.com/domestic/stock/014820/price
018670,SK가스,일반 주도주,B,--0.37%,A -> B (하향),쌍끌이 매수 중단,"269,500",5.74%,X,0,3,"6,948","21,005",O,X,109.7%,상승과열,관망(C),"245,725원 ~ 255,100원","255,100","245,725","235,067","236,546",https://stock.naver.com/domestic/stock/018670/price
018880,한온시스템,자동차/모빌리티,B,+4.28%,B (유지),기존 등급 유지,"4,020",5.75%,X,0,5,"-2,229,752","6,261,218",O,X,114.4%,상승과열,관망(C),"3,514원 ~ 3,862원","3,862","3,514","3,520","4,003",https://stock.naver.com/domestic/stock/018880/price
020150,롯데에너지머티리얼즈,2차전지/배터리,B,+3.35%,B (유지),기존 등급 유지,"55,500",7.12%,X,0,4,"-326,665","485,720",O,X,128.1%,단기과열(경계),단기과열 (추격금지),"43,328원 ~ 51,410원","51,410","43,328","35,914","45,580",https://stock.naver.com/domestic/stock/020150/price
020560,아시아나항공,일반 주도주,B,--0.49%,A+ -> B (하향),쌍끌이 매수 중단,"8,200",3.95%,X,2,0,"45,957","-1,201",O,O,101.4%,적정(안전),관망(C),"8,084원 ~ 8,256원","8,256","8,084","7,484","7,359",https://stock.naver.com/domestic/stock/020560/price
021240,코웨이,일반 주도주,B,--1.86%,B (유지),기존 등급 유지,"100,300",54.21%,O,3,1,"32,843","-28,988",X,O,99.7%,적정(안전),추세초입(B),"100,595원 ~ 100,640원","100,640","100,595","96,912","93,061",https://stock.naver.com/domestic/stock/021240/price
023160,태광,조선/방산/중공업,B,--1.87%,C -> B (상향),외인/기관 쌍끌이 유입,"26,200",16.16%,O,2,1,"-1,426","-71,499",X,X,96.0%,이격과도(눌림),추세초입(B),"27,295원 ~ 27,320원","27,320","27,295","24,477","29,588",https://stock.naver.com/domestic/stock/023160/price
026960,동서,일반 주도주,B,--0.57%,B (유지),기존 등급 유지,"26,300",3.72%,X,1,0,"-48,750","-19,415",O,O,101.9%,적정(안전),관망(C),"25,818원 ~ 26,590원","26,590","25,818","25,794","25,573",https://stock.naver.com/domestic/stock/026960/price
028300,HLB,바이오/헬스케어,B,+0.22%,B (유지),기존 등급 유지,"46,000",13.30%,X,0,0,"-274,560","62,414",O,X,128.1%,단기과열(경계),단기과열 (추격금지),"35,922원 ~ 43,950원","43,950","35,922","35,247","44,472",https://stock.naver.com/domestic/stock/028300/price
028670,팬오션,조선/방산/중공업,B,--1.93%,A+ -> B (하향),쌍끌이 매수 중단,"6,090",17.47%,X,2,0,"-162,820","-330,762",O,O,103.2%,적정(안전),관망(C),"5,904원 ~ 6,084원","6,084","5,904","5,678","5,535",https://stock.naver.com/domestic/stock/028670/price
030000,제일기획,일반 주도주,B,--0.74%,B (유지),기존 등급 유지,"18,820",17.80%,X,2,0,"297,625","-312,377",O,X,102.5%,적정(안전),관망(C),"18,354원 ~ 18,786원","18,786","18,354","18,724","18,932",https://stock.naver.com/domestic/stock/030000/price
030190,NICE평가정보,IT/소프트웨어/AI,B,--1.31%,B (유지),기존 등급 유지,"16,630",32.58%,X,1,0,"-11,570","36,381",O,O,103.9%,적정(안전),관망(C),"16,012원 ~ 16,422원","16,422","16,012","15,302","14,905",https://stock.naver.com/domestic/stock/030190/price
030520,한컴,IT/소프트웨어/AI,B,--1.20%,B (유지),기존 등급 유지,"17,320",3.95%,X,0,0,"-208,849","-10,825",O,X,100.7%,적정(안전),관망(C),"17,207원 ~ 17,572원","17,572","17,207","17,312","18,451",https://stock.naver.com/domestic/stock/030520/price
031980,피에스케이홀딩스,반도체/소부장,B,+2.70%,A+ -> B (하향),쌍끌이 매수 중단,"209,500",7.06%,X,0,2,"25,266","30,379",O,O,121.9%,단기과열(경계),단기과열 (추격금지),"171,930원 ~ 199,340원","199,340","171,930","135,213","129,864",https://stock.naver.com/domestic/stock/031980/price
032500,케이엠더블유,건설/인프라,B,--1.00%,B (유지),기존 등급 유지,"19,800",5.29%,X,0,0,"-51,937",585,O,X,108.1%,상승과열,관망(C),"18,322원 ~ 20,334원","20,334","18,322","16,380","22,162",https://stock.naver.com/domestic/stock/032500/price
033160,엠케이전자,일반 주도주,B,--2.67%,B (유지),기존 등급 유지,"19,710",9.12%,X,0,2,"-946,713","102,143",O,X,124.7%,단기과열(경계),단기과열 (추격금지),"15,803원 ~ 19,626원","19,626","15,803","15,466","20,460",https://stock.naver.com/domestic/stock/033160/price
033780,KT&G,전력/에너지/원자력,B,--1.28%,A -> B (하향),쌍끌이 매수 중단,"177,300",51.20%,X,2,0,"43,951","-33,377",O,X,102.0%,적정(안전),관망(C),"173,755원 ~ 176,760원","176,760","173,755","176,022","176,912",https://stock.naver.com/domestic/stock/033780/price
033790,피노,일반 주도주,B,+16.40%,B (유지),기존 등급 유지,"11,500",37.28%,X,0,1,"-268,686","545,583",O,X,135.9%,단기과열(경계),단기과열 (추격금지),"8,462원 ~ 10,156원","10,156","8,462","6,994","8,871",https://stock.naver.com/domestic/stock/033790/price
035890,서희건설,일반 주도주,B,--1.86%,C -> B (상향),외인/기관 쌍끌이 유입,"2,105",4.02%,O,1,1,"50,110","-29,484",X,X,92.2%,이격과도(눌림),추세초입(B),"2,180원 ~ 2,284원","2,180","2,284","2,150","2,130",https://stock.naver.com/domestic/stock/035890/price
035900,JYP Ent.,엔터/미디어/소비재,B,+0.91%,B (유지),기존 등급 유지,"38,900",12.95%,X,0,3,"-65,169","131,944",O,X,101.0%,적정(안전),관망(C),"38,200원 ~ 38,530원","38,200","38,530","41,692","49,582",https://stock.naver.com/domestic/stock/035900/price
036460,한국가스공사,일반 주도주,B,--1.92%,B (유지),기존 등급 유지,"35,700",13.39%,O,5,1,"56,909","-2,636",X,X,99.5%,적정(안전),추세초입(B),"35,770원 ~ 35,880원","35,770","35,880","35,339","35,534",https://stock.naver.com/domestic/stock/036460/price
036540,SFA반도체,IT/소프트웨어/AI,B,+2.12%,B (유지),기존 등급 유지,"11,580",14.71%,X,2,0,"814,790","-951,705",O,X,121.6%,단기과열(경계),단기과열 (추격금지),"9,524원 ~ 11,424원","11,424","9,524","6,822","7,152",https://stock.naver.com/domestic/stock/036540/price
036570,NC,IT/소프트웨어/AI,B,--6.11%,A -> B (하향),쌍끌이 매수 중단,"223,000",37.83%,X,0,0,"-92,828","31,025",O,X,103.7%,적정(안전),관망(C),"215,125원 ~ 232,000원","232,000","215,125","224,808","244,529",https://stock.naver.com/domestic/stock/036570/price
036930,주성엔지니어링,반도체/소부장,B,+6.46%,B (유지),기존 등급 유지,"263,500",10.37%,X,1,0,"627,762","-166,204",O,O,119.6%,단기과열(경계),단기과열 (추격금지),"220,235원 ~ 255,600원","255,600","220,235","182,083","175,745",https://stock.naver.com/domestic/stock/036930/price
037460,삼지전자,일반 주도주,B,--0.64%,B (유지),기존 등급 유지,"31,050",6.03%,X,0,1,"-7,165",-531,O,X,100.4%,적정(안전),관망(C),"30,938원 ~ 32,060원","32,060","30,938","32,552","35,558",https://stock.naver.com/domestic/stock/037460/price
039030,이오테크닉스,반도체/소부장,B,+0.19%,B (유지),기존 등급 유지,"519,000",25.71%,X,2,0,"114,999","-96,045",O,X,107.1%,적정(안전),관망(C),"484,450원 ~ 535,800원","535,800","484,450","401,500","437,283",https://stock.naver.com/domestic/stock/039030/price
039200,오스코텍,바이오/헬스케어,B,--5.29%,B (유지),기존 등급 유지,"37,600",12.23%,X,0,3,"-82,997","150,086",O,X,104.0%,적정(안전),관망(C),"36,165원 ~ 38,220원","38,220","36,165","34,720","39,174",https://stock.naver.com/domestic/stock/039200/price
041190,우리기술투자,IT/소프트웨어/AI,B,--1.81%,A -> B (하향),쌍끌이 매수 중단,"5,970",0.98%,X,2,0,"-44,439","-18,209",O,X,102.5%,적정(안전),관망(C),"5,824원 ~ 6,134원","6,134","5,824","5,284","5,571",https://stock.naver.com/domestic/stock/041190/price
042000,카페24,IT/소프트웨어/AI,B,--1.33%,B (유지),기존 등급 유지,"22,250",17.34%,X,0,5,"-51,289","88,956",O,X,125.9%,단기과열(경계),단기과열 (추격금지),"17,668원 ~ 21,870원","21,870","17,668","17,165","19,409",https://stock.naver.com/domestic/stock/042000/price
042520,한스바이오메드,바이오/헬스케어,B,--9.51%,B (유지),기존 등급 유지,"20,450",6.28%,X,0,0,"-46,088","5,438",O,X,102.8%,적정(안전),관망(C),"19,900원 ~ 21,880원","21,880","19,900","20,361","23,928",https://stock.naver.com/domestic/stock/042520/price
042700,한미반도체,반도체/소부장,B,--0.57%,B (유지),기존 등급 유지,"263,000",7.91%,X,0,0,"-40,464","-67,968",O,X,106.7%,적정(안전),관망(C),"246,550원 ~ 269,200원","269,200","246,550","224,892","264,798",https://stock.naver.com/domestic/stock/042700/price
043260,성호전자,일반 주도주,B,--0.31%,B (유지),기존 등급 유지,"32,550",2.36%,X,0,0,"-371,777","-74,455",O,X,133.8%,단기과열(경계),단기과열 (추격금지),"24,326원 ~ 31,290원","31,290","24,326","19,889","29,907",https://stock.naver.com/domestic/stock/043260/price
044450,KSS해운,일반 주도주,B,+1.39%,B (유지),기존 등급 유지,"12,400",8.87%,X,4,0,"45,922","-6,091",O,X,111.8%,상승과열,관망(C),"11,095원 ~ 12,126원","12,126","11,095","10,326","10,543",https://stock.naver.com/domestic/stock/044450/price
046970,우리로,일반 주도주,B,+1.22%,B (유지),기존 등급 유지,"8,320",1.27%,X,0,0,"-266,426","3,682",O,X,111.5%,상승과열,관망(C),"7,461원 ~ 8,182원","8,182","7,461","5,496","6,722",https://stock.naver.com/domestic/stock/046970/price
047050,포스코인터내셔널,반도체/소부장,B,--0.70%,A -> B (하향),쌍끌이 매수 중단,"56,800",6.28%,X,0,5,"40,618","127,925",O,X,100.3%,적정(안전),관망(C),"56,620원 ~ 56,660원","56,660","56,620","54,258","59,882",https://stock.naver.com/domestic/stock/047050/price
050890,쏠리드,일반 주도주,B,--3.37%,B (유지),기존 등급 유지,"9,760",14.55%,X,1,0,"-601,790","10,471",O,X,103.8%,적정(안전),관망(C),"9,405원 ~ 10,236원","10,236","9,405","9,313","11,937",https://stock.naver.com/domestic/stock/050890/price
051910,LG화학,2차전지/배터리,B,+1.62%,A -> B (하향),쌍끌이 매수 중단,"281,500",36.48%,X,0,5,"4,251","139,117",O,X,105.4%,적정(안전),관망(C),"267,175원 ~ 270,200원","270,200","267,175","265,558","306,558",https://stock.naver.com/domestic/stock/051910/price
051915,LG화학우,철강/소재/화학,B,+1.88%,B (유지),기존 등급 유지,"124,700",45.93%,X,0,1,"-23,704","17,460",O,X,104.2%,적정(안전),관망(C),"119,680원 ~ 119,705원","119,680","119,705","121,100","142,198",https://stock.naver.com/domestic/stock/051915/price
060280,큐렉소,반도체/소부장,B,--1.15%,B (유지),기존 등급 유지,"8,580",4.86%,X,2,0,"-13,913","-93,584",O,X,104.6%,적정(안전),관망(C),"8,203원 ~ 8,726원","8,726","8,203","8,432","10,441",https://stock.naver.com/domestic/stock/060280/price
062040,산일전기,전력/에너지/원자력,B,--4.10%,B (유지),기존 등급 유지,"222,000",16.71%,X,0,5,"-152,573","86,829",O,X,106.6%,적정(안전),관망(C),"208,290원 ~ 225,400원","225,400","208,290","184,530","212,241",https://stock.naver.com/domestic/stock/062040/price
064290,인텍플러스,반도체/소부장,B,+3.59%,B (유지),기존 등급 유지,"60,600",6.08%,X,5,0,"101,930","-61,387",O,O,116.4%,단기과열(경계),단기과열 (추격금지),"52,078원 ~ 59,320원","59,320","52,078","39,638","37,868",https://stock.naver.com/domestic/stock/064290/price
064350,현대로템,조선/방산/중공업,B,--2.87%,C -> B (상향),외인/기관 쌍끌이 유입,"104,800",38.97%,O,2,1,"-101,227","-78,613",X,X,88.7%,이격과도(눌림),관망(C),"110,660원 ~ 118,100원","110,660","118,100","134,215","171,309",https://stock.naver.com/domestic/stock/064350/price
064760,티씨케이,반도체/소부장,B,+2.81%,B (유지),기존 등급 유지,"293,000",65.39%,X,4,0,"62,814","-48,496",O,X,105.3%,적정(안전),관망(C),"278,375원 ~ 296,100원","296,100","278,375","235,115","256,758",https://stock.naver.com/domestic/stock/064760/price
064850,에프앤가이드,일반 주도주,B,--0.49%,A -> B (하향),쌍끌이 매수 중단,"20,350",9.77%,X,0,2,"4,547","27,341",O,X,107.0%,적정(안전),관망(C),"19,016원 ~ 20,700원","20,700","19,016","18,377","22,585",https://stock.naver.com/domestic/stock/064850/price
066970,엘앤에프,2차전지/배터리,B,--1.70%,B (유지),기존 등급 유지,"115,600",16.48%,X,0,0,"-90,291","105,277",O,X,100.7%,적정(안전),관망(C),"114,825원 ~ 116,740원","116,740","114,825","104,620","128,882",https://stock.naver.com/domestic/stock/066970/price
067310,하나마이크론,반도체/소부장,B,--0.99%,B (유지),기존 등급 유지,"50,200",21.09%,X,5,0,"671,878","-361,695",O,X,117.6%,단기과열(경계),단기과열 (추격금지),"42,670원 ~ 51,190원","51,190","42,670","37,390","40,576",https://stock.naver.com/domestic/stock/067310/price
069080,웹젠,일반 주도주,B,--1.65%,B (유지),기존 등급 유지,"11,910",28.89%,X,0,0,"-55,963",-434,O,X,104.3%,적정(안전),관망(C),"11,422원 ~ 11,882원","11,882","11,422","11,538","11,502",https://stock.naver.com/domestic/stock/069080/price
069960,현대백화점,엔터/미디어/소비재,B,--1.50%,C -> B (상향),외인/기관 쌍끌이 유입,"85,500",25.30%,O,4,1,"45,298","-26,708",X,X,90.2%,이격과도(눌림),관망(C),"87,460원 ~ 94,770원","87,460","94,770","107,940","123,308",https://stock.naver.com/domestic/stock/069960/price
071320,지역난방공사,일반 주도주,B,--2.41%,B (유지),기존 등급 유지,"77,100",2.70%,X,0,0,"-1,656","-5,085",O,O,100.2%,적정(안전),관망(C),"76,925원 ~ 78,600원","78,600","76,925","72,105","71,935",https://stock.naver.com/domestic/stock/071320/price
078340,컴투스,IT/소프트웨어/AI,B,--3.12%,B (유지),기존 등급 유지,"35,750",13.46%,X,2,0,"-4,579","-9,103",O,O,101.8%,적정(안전),관망(C),"35,108원 ~ 37,010원","37,010","35,108","31,880","30,187",https://stock.naver.com/domestic/stock/078340/price
078600,대주전자재료,2차전지/배터리,B,+2.59%,B (유지),기존 등급 유지,"114,900",13.74%,X,0,5,"-169,227","87,363",O,X,123.7%,단기과열(경계),단기과열 (추격금지),"92,855원 ~ 108,900원","108,900","92,855","86,268","107,520",https://stock.naver.com/domestic/stock/078600/price
080580,오킨스전자,반도체/소부장,B,--1.95%,B (유지),기존 등급 유지,"27,600",9.00%,X,2,0,"-75,248","-28,176",O,X,115.7%,단기과열(경계),단기과열 (추격금지),"23,864원 ~ 27,830원","27,830","23,864","17,995","18,747",https://stock.naver.com/domestic/stock/080580/price
084370,유진테크,반도체/소부장,B,+1.60%,B (유지),기존 등급 유지,"171,700",35.23%,X,0,1,"-10,198",-928,O,X,112.5%,상승과열,관망(C),"152,680원 ~ 176,580원","176,580","152,680","136,482","141,838",https://stock.naver.com/domestic/stock/084370/price
085620,미래에셋생명,금융/지주,B,--10.15%,A+ -> B (하향),쌍끌이 매수 중단,"20,350",0.66%,X,0,0,"-24,429","6,145",O,O,103.1%,적정(안전),관망(C),"19,738원 ~ 20,428원","20,428","19,738","19,415","19,282",https://stock.naver.com/domestic/stock/085620/price
085660,차바이오텍,바이오/헬스케어,B,--4.67%,B (유지),기존 등급 유지,"8,160",7.32%,X,0,0,"-66,517","4,348",O,X,100.1%,적정(안전),관망(C),"8,154원 ~ 8,514원","8,514","8,154","8,579","11,237",https://stock.naver.com/domestic/stock/085660/price
086520,에코프로,2차전지/배터리,B,--0.76%,B (유지),기존 등급 유지,"91,200",19.56%,X,0,1,"140,723","117,902",O,X,108.3%,상승과열,관망(C),"84,175원 ~ 90,400원","90,400","84,175","83,693","106,020",https://stock.naver.com/domestic/stock/086520/price
089970,브이엠,반도체/소부장,B,+3.57%,B (유지),기존 등급 유지,"66,800",9.96%,X,0,1,"-225,625","78,624",O,X,115.5%,단기과열(경계),단기과열 (추격금지),"57,832원 ~ 68,040원","68,040","57,832","66,092","68,794",https://stock.naver.com/domestic/stock/089970/price
091580,상신이디피,2차전지/배터리,B,+3.05%,B (유지),기존 등급 유지,"25,300",4.45%,X,0,5,"32,360","57,786",O,X,115.0%,단기과열(경계),단기과열 (추격금지),"22,002원 ~ 23,770원","23,770","22,002","18,539","19,817",https://stock.naver.com/domestic/stock/091580/price
092870,엑시콘,반도체/소부장,B,0.00%,B (유지),기존 등급 유지,"52,900",9.68%,X,5,0,"88,767","-39,129",O,X,131.9%,단기과열(경계),단기과열 (추격금지),"40,092원 ~ 53,160원","53,160","40,092","26,392","27,462",https://stock.naver.com/domestic/stock/092870/price
093370,후성,반도체/소부장,B,--1.57%,B (유지),기존 등급 유지,"15,030",9.96%,X,0,0,"-632,808","-526,893",O,X,104.1%,적정(안전),관망(C),"14,434원 ~ 15,692원","15,692","14,434","12,329","13,201",https://stock.naver.com/domestic/stock/093370/price
094800,맵스리얼티,건설/인프라,B,--0.40%,B (유지),기존 등급 유지,"7,470",3.86%,O,5,5,"33,509","27,944",X,O,97.8%,적정(안전),추세초입(B),"7,637원 ~ 7,692원","7,692","7,637","6,937","6,515",https://stock.naver.com/domestic/stock/094800/price
095340,ISC,반도체/소부장,B,--1.23%,B (유지),기존 등급 유지,"200,000",26.91%,X,0,0,"20,608","-72,222",O,X,100.7%,적정(안전),관망(C),"198,570원 ~ 208,500원","208,500","198,570","166,480","187,858",https://stock.naver.com/domestic/stock/095340/price
095610,테스,반도체/소부장,B,+0.12%,B (유지),기존 등급 유지,"163,300",8.30%,X,2,0,"108,480","-303,748",O,O,105.4%,적정(안전),관망(C),"154,925원 ~ 172,780원","172,780","154,925","149,435","139,822",https://stock.naver.com/domestic/stock/095610/price
096530,씨젠,바이오/헬스케어,B,--2.44%,A+ -> B (하향),쌍끌이 매수 중단,"37,950",23.77%,X,5,0,"228,687","83,823",O,O,111.2%,상승과열,관망(C),"34,125원 ~ 37,680원","37,680","34,125","31,192","29,558",https://stock.naver.com/domestic/stock/096530/price
096770,SK이노베이션,2차전지/배터리,B,+1.19%,A+ -> B (하향),쌍끌이 매수 중단,"161,500",16.54%,X,0,4,"-54,423","685,994",O,O,110.1%,상승과열,관망(C),"146,690원 ~ 154,020원","154,020","146,690","129,242","123,003",https://stock.naver.com/domestic/stock/096770/price
103590,일진전기,전력/에너지/원자력,B,--6.82%,B (유지),기존 등급 유지,"82,000",8.83%,X,0,5,"-228,545","262,136",O,X,106.2%,적정(안전),관망(C),"77,200원 ~ 85,260원","85,260","77,200","68,395","81,791",https://stock.naver.com/domestic/stock/103590/price
107640,한중엔시에스,2차전지/배터리,B,+0.64%,A -> B (하향),쌍끌이 매수 중단,"47,350",2.47%,X,0,3,"51,287","141,362",O,X,112.0%,상승과열,관망(C),"42,268원 ~ 44,830원","44,830","42,268","36,667","43,237",https://stock.naver.com/domestic/stock/107640/price
112040,위메이드,IT/소프트웨어/AI,B,--2.33%,B (유지),기존 등급 유지,"15,480",7.30%,X,0,1,"2,113",898,O,X,100.5%,적정(안전),관망(C),"15,396원 ~ 15,678원","15,678","15,396","15,777","17,961",https://stock.naver.com/domestic/stock/112040/price
112610,씨에스윈드,전력/에너지/원자력,B,--3.15%,B (유지),기존 등급 유지,"55,400",16.08%,X,0,5,"-142,085","278,349",O,X,105.8%,적정(안전),관망(C),"52,388원 ~ 55,880원","55,880","52,388","46,448","49,509",https://stock.naver.com/domestic/stock/112610/price
121600,나노신소재,2차전지/배터리,B,+0.96%,B (유지),기존 등급 유지,"63,200",5.76%,X,0,5,"-19,111","95,183",O,X,117.6%,단기과열(경계),단기과열 (추격금지),"53,748원 ~ 61,360원","61,360","53,748","48,364","57,228",https://stock.naver.com/domestic/stock/121600/price
123330,제닉,엔터/미디어/소비재,B,--0.45%,C -> B (상향),외인/기관 쌍끌이 유입,"21,900",4.88%,O,1,1,"7,406","-15,253",X,X,90.3%,이격과도(눌림),관망(C),"22,020원 ~ 24,255원","22,020","24,255","26,930","25,641",https://stock.naver.com/domestic/stock/123330/price
126340,비나텍,전력/에너지/원자력,B,--7.29%,B (유지),기존 등급 유지,"87,800",7.07%,X,0,0,"-18,400","-37,991",O,X,108.9%,상승과열,관망(C),"80,650원 ~ 93,380원","93,380","80,650","69,136","99,215",https://stock.naver.com/domestic/stock/126340/price
131290,티에스이,반도체/소부장,B,--2.22%,B (유지),기존 등급 유지,"309,000",9.65%,X,0,0,"6,822","-8,416",O,O,111.4%,상승과열,관망(C),"277,375원 ~ 304,300원","304,300","277,375","247,670","226,884",https://stock.naver.com/domestic/stock/131290/price
131970,두산테스나,IT/소프트웨어/AI,B,+13.02%,B (유지),기존 등급 유지,"123,300",7.67%,X,0,1,"-58,448","-13,682",O,X,131.5%,단기과열(경계),단기과열 (추격금지),"93,735원 ~ 113,680원","113,680","93,735","82,830","108,968",https://stock.naver.com/domestic/stock/131970/price
145720,덴티움,반도체/소부장,B,+0.38%,B (유지),기존 등급 유지,"40,150",13.19%,X,0,4,"-1,069","31,038",O,X,106.3%,적정(안전),관망(C),"37,782원 ~ 39,230원","39,230","37,782","38,483","43,028",https://stock.naver.com/domestic/stock/145720/price
160190,하이젠알앤엠,일반 주도주,B,--7.99%,B (유지),기존 등급 유지,"31,100",0.32%,X,0,0,"-27,535","109,387",O,X,114.8%,상승과열,관망(C),"27,085원 ~ 31,280원","31,280","27,085","20,592","26,482",https://stock.naver.com/domestic/stock/160190/price
174900,앱클론,바이오/헬스케어,B,--6.32%,B (유지),기존 등급 유지,"25,200",6.79%,X,1,0,"-62,313","33,770",O,X,114.1%,상승과열,관망(C),"22,080원 ~ 27,130원","27,130","22,080","23,855","30,990",https://stock.naver.com/domestic/stock/174900/price
178320,서진시스템,전력/에너지/원자력,B,--0.36%,B (유지),기존 등급 유지,"41,150",13.91%,X,0,3,"-274,748","97,076",O,X,111.9%,상승과열,관망(C),"36,790원 ~ 41,480원","41,480","36,790","36,937","49,494",https://stock.naver.com/domestic/stock/178320/price
183300,코미코,반도체/소부장,B,+1.36%,B (유지),기존 등급 유지,"33,500",26.62%,X,2,0,"31,043","-169,043",O,X,109.0%,상승과열,관망(C),"30,732원 ~ 34,110원","34,110","30,732","43,848","82,801",https://stock.naver.com/domestic/stock/183300/price
192400,쿠쿠홀딩스,일반 주도주,B,+0.18%,B (유지),기존 등급 유지,"27,350",10.74%,X,2,0,"13,979","-5,164",O,X,100.5%,적정(안전),관망(C),"27,060원 ~ 27,215원","27,060","27,215","26,864","26,745",https://stock.naver.com/domestic/stock/192400/price
192820,코스맥스,엔터/미디어/소비재,B,--1.62%,B (유지),기존 등급 유지,"303,500",34.43%,X,1,0,"-82,298","86,206",O,O,109.6%,상승과열,관망(C),"277,000원 ~ 292,200원","292,200","277,000","242,462","213,078",https://stock.naver.com/domestic/stock/192820/price
195870,해성디에스,반도체/소부장,B,+1.39%,B (유지),기존 등급 유지,"65,600",20.52%,X,2,0,"75,740","-47,773",O,X,113.2%,상승과열,관망(C),"57,945원 ~ 65,700원","65,700","57,945","54,730","64,860",https://stock.naver.com/domestic/stock/195870/price
196170,알테오젠,바이오/헬스케어,B,--6.42%,C -> B (상향),외인/기관 쌍끌이 유입,"240,500",15.54%,O,1,1,"-4,459","-30,344",X,X,92.7%,이격과도(눌림),관망(C),"256,600원 ~ 259,350원","256,600","259,350","288,792","321,888",https://stock.naver.com/domestic/stock/196170/price
214430,아이쓰리시스템,조선/방산/중공업,B,--0.13%,B (유지),기존 등급 유지,"79,200",3.35%,X,0,5,"-27,360","11,154",O,X,117.8%,단기과열(경계),단기과열 (추격금지),"67,255원 ~ 80,120원","80,120","67,255","63,870","72,738",https://stock.naver.com/domestic/stock/214430/price
218410,RFHIC,조선/방산/중공업,B,--1.53%,B (유지),기존 등급 유지,"58,000",18.66%,X,2,0,"-46,608","-60,764",O,X,103.9%,적정(안전),관망(C),"55,805원 ~ 60,280원","60,280","55,805","50,144","67,565",https://stock.naver.com/domestic/stock/218410/price
222080,SFA넥셀,2차전지/배터리,B,+2.72%,B (유지),기존 등급 유지,"8,690",10.83%,X,0,5,"-276,377","49,296",O,X,110.9%,상승과열,관망(C),"7,835원 ~ 8,488원","8,488","7,835","7,598","9,932",https://stock.naver.com/domestic/stock/222080/price
222800,심텍,반도체/소부장,B,+0.18%,B (유지),기존 등급 유지,"170,700",14.49%,X,5,0,"298,201","-326,133",O,O,118.7%,단기과열(경계),단기과열 (추격금지),"143,760원 ~ 168,800원","168,800","143,760","118,627","113,765",https://stock.naver.com/domestic/stock/222800/price
226950,올릭스,바이오/헬스케어,B,--3.83%,B (유지),기존 등급 유지,"118,000",9.02%,X,0,5,"-216,291","216,396",O,X,108.9%,상승과열,관망(C),"108,370원 ~ 118,980원","118,980","108,370","109,723","132,208",https://stock.naver.com/domestic/stock/226950/price
229640,LS에코에너지,전력/에너지/원자력,B,+5.65%,B (유지),기존 등급 유지,"72,900",4.44%,X,0,5,"-109,378","225,254",O,X,124.1%,단기과열(경계),단기과열 (추격금지),"58,740원 ~ 68,040원","68,040","58,740","49,356","57,911",https://stock.naver.com/domestic/stock/229640/price
232140,와이씨,IT/소프트웨어/AI,B,--1.11%,B (유지),기존 등급 유지,"17,000",6.06%,X,0,0,"-270,392","-133,806",O,X,122.9%,단기과열(경계),단기과열 (추격금지),"13,834원 ~ 17,000원","17,000","13,834","11,405","14,281",https://stock.naver.com/domestic/stock/232140/price
237690,에스티팜,바이오/헬스케어,B,--4.46%,B (유지),기존 등급 유지,"92,100",13.43%,X,1,0,"23,743","-9,536",O,X,100.1%,적정(안전),관망(C),"92,005원 ~ 94,720원","94,720","92,005","101,608","118,037",https://stock.naver.com/domestic/stock/237690/price
240810,원익IPS,반도체/소부장,B,+2.36%,B (유지),기존 등급 유지,"134,200",14.55%,X,1,0,"223,854","-488,231",O,X,106.7%,적정(안전),관망(C),"125,725원 ~ 138,140원","138,140","125,725","114,467","122,294",https://stock.naver.com/domestic/stock/240810/price
247540,에코프로비엠,2차전지/배터리,B,+1.61%,B (유지),기존 등급 유지,"126,500",15.22%,X,0,1,"-78,234","97,729",O,X,113.7%,상승과열,관망(C),"111,220원 ~ 122,180원","122,180","111,220","110,355","147,462",https://stock.naver.com/domestic/stock/247540/price
251970,펌텍코리아,엔터/미디어/소비재,B,--2.08%,B (유지),기존 등급 유지,"65,800",12.74%,X,0,3,"-61,826","89,466",O,O,110.3%,상승과열,관망(C),"59,665원 ~ 64,240원","64,240","59,665","53,750","46,488",https://stock.naver.com/domestic/stock/251970/price
252990,샘씨엔에스,반도체/소부장,B,--4.46%,B (유지),기존 등급 유지,"18,200",10.60%,X,5,0,"579,875","-552,419",O,O,104.6%,적정(안전),관망(C),"17,406원 ~ 19,410원","19,410","17,406","14,749","13,886",https://stock.naver.com/domestic/stock/252990/price
253450,스튜디오드래곤,엔터/미디어/소비재,B,+1.21%,B (유지),기존 등급 유지,"20,950",8.88%,X,4,0,"28,132","-20,330",O,X,100.0%,적정(안전),관망(C),"20,630원 ~ 20,940원","20,630","20,940","21,560","24,771",https://stock.naver.com/domestic/stock/253450/price
272210,한화시스템,조선/방산/중공업,B,--1.16%,B (유지),기존 등급 유지,"76,700",9.66%,X,0,0,"-870,919","425,217",O,X,102.1%,적정(안전),관망(C),"75,100원 ~ 79,380원","79,380","75,100","71,202","87,192",https://stock.naver.com/domestic/stock/272210/price
278470,에이피알,엔터/미디어/소비재,B,--2.64%,A -> B (하향),쌍끌이 매수 중단,"369,000",38.76%,X,5,0,"100,833","28,720",O,X,100.9%,적정(안전),관망(C),"365,600원 ~ 368,800원","368,800","365,600","378,317","391,021",https://stock.naver.com/domestic/stock/278470/price
281740,레이크머티리얼즈,2차전지/배터리,B,+1.58%,B (유지),기존 등급 유지,"12,870",8.33%,X,0,5,"-226,569","91,926",O,X,112.9%,상승과열,관망(C),"11,400원 ~ 12,688원","12,688","11,400","11,740","15,148",https://stock.naver.com/domestic/stock/281740/price
289930,웨이비스,반도체/소부장,B,--1.00%,B (유지),기존 등급 유지,"7,920",6.87%,X,0,0,"-11,129",-942,O,X,102.5%,적정(안전),관망(C),"7,730원 ~ 8,226원","8,226","7,730","7,203","10,643",https://stock.naver.com/domestic/stock/289930/price
290550,디케이티,일반 주도주,B,+7.42%,A -> B (하향),쌍끌이 매수 중단,"25,350",4.31%,X,0,4,"-103,148","289,361",O,X,125.7%,단기과열(경계),단기과열 (추격금지),"20,168원 ~ 23,800원","23,800","20,168","19,022","21,512",https://stock.naver.com/domestic/stock/290550/price
290650,엘앤씨바이오,바이오/헬스케어,B,--4.29%,B (유지),기존 등급 유지,"55,800",22.48%,X,0,0,"-140,049","-14,256",O,X,112.6%,상승과열,관망(C),"49,552원 ~ 55,180원","55,180","49,552","54,629","64,833",https://stock.naver.com/domestic/stock/290650/price
293940,신한알파리츠,건설/인프라,B,--0.18%,B (유지),기존 등급 유지,"5,520",11.11%,X,0,1,"-33,693","15,543",O,X,100.4%,적정(안전),관망(C),"5,496원 ~ 5,550원","5,550","5,496","5,360","5,456",https://stock.naver.com/domestic/stock/293940/price
295310,에이치브이엠,조선/방산/중공업,B,+3.19%,B (유지),기존 등급 유지,"74,300",2.45%,X,0,1,"-54,138","116,785",O,X,124.8%,단기과열(경계),단기과열 (추격금지),"59,528원 ~ 70,960원","70,960","59,528","49,546","68,127",https://stock.naver.com/domestic/stock/295310/price
302440,SK바이오사이언스,바이오/헬스케어,B,--3.03%,B (유지),기존 등급 유지,"36,850",6.13%,X,3,0,"44,940","-44,392",O,X,100.6%,적정(안전),관망(C),"36,645원 ~ 37,110원","37,110","36,645","36,244","38,414",https://stock.naver.com/domestic/stock/302440/price
306200,세아제강,일반 주도주,B,--3.64%,C -> B (상향),외인/기관 쌍끌이 유입,"143,100",5.13%,O,4,1,"4,387","1,104",X,X,97.0%,적정(안전),추세초입(B),"147,505원 ~ 149,120원","149,120","147,505","137,638","141,797",https://stock.naver.com/domestic/stock/306200/price
314130,지놈앤컴퍼니,바이오/헬스케어,B,+3.20%,B (유지),기존 등급 유지,"5,490",2.63%,X,0,0,"-39,093","-407,338",O,X,129.1%,단기과열(경계),단기과열 (추격금지),"4,253원 ~ 5,530원","5,530","4,253","3,968","4,839",https://stock.naver.com/domestic/stock/314130/price
319660,피에스케이,반도체/소부장,B,+5.76%,B (유지),기존 등급 유지,"145,100",20.92%,X,0,1,"-79,007","-113,910",O,X,106.3%,적정(안전),관망(C),"136,455원 ~ 150,040원","150,040","136,455","138,650","132,438",https://stock.naver.com/domestic/stock/319660/price
322000,HD현대에너지솔루션,전력/에너지/원자력,B,+0.69%,B (유지),기존 등급 유지,"146,500",7.90%,X,0,5,"8,346","81,831",O,X,111.9%,상승과열,관망(C),"130,945원 ~ 142,920원","142,920","130,945","128,933","148,294",https://stock.naver.com/domestic/stock/322000/price
327260,RF머트리얼즈,조선/방산/중공업,B,--0.75%,B (유지),기존 등급 유지,"53,000",8.12%,X,0,1,"-147,544","3,081",O,X,111.8%,상승과열,관망(C),"47,385원 ~ 53,380원","53,380","47,385","39,634","60,373",https://stock.naver.com/domestic/stock/327260/price
328130,루닛,바이오/헬스케어,B,+1.16%,B (유지),기존 등급 유지,"11,300",7.88%,X,0,3,"-55,234","268,686",O,X,115.6%,단기과열(경계),단기과열 (추격금지),"9,775원 ~ 11,062원","11,062","9,775","9,725","15,042",https://stock.naver.com/domestic/stock/328130/price
334890,이지스밸류플러스리츠,건설/인프라,B,--1.24%,C -> B (상향),외인/기관 쌍끌이 유입,"3,585",2.14%,O,1,5,"-20,367","27,237",X,X,98.3%,적정(안전),추세초입(B),"3,619원 ~ 3,646원","3,619","3,646","3,641","3,719",https://stock.naver.com/domestic/stock/334890/price
347700,스피어,조선/방산/중공업,B,--3.05%,B (유지),기존 등급 유지,"25,400",6.84%,X,0,5,"-921,088","784,595",O,X,112.7%,상승과열,관망(C),"22,530원 ~ 25,090원","25,090","22,530","21,236","28,368",https://stock.naver.com/domestic/stock/347700/price
348340,뉴로메카,IT/소프트웨어/AI,B,+0.71%,B (유지),기존 등급 유지,"21,300",3.35%,X,0,1,"-283,573","136,577",O,X,107.9%,적정(안전),관망(C),"19,737원 ~ 21,730원","21,730","19,737","22,137","38,293",https://stock.naver.com/domestic/stock/348340/price
353200,대덕전자,반도체/소부장,B,+4.16%,B (유지),기존 등급 유지,"157,600",16.89%,X,0,3,"-29,522","191,128",O,X,131.8%,단기과열(경계),단기과열 (추격금지),"119,565원 ~ 152,540원","152,540","119,565","112,578","123,483",https://stock.naver.com/domestic/stock/353200/price
354320,알멕,조선/방산/중공업,B,+14.87%,B (유지),기존 등급 유지,"56,000",1.86%,X,0,2,"-78,475","87,537",O,X,137.7%,단기과열(경계),단기과열 (추격금지),"40,668원 ~ 48,460원","48,460","40,668","32,780","49,976",https://stock.naver.com/domestic/stock/354320/price
365340,성일하이텍,2차전지/배터리,B,--0.13%,B (유지),기존 등급 유지,"37,450",3.00%,X,1,0,"-9,804","-12,230",O,X,103.7%,적정(안전),관망(C),"36,105원 ~ 37,810원","37,810","36,105","34,159","47,103",https://stock.naver.com/domestic/stock/365340/price
368770,파이버프로,조선/방산/중공업,B,--3.35%,B (유지),기존 등급 유지,"13,550",2.23%,X,0,0,"-238,812","12,520",O,X,103.3%,적정(안전),관망(C),"13,112원 ~ 14,112원","14,112","13,112","12,654","15,671",https://stock.naver.com/domestic/stock/368770/price
373220,LG에너지솔루션,2차전지/배터리,B,+3.07%,A -> B (하향),쌍끌이 매수 중단,"403,000",5.70%,X,2,0,"142,519","213,098",O,X,110.5%,상승과열,관망(C),"364,625원 ~ 381,500원","381,500","364,625","350,983","381,488",https://stock.naver.com/domestic/stock/373220/price
383220,F&F,일반 주도주,B,--1.62%,A -> B (하향),쌍끌이 매수 중단,"72,900",13.08%,X,3,0,"24,132","9,009",O,X,106.9%,적정(안전),관망(C),"68,225원 ~ 71,100원","71,100","68,225","69,322","72,371",https://stock.naver.com/domestic/stock/383220/price
388720,유일로보틱스,일반 주도주,B,--0.14%,B (유지),기존 등급 유지,"69,400",15.88%,X,0,1,"10,345","-5,754",O,X,100.9%,적정(안전),관망(C),"68,790원 ~ 70,140원","70,140","68,790","67,012","77,780",https://stock.naver.com/domestic/stock/388720/price
389140,포바이포,일반 주도주,B,--1.98%,B (유지),기존 등급 유지,"5,450",1.72%,X,0,0,"-5,235",424,O,X,100.3%,적정(안전),관망(C),"5,432원 ~ 5,588원","5,588","5,432","5,118","6,134",https://stock.naver.com/domestic/stock/389140/price
395400,SK리츠,건설/인프라,B,--0.75%,A -> B (하향),쌍끌이 매수 중단,"5,280",8.27%,X,2,0,"-7,202","19,822",O,X,100.2%,적정(안전),관망(C),"5,269원 ~ 5,286원","5,286","5,269","5,479","5,707",https://stock.naver.com/domestic/stock/395400/price
403870,HPSP,반도체/소부장,B,--2.29%,B (유지),기존 등급 유지,"64,000",33.72%,X,3,0,"358,115","-220,430",O,X,110.0%,상승과열,관망(C),"58,205원 ~ 67,000원","67,000","58,205","47,312","49,612",https://stock.naver.com/domestic/stock/403870/price
404990,신한서부티엔디리츠,건설/인프라,B,+0.13%,C -> B (상향),20일선 돌파,"3,865",0.83%,X,0,1,"5,061","-16,219",O,X,100.0%,적정(안전),관망(C),"3,865원 ~ 3,887원","3,887","3,865","3,878","3,953",https://stock.naver.com/domestic/stock/404990/price
419530,SAMG엔터,엔터/미디어/소비재,B,--4.17%,A -> B (하향),쌍끌이 매수 중단,"21,850",4.64%,X,0,2,"11,413","103,135",O,X,121.0%,단기과열(경계),단기과열 (추격금지),"18,057원 ~ 19,620원","19,620","18,057","22,401","26,269",https://stock.naver.com/domestic/stock/419530/price
420770,기가비스,반도체/소부장,B,+1.63%,B (유지),기존 등급 유지,"137,500",6.66%,X,1,0,"14,427","-25,395",O,X,119.4%,단기과열(경계),단기과열 (추격금지),"115,150원 ~ 134,380원","134,380","115,150","117,890","123,058",https://stock.naver.com/domestic/stock/420770/price
437730,삼현,일반 주도주,B,--4.35%,B (유지),기존 등급 유지,"48,400",1.38%,X,2,0,"-15,064","-201,625",O,X,101.4%,적정(안전),관망(C),"47,735원 ~ 50,720원","50,720","47,735","38,632","43,492",https://stock.naver.com/domestic/stock/437730/price
445680,큐리옥스바이오시스템즈,바이오/헬스케어,B,--10.81%,B (유지),기존 등급 유지,"52,800",6.48%,X,0,0,"-56,973","4,164",O,X,103.2%,적정(안전),관망(C),"51,165원 ~ 57,780원","57,780","51,165","46,219","61,109",https://stock.naver.com/domestic/stock/445680/price
450080,에코프로머티,2차전지/배터리,B,--1.44%,B (유지),기존 등급 유지,"37,700",14.26%,X,5,0,"47,834","-207,905",O,X,104.0%,적정(안전),관망(C),"36,235원 ~ 38,190원","38,190","36,235","35,925","49,028",https://stock.naver.com/domestic/stock/450080/price
456160,지투지바이오,바이오/헬스케어,B,--5.93%,B (유지),기존 등급 유지,"42,050",4.80%,X,0,5,"-160,717","72,655",O,X,116.9%,단기과열(경계),단기과열 (추격금지),"35,978원 ~ 43,510원","43,510","35,978","35,649","47,115",https://stock.naver.com/domestic/stock/456160/price
457190,이수스페셜티케미컬,2차전지/배터리,B,+1.39%,B (유지),기존 등급 유지,"80,500",4.50%,X,0,2,"-62,839","22,901",O,X,115.1%,단기과열(경계),단기과열 (추격금지),"69,930원 ~ 81,040원","81,040","69,930","64,041","78,975",https://stock.naver.com/domestic/stock/457190/price
458870,씨어스,IT/소프트웨어/AI,B,+0.38%,B (유지),기존 등급 유지,"26,100",4.13%,X,0,1,"-60,207","6,177",O,X,104.7%,적정(안전),관망(C),"24,932원 ~ 26,450원","26,450","24,932","24,947","31,268",https://stock.naver.com/domestic/stock/458870/price
462350,이노스페이스,조선/방산/중공업,B,+2.98%,B (유지),기존 등급 유지,"6,910",1.59%,X,0,2,"-414,742","309,298",O,X,109.2%,상승과열,관망(C),"6,330원 ~ 6,524원","6,524","6,330","6,419","10,129",https://stock.naver.com/domestic/stock/462350/price
468530,프로티나,바이오/헬스케어,B,+1.70%,B (유지),기존 등급 유지,"44,750",1.96%,X,1,0,"-25,139","-16,280",O,X,112.4%,상승과열,관망(C),"39,818원 ~ 48,290원","48,290","39,818","31,891","37,559",https://stock.naver.com/domestic/stock/468530/price
473980,노머스,엔터/미디어/소비재,B,+8.97%,C -> B (상향),20일선 돌파,"11,300",2.11%,X,0,1,"-6,410","66,488",O,X,106.3%,적정(안전),관망(C),"10,516원 ~ 10,630원","10,516","10,630","10,924","12,749",https://stock.naver.com/domestic/stock/473980/price
475960,토모큐브,바이오/헬스케어,B,--3.77%,B (유지),기존 등급 유지,"33,200",2.02%,X,4,0,"11,280","-4,784",O,X,110.0%,상승과열,관망(C),"30,178원 ~ 34,900원","34,900","30,178","32,318","38,638",https://stock.naver.com/domestic/stock/475960/price
484590,삼양컴텍,반도체/소부장,B,--0.28%,B (유지),기존 등급 유지,"7,100",4.17%,X,1,0,"-115,577","14,407",O,X,102.4%,적정(안전),관망(C),"6,934원 ~ 7,288원","7,288","6,934","6,498","8,088",https://stock.naver.com/domestic/stock/484590/price
484870,엠앤씨솔루션,조선/방산/중공업,B,--3.32%,B (유지),기존 등급 유지,"18,630",6.33%,X,0,4,"-76,509","96,511",O,X,102.4%,적정(안전),관망(C),"18,190원 ~ 18,546원","18,546","18,190","18,081","50,490",https://stock.naver.com/domestic/stock/484870/price
486990,노타,IT/소프트웨어/AI,B,--6.67%,B (유지),기존 등급 유지,"18,900",0.92%,X,0,0,"-45,400","-9,316",O,X,100.1%,적정(안전),관망(C),"18,878원 ~ 20,200원","20,200","18,878","18,865","24,049",https://stock.naver.com/domestic/stock/486990/price
489790,한화비전,반도체/소부장,B,--1.32%,B (유지),기존 등급 유지,"48,750",24.06%,X,0,0,"-72,826","-29,510",O,X,101.4%,적정(안전),관망(C),"48,060원 ~ 50,640원","50,640","48,060","47,645","59,013",https://stock.naver.com/domestic/stock/489790/price
490470,세미파이브,IT/소프트웨어/AI,B,--1.76%,B (유지),기존 등급 유지,"22,350",3.97%,X,0,3,"-152,403","154,380",O,X,129.1%,단기과열(경계),단기과열 (추격금지),"17,313원 ~ 21,510원","21,510","17,313","16,753","24,585",https://stock.naver.com/domestic/stock/490470/price
491000,리브스메드,바이오/헬스케어,B,--2.09%,B (유지),기존 등급 유지,"37,450",3.03%,X,0,0,"-55,607","9,867",O,X,115.0%,단기과열(경계),단기과열 (추격금지),"32,562원 ~ 37,360원","37,360","32,562","36,388","44,422",https://stock.naver.com/domestic/stock/491000/price
493280,아이엠바이오로직스,바이오/헬스케어,B,--1.22%,B (유지),기존 등급 유지,"18,620",3.04%,X,0,1,"-34,117","-67,390",O,X,111.9%,상승과열,관망(C),"16,642원 ~ 18,320원","18,320","16,642","16,864","26,532",https://stock.naver.com/domestic/stock/493280/price
950260,인제니아테라퓨틱스(Reg.S),바이오/헬스케어,B,--9.32%,B (유지),기존 등급 유지,"25,300",1.30%,X,3,0,"90,627","-187,057",O,X,118.3%,단기과열(경계),단기과열 (추격금지),"21,379원 ~ 27,980원","27,980","21,379",0,0,https://stock.naver.com/domestic/stock/950260/price
000100,유한양행,바이오/헬스케어,C,--2.27%,C (유지),기존 등급 유지,"73,300",21.17%,X,3,0,"121,994","-132,376",X,X,96.1%,이격과도(눌림),관망(C),"74,740원 ~ 76,275원","74,740","76,275","77,028","79,738",https://stock.naver.com/domestic/stock/000100/price
000120,CJ대한통운,일반 주도주,C,--0.71%,C (유지),기존 등급 유지,"69,800",15.26%,X,2,0,"2,823","-32,127",X,X,98.1%,적정(안전),관망(C),"70,160원 ~ 71,165원","70,160","71,165","73,208","80,944",https://stock.naver.com/domestic/stock/000120/price
000150,두산,전력/에너지/원자력,C,--4.86%,B -> C (하향),"20일선 이탈, 쌍끌이 매수 중단","1,331,000",18.26%,X,0,3,"-33,877","39,272",X,X,96.6%,이격과도(눌림),관망(C),"1,377,300원 ~ 1,383,400원","1,383,400","1,377,300","1,251,800","1,418,292",https://stock.naver.com/domestic/stock/000150/price
000155,두산우,일반 주도주,C,--5.65%,B -> C (하향),"20일선 이탈, 쌍끌이 매수 중단","434,000",10.00%,X,0,0,"2,140",-632,X,X,94.8%,이격과도(눌림),관망(C),"457,600원 ~ 459,000원","459,000","457,600","433,925","507,692",https://stock.naver.com/domestic/stock/000155/price
000210,DL,건설/인프라,C,--2.13%,B -> C (하향),"20일선 이탈, 쌍끌이 매수 중단","48,200",20.89%,X,2,0,"1,832","2,903",X,X,92.6%,이격과도(눌림),관망(C),"48,820원 ~ 52,062원","48,820","52,062","49,806","52,914",https://stock.naver.com/domestic/stock/000210/price
000270,기아,자동차/모빌리티,C,--2.37%,C (유지),기존 등급 유지,"107,000",39.11%,X,4,0,"236,495","-688,027",X,X,90.2%,이격과도(눌림),관망(C),"111,120원 ~ 118,670원","111,120","118,670","128,898","143,208",https://stock.naver.com/domestic/stock/000270/price
000370,한화손해보험,금융/지주,C,--1.23%,C (유지),기존 등급 유지,"7,250",14.42%,X,0,1,"-52,079","21,857",X,X,92.1%,이격과도(눌림),관망(C),"7,298원 ~ 7,870원","7,298","7,870","7,059","6,764",https://stock.naver.com/domestic/stock/000370/price
000660,SK하이닉스,반도체/소부장,C,--2.15%,C (유지),기존 등급 유지,"1,686,000",49.52%,X,0,0,"-2,085,739","-275,857",X,X,94.1%,이격과도(눌림),관망(C),"1,771,000원 ~ 1,792,650원","1,771,000","1,792,650","1,715,917","1,840,000",https://stock.naver.com/domestic/stock/000660/price
000670,영풍,철강/소재/화학,C,+0.87%,C (유지),기존 등급 유지,"40,500",15.39%,X,0,1,"-2,453","6,710",X,X,94.5%,이격과도(눌림),관망(C),"40,610원 ~ 42,878원","40,610","42,878","39,105","46,305",https://stock.naver.com/domestic/stock/000670/price
000720,현대건설,전력/에너지/원자력,C,--4.15%,C (유지),기존 등급 유지,"106,300",24.94%,X,0,0,"-46,125","-124,681",X,X,86.3%,이격과도(눌림),관망(C),"112,360원 ~ 123,150원","112,360","123,150","113,458","128,803",https://stock.naver.com/domestic/stock/000720/price
000810,삼성화재,금융/지주,C,--3.02%,C (유지),기존 등급 유지,"610,000",57.51%,X,1,0,"19,438","-22,925",X,X,94.1%,이격과도(눌림),관망(C),"626,000원 ~ 648,400원","626,000","648,400","643,900","610,267",https://stock.naver.com/domestic/stock/000810/price
000815,삼성화재우,금융/지주,C,--0.89%,C (유지),기존 등급 유지,"390,500",33.40%,X,0,0,"-7,873",107,X,X,95.9%,이격과도(눌림),관망(C),"392,700원 ~ 407,225원","392,700","407,225","405,325","398,967",https://stock.naver.com/domestic/stock/000815/price
000880,한화,전력/에너지/원자력,C,--6.44%,C (유지),기존 등급 유지,"110,400",21.40%,X,0,0,"-61,095","-24,428",X,X,83.9%,이격과도(눌림),관망(C),"121,440원 ~ 131,595원","121,440","131,595","108,947","116,467",https://stock.naver.com/domestic/stock/000880/price
00088K,한화3우B,일반 주도주,C,--2.01%,C (유지),기존 등급 유지,"36,500",30.02%,X,4,0,"3,165","-3,945",X,X,90.3%,이격과도(눌림),관망(C),"38,240원 ~ 40,400원","38,240","40,400","35,175","39,884",https://stock.naver.com/domestic/stock/00088K/price
001040,CJ,일반 주도주,C,--1.67%,C (유지),기존 등급 유지,"129,700",18.57%,X,3,0,"21,995","-21,420",X,X,99.2%,적정(안전),관망(C),"130,500원 ~ 130,720원","130,500","130,720","131,823","158,655",https://stock.naver.com/domestic/stock/001040/price
001200,유진투자증권,금융/지주,C,--1.24%,C (유지),기존 등급 유지,"3,970",11.09%,X,0,0,"-228,098","-4,798",X,X,94.9%,이격과도(눌림),관망(C),"4,051원 ~ 4,186원","4,051","4,186","4,235","4,617",https://stock.naver.com/domestic/stock/001200/price
001440,대한전선,IT/소프트웨어/AI,C,--4.87%,C (유지),기존 등급 유지,"28,350",9.43%,X,0,0,"-2,656,257","-302,975",X,X,94.6%,이격과도(눌림),관망(C),"29,962원 ~ 30,370원","30,370","29,962","28,388","36,499",https://stock.naver.com/domestic/stock/001440/price
001450,현대해상,금융/지주,C,--2.49%,C (유지),기존 등급 유지,"46,900",39.64%,X,5,0,"163,976","-124,276",X,X,96.3%,이격과도(눌림),관망(C),"47,360원 ~ 48,680원","47,360","48,680","45,226","39,857",https://stock.naver.com/domestic/stock/001450/price
001500,현대차증권,금융/지주,C,--1.82%,C (유지),기존 등급 유지,"7,540",2.90%,X,1,0,"-7,452","-7,424",X,X,95.7%,이격과도(눌림),관망(C),"7,728원 ~ 7,876원","7,728","7,876","7,889","8,935",https://stock.naver.com/domestic/stock/001500/price
001510,SK증권,금융/지주,C,--1.77%,C (유지),기존 등급 유지,"2,220",2.30%,X,1,0,"-477,979","-44,095",X,X,94.4%,이격과도(눌림),관망(C),"2,300원 ~ 2,352원","2,300","2,352","2,330","2,796",https://stock.naver.com/domestic/stock/001510/price
001680,대상,일반 주도주,C,--0.17%,C (유지),기존 등급 유지,"17,560",16.03%,X,0,0,"-29,552","-5,542",X,X,97.0%,적정(안전),관망(C),"17,668원 ~ 18,104원","17,668","18,104","17,954","18,544",https://stock.naver.com/domestic/stock/001680/price
001720,신영증권,금융/지주,C,--2.36%,C (유지),기존 등급 유지,"136,300",6.33%,X,0,0,"5,210","-10,277",X,X,95.9%,이격과도(눌림),관망(C),"139,220원 ~ 142,125원","139,220","142,125","147,415","165,643",https://stock.naver.com/domestic/stock/001720/price
001800,오리온홀딩스,일반 주도주,C,--1.10%,C (유지),기존 등급 유지,"22,550",9.76%,X,2,0,"-4,170","-10,846",X,X,93.5%,이격과도(눌림),관망(C),"22,850원 ~ 24,110원","22,850","24,110","25,320","25,208",https://stock.naver.com/domestic/stock/001800/price
002030,아세아,철강/소재/화학,C,+0.24%,C (유지),기존 등급 유지,"209,500",5.09%,X,0,5,-142,649,X,X,99.3%,적정(안전),관망(C),"206,100원 ~ 210,915원","206,100","210,915","198,215","207,182",https://stock.naver.com/domestic/stock/002030/price
002310,아세아제지,일반 주도주,C,+0.80%,C (유지),기존 등급 유지,"7,590",4.95%,X,0,1,"28,303",-324,X,X,91.8%,이격과도(눌림),관망(C),"7,714원 ~ 8,270원","7,714","8,270","8,008","8,142",https://stock.naver.com/domestic/stock/002310/price
002380,KCC,건설/인프라,C,--2.25%,C (유지),기존 등급 유지,"457,000",20.89%,X,1,0,"7,136","-5,343",X,X,96.2%,이격과도(눌림),관망(C),"468,900원 ~ 474,925원","468,900","474,925","450,858","491,908",https://stock.naver.com/domestic/stock/002380/price
002790,아모레퍼시픽홀딩스,엔터/미디어/소비재,C,--3.58%,A -> C (하향),"20일선 이탈, 쌍끌이 매수 중단","25,550",14.72%,X,0,0,"71,108","-37,101",X,X,98.0%,적정(안전),관망(C),"25,620원 ~ 26,068원","25,620","26,068","25,795","25,336",https://stock.naver.com/domestic/stock/002790/price
003030,세아제강지주,철강/소재/화학,C,--3.74%,C (유지),기존 등급 유지,"103,000",7.96%,X,1,0,"-4,816","-4,353",X,X,95.2%,이격과도(눌림),관망(C),"108,215원 ~ 110,300원","110,300","108,215","105,463","136,242",https://stock.naver.com/domestic/stock/003030/price
003230,삼양식품,전력/에너지/원자력,C,--4.27%,B -> C (하향),"20일선 이탈, 쌍끌이 매수 중단","1,165,000",18.86%,X,0,0,904,856,X,X,93.4%,이격과도(눌림),관망(C),"1,203,800원 ~ 1,247,050원","1,203,800","1,247,050","1,263,100","1,247,800",https://stock.naver.com/domestic/stock/003230/price
003540,대신증권,금융/지주,C,--2.80%,C (유지),기존 등급 유지,"24,300",9.25%,X,0,0,"-51,425","-25,407",X,X,92.8%,이격과도(눌림),관망(C),"25,130원 ~ 26,192원","25,130","26,192","26,167","29,562",https://stock.naver.com/domestic/stock/003540/price
003550,LG,IT/소프트웨어/AI,C,--2.17%,C (유지),기존 등급 유지,"108,400",36.70%,X,2,0,"83,910","-62,036",X,X,95.8%,이격과도(눌림),관망(C),"111,000원 ~ 113,165원","111,000","113,165","109,127","108,455",https://stock.naver.com/domestic/stock/003550/price
003570,SNT다이내믹스,조선/방산/중공업,C,--4.91%,B -> C (하향),"20일선 이탈, 쌍끌이 매수 중단","29,050",12.09%,X,0,5,"-125,095","27,154",X,X,99.9%,적정(안전),관망(C),"29,068원 ~ 30,780원","30,780","29,068","30,732","38,424",https://stock.naver.com/domestic/stock/003570/price
003690,코리안리,금융/지주,C,--0.68%,C (유지),기존 등급 유지,"14,540",26.23%,X,0,1,"-90,189","63,014",X,X,98.6%,적정(안전),관망(C),"14,470원 ~ 14,752원","14,470","14,752","14,406","13,678",https://stock.naver.com/domestic/stock/003690/price
004000,롯데정밀화학,일반 주도주,C,--1.52%,C (유지),기존 등급 유지,"42,050",23.41%,X,0,0,"7,254","-33,266",X,X,94.9%,이격과도(눌림),관망(C),"42,590원 ~ 44,292원","42,590","44,292","45,487","48,933",https://stock.naver.com/domestic/stock/004000/price
004020,현대제철,철강/소재/화학,C,--1.41%,C (유지),기존 등급 유지,"28,050",14.23%,X,1,0,"197,237","-682,082",X,X,86.5%,이격과도(눌림),관망(C),"29,350원 ~ 32,425원","29,350","32,425","29,540","33,237",https://stock.naver.com/domestic/stock/004020/price
004170,신세계,엔터/미디어/소비재,C,--4.38%,C (유지),기존 등급 유지,"305,500",31.23%,X,2,0,"14,872","-44,991",X,X,86.2%,이격과도(눌림),관망(C),"322,700원 ~ 354,400원","322,700","354,400","421,525","488,929",https://stock.naver.com/domestic/stock/004170/price
004370,농심,엔터/미디어/소비재,C,--1.37%,C (유지),기존 등급 유지,"394,500",25.19%,X,1,0,"-1,603","3,703",X,X,98.0%,적정(안전),관망(C),"399,000원 ~ 402,450원","399,000","402,450","399,733","385,725",https://stock.naver.com/domestic/stock/004370/price
005300,롯데칠성,일반 주도주,C,--0.52%,C (유지),기존 등급 유지,"94,800",15.97%,X,2,0,"2,215","-3,223",X,X,98.9%,적정(안전),관망(C),"95,100원 ~ 95,840원","95,100","95,840","98,260","104,509",https://stock.naver.com/domestic/stock/005300/price
005380,현대차,자동차/모빌리티,C,--3.42%,C (유지),기존 등급 유지,"324,500",23.92%,X,0,0,"-288,445","-271,259",X,X,90.0%,이격과도(눌림),관망(C),"341,100원 ~ 360,625원","341,100","360,625","390,792","487,250",https://stock.naver.com/domestic/stock/005380/price
005387,현대차2우B,자동차/모빌리티,C,--2.01%,C (유지),기존 등급 유지,"170,500",54.35%,X,0,5,"-93,476","20,453",X,X,96.2%,이격과도(눌림),관망(C),"175,440원 ~ 177,260원","175,440","177,260","189,762","218,589",https://stock.naver.com/domestic/stock/005387/price
005440,현대지에프홀딩스,일반 주도주,C,+4.64%,C (유지),기존 등급 유지,"12,850",8.86%,X,1,0,"-93,993","-224,597",X,X,99.4%,적정(안전),관망(C),"12,570원 ~ 12,924원","12,570","12,924","12,394","13,290",https://stock.naver.com/domestic/stock/005440/price
005490,POSCO홀딩스,2차전지/배터리,C,--0.65%,C (유지),기존 등급 유지,"305,500",31.95%,X,0,1,"-93,711","-14,006",X,X,95.5%,이격과도(눌림),관망(C),"310,300원 ~ 319,950원","310,300","319,950","320,108","359,333",https://stock.naver.com/domestic/stock/005490/price
005810,풍산홀딩스,철강/소재/화학,C,--0.42%,C (유지),기존 등급 유지,"35,150",11.92%,X,1,0,"-6,340","-3,093",X,X,94.9%,이격과도(눌림),관망(C),"36,250원 ~ 37,035원","36,250","37,035","36,392","38,194",https://stock.naver.com/domestic/stock/005810/price
005830,DB손해보험,금융/지주,C,--0.43%,C (유지),기존 등급 유지,"186,100",43.54%,X,5,0,"42,073","-29,236",X,X,99.4%,적정(안전),관망(C),"184,220원 ~ 187,300원","184,220","187,300","176,453","165,371",https://stock.naver.com/domestic/stock/005830/price
005850,에스엘,IT/소프트웨어/AI,C,--1.77%,C (유지),기존 등급 유지,"50,000",16.05%,X,0,1,"19,312","-38,230",X,X,98.8%,적정(안전),관망(C),"50,630원 ~ 51,420원","51,420","50,630","52,939","58,787",https://stock.naver.com/domestic/stock/005850/price
005880,대한해운,조선/방산/중공업,C,--1.93%,B -> C (하향),"20일선 이탈, 쌍끌이 매수 중단","2,030",12.24%,X,2,0,"-746,625","19,791",X,X,98.4%,적정(안전),관망(C),"2,064원 ~ 2,080원","2,080","2,064","1,995","2,142",https://stock.naver.com/domestic/stock/005880/price
005930,삼성전자,반도체/소부장,C,--2.05%,B -> C (하향),"20일선 이탈, 쌍끌이 매수 중단","263,000",46.35%,X,0,0,"-3,489,498","-5,100,599",X,X,98.4%,적정(안전),관망(C),"267,250원 ~ 271,100원","271,100","267,250","258,092","272,825",https://stock.naver.com/domestic/stock/005930/price
005935,삼성전자우,IT/소프트웨어/AI,C,--1.77%,C (유지),기존 등급 유지,"194,500",75.24%,X,0,1,"-239,792","-390,275",X,X,97.3%,적정(안전),관망(C),"198,820원 ~ 199,895원","198,820","199,895","188,565","189,138",https://stock.naver.com/domestic/stock/005935/price
005940,NH투자증권,금융/지주,C,--5.65%,B -> C (하향),"20일선 이탈, 쌍끌이 매수 중단","25,050",13.21%,X,0,5,"-480,554","231,841",X,X,95.7%,이격과도(눌림),관망(C),"26,165원 ~ 26,290원","26,290","26,165","27,378","29,953",https://stock.naver.com/domestic/stock/005940/price
006040,동원산업,일반 주도주,C,--0.28%,C (유지),기존 등급 유지,"35,050",4.77%,X,2,0,"12,734","-17,683",X,X,97.0%,적정(안전),관망(C),"35,200원 ~ 36,120원","35,200","36,120","36,241","35,932",https://stock.naver.com/domestic/stock/006040/price
006260,LS,IT/소프트웨어/AI,C,--4.11%,C (유지),기존 등급 유지,"268,500",16.60%,X,1,0,"37,837","-188,262",X,X,86.9%,이격과도(눌림),관망(C),"288,900원 ~ 309,100원","288,900","309,100","304,325","361,308",https://stock.naver.com/domestic/stock/006260/price
006340,대원전선,전력/에너지/원자력,C,--2.78%,C (유지),기존 등급 유지,"12,590",2.71%,X,0,2,"-466,519","84,742",X,X,95.2%,이격과도(눌림),관망(C),"13,112원 ~ 13,224원","13,112","13,224","13,293","12,418",https://stock.naver.com/domestic/stock/006340/price
006800,미래에셋증권,금융/지주,C,--3.61%,C (유지),기존 등급 유지,"29,400",11.57%,X,0,1,"-877,970","161,057",X,X,91.2%,이격과도(눌림),관망(C),"31,080원 ~ 32,252원","31,080","32,252","34,702","47,069",https://stock.naver.com/domestic/stock/006800/price
00680K,미래에셋증권2우B,금융/지주,C,--1.80%,C (유지),기존 등급 유지,"9,800",23.43%,X,0,2,"-107,322","65,379",X,X,92.9%,이격과도(눌림),관망(C),"10,058원 ~ 10,554원","10,058","10,554","11,189","14,181",https://stock.naver.com/domestic/stock/00680K/price
007070,GS리테일,일반 주도주,C,--4.01%,C (유지),기존 등급 유지,"21,550",14.34%,X,0,0,"5,102","-25,547",X,X,91.6%,이격과도(눌림),관망(C),"22,100원 ~ 23,518원","22,100","23,518","25,213","24,838",https://stock.naver.com/domestic/stock/007070/price
007310,오뚜기,일반 주도주,C,--1.11%,C (유지),기존 등급 유지,"311,500",11.12%,X,0,0,"-1,033",-375,X,X,97.1%,적정(안전),관망(C),"314,300원 ~ 320,750원","314,300","320,750","323,242","331,354",https://stock.naver.com/domestic/stock/007310/price
0082N0,카나프테라퓨틱스,일반 주도주,C,--8.07%,B -> C (하향),"20일선 이탈, 쌍끌이 매수 중단","12,080",3.86%,X,0,1,"-39,294","-25,472",X,X,95.9%,이격과도(눌림),관망(C),"12,591원 ~ 12,818원","12,818","12,591","13,349","19,471",https://stock.naver.com/domestic/stock/0082N0/price
008770,호텔신라,엔터/미디어/소비재,C,--1.52%,B -> C (하향),"20일선 이탈, 쌍끌이 매수 중단","38,800",18.39%,X,0,0,"-57,776","-15,471",X,X,96.0%,이격과도(눌림),관망(C),"39,220원 ~ 40,408원","39,220","40,408","42,992","49,502",https://stock.naver.com/domestic/stock/008770/price
008930,한미사이언스,바이오/헬스케어,C,--10.50%,A+ -> C (하향),"20일선 이탈, 쌍끌이 매수 중단","52,000",0.89%,X,0,0,"-245,682","-5,242",X,O,97.7%,적정(안전),관망(C),"53,198원 ~ 56,780원","56,780","53,198","45,114","39,334",https://stock.naver.com/domestic/stock/008930/price
009420,한올바이오파마,바이오/헬스케어,C,--4.59%,C (유지),기존 등급 유지,"43,700",4.46%,X,1,0,"18,056","-26,418",X,X,91.6%,이격과도(눌림),관망(C),"46,310원 ~ 47,722원","46,310","47,722","51,949","52,231",https://stock.naver.com/domestic/stock/009420/price
009540,HD한국조선해양,조선/방산/중공업,C,--3.32%,C (유지),기존 등급 유지,"291,500",33.43%,X,3,0,"172,525","-238,665",X,X,87.0%,이격과도(눌림),관망(C),"312,600원 ~ 335,050원","312,600","335,050","353,308","381,550",https://stock.naver.com/domestic/stock/009540/price
010120,LS ELECTRIC,전력/에너지/원자력,C,--4.04%,C (유지),기존 등급 유지,"197,200",18.76%,X,0,0,"-312,705","-85,114",X,X,96.1%,이격과도(눌림),관망(C),"205,295원 ~ 206,940원","206,940","205,295","199,915","220,426",https://stock.naver.com/domestic/stock/010120/price
010130,고려아연,철강/소재/화학,C,--2.92%,C (유지),기존 등급 유지,"1,032,000",27.57%,X,1,0,"1,279","-10,704",X,X,91.7%,이격과도(눌림),관망(C),"1,071,400원 ~ 1,125,350원","1,071,400","1,125,350","1,137,300","1,254,283",https://stock.naver.com/domestic/stock/010130/price
010140,삼성중공업,조선/방산/중공업,C,--3.28%,B -> C (하향),"20일선 이탈, 쌍끌이 매수 중단","18,900",27.62%,X,0,0,"-1,345,336","-1,109,014",X,X,92.0%,이격과도(눌림),관망(C),"19,562원 ~ 20,542원","19,562","20,542","21,126","24,636",https://stock.naver.com/domestic/stock/010140/price
010820,퍼스텍,반도체/소부장,C,--3.67%,C (유지),기존 등급 유지,"5,780",10.59%,X,0,0,"-441,567","66,688",X,X,93.1%,이격과도(눌림),관망(C),"6,202원 ~ 6,212원","6,202","6,212","5,961","8,013",https://stock.naver.com/domestic/stock/010820/price
011200,HMM,조선/방산/중공업,C,--2.57%,B -> C (하향),"20일선 이탈, 쌍끌이 매수 중단","20,850",8.89%,X,5,0,"611,341","-617,131",X,X,99.2%,적정(안전),관망(C),"21,012원 ~ 21,210원","21,210","21,012","21,046","20,541",https://stock.naver.com/domestic/stock/011200/price
011210,현대위아,자동차/모빌리티,C,--1.92%,C (유지),기존 등급 유지,"51,000",19.15%,X,1,0,"-7,912","-18,204",X,X,93.8%,이격과도(눌림),관망(C),"52,540원 ~ 54,390원","52,540","54,390","57,910","68,610",https://stock.naver.com/domestic/stock/011210/price
011780,금호석유화학,철강/소재/화학,C,--1.04%,C (유지),기존 등급 유지,"114,700",28.67%,X,3,0,"22,585","-28,314",X,X,95.6%,이격과도(눌림),관망(C),"116,340원 ~ 120,000원","116,340","120,000","121,310","126,233",https://stock.naver.com/domestic/stock/011780/price
0120G0,삼양바이오팜,바이오/헬스케어,C,--4.71%,A -> C (하향),"20일선 이탈, 쌍끌이 매수 중단","47,550",3.69%,X,0,0,"13,950","-8,067",X,X,98.7%,적정(안전),관망(C),"48,198원 ~ 49,100원","49,100","48,198","47,116","54,072",https://stock.naver.com/domestic/stock/0120G0/price
012330,현대모비스,자동차/모빌리티,C,--3.61%,C (유지),기존 등급 유지,"360,000",37.53%,X,1,0,"-67,751","-8,312",X,X,93.2%,이격과도(눌림),관망(C),"375,900원 ~ 386,300원","375,900","386,300","448,358","496,667",https://stock.naver.com/domestic/stock/012330/price
012450,한화에어로스페이스,조선/방산/중공업,C,--7.00%,C (유지),기존 등급 유지,"904,000",45.13%,X,1,0,"-89,223","-137,229",X,X,86.4%,이격과도(눌림),관망(C),"1,003,800원 ~ 1,045,850원","1,003,800","1,045,850","1,031,100","1,129,667",https://stock.naver.com/domestic/stock/012450/price
012630,HDC,건설/인프라,C,+6.42%,C (유지),기존 등급 유지,"24,050",25.00%,X,0,1,"-12,247","-23,531",X,X,94.0%,이격과도(눌림),관망(C),"23,640원 ~ 25,592원","23,640","25,592","22,871","23,105",https://stock.naver.com/domestic/stock/012630/price
0126Z0,삼성에피스홀딩스,바이오/헬스케어,C,--7.05%,B -> C (하향),"20일선 이탈, 쌍끌이 매수 중단","343,000",5.21%,X,0,0,"-13,799","-9,386",X,X,99.7%,적정(안전),관망(C),"344,050원 ~ 363,500원","363,500","344,050","369,450","426,617",https://stock.naver.com/domestic/stock/0126Z0/price
013030,하이록코리아,일반 주도주,C,--1.15%,B -> C (하향),"20일선 이탈, 쌍끌이 매수 중단","34,400",29.81%,X,2,0,-653,-375,X,X,96.5%,이격과도(눌림),관망(C),"35,590원 ~ 35,640원","35,590","35,640","33,299","35,322",https://stock.naver.com/domestic/stock/013030/price
014830,유니드,일반 주도주,C,+0.66%,C (유지),기존 등급 유지,"60,900",11.57%,X,0,1,"-7,521","6,077",X,X,99.1%,적정(안전),관망(C),"60,740원 ~ 61,470원","60,740","61,470","62,130","68,664",https://stock.naver.com/domestic/stock/014830/price
015760,한국전력,전력/에너지/원자력,C,--3.16%,C (유지),기존 등급 유지,"29,100",20.37%,X,0,0,"-576,911","274,190",X,X,93.5%,이격과도(눌림),관망(C),"29,890원 ~ 31,138원","29,890","31,138","32,874","36,640",https://stock.naver.com/domestic/stock/015760/price
016360,삼성증권,금융/지주,C,--3.91%,A -> C (하향),"20일선 이탈, 쌍끌이 매수 중단","85,900",26.83%,X,0,0,"-52,576","-20,846",X,X,97.6%,적정(안전),관망(C),"87,995원 ~ 88,860원","88,860","87,995","92,510","105,245",https://stock.naver.com/domestic/stock/016360/price
016380,KG스틸,철강/소재/화학,C,--1.25%,B -> C (하향),"20일선 이탈, 쌍끌이 매수 중단","5,530",5.90%,X,1,0,"27,169","-109,249",X,X,98.2%,적정(안전),관망(C),"5,632원 ~ 5,652원","5,652","5,632","5,496","5,753",https://stock.naver.com/domestic/stock/016380/price
016610,DB증권,금융/지주,C,--3.25%,C (유지),기존 등급 유지,"9,820",8.69%,X,0,1,"-26,785","-6,107",X,X,96.1%,이격과도(눌림),관망(C),"10,216원 ~ 10,274원","10,274","10,216","9,583","10,714",https://stock.naver.com/domestic/stock/016610/price
017670,SK텔레콤,IT/소프트웨어/AI,C,--3.66%,C (유지),기존 등급 유지,"84,200",34.95%,X,5,0,"176,215","-233,056",X,X,95.5%,이격과도(눌림),관망(C),"86,900원 ~ 88,175원","86,900","88,175","90,415","94,095",https://stock.naver.com/domestic/stock/017670/price
017800,현대엘리베이터,일반 주도주,C,--2.50%,C (유지),기존 등급 유지,"70,200",21.52%,X,0,0,"-15,776","-58,745",X,X,95.4%,이격과도(눌림),관망(C),"72,200원 ~ 73,620원","72,200","73,620","72,068","78,342",https://stock.naver.com/domestic/stock/017800/price
017960,한국카본,조선/방산/중공업,C,--4.89%,C (유지),기존 등급 유지,"19,260",12.64%,X,0,0,"-157,456","-18,029",X,X,92.1%,이격과도(눌림),관망(C),"20,212원 ~ 20,910원","20,212","20,910","22,326","29,950",https://stock.naver.com/domestic/stock/017960/price
018260,삼성에스디에스,IT/소프트웨어/AI,C,--5.27%,C (유지),기존 등급 유지,"196,100",19.28%,X,1,0,"46,620","-156,128",X,X,89.4%,이격과도(눌림),관망(C),"212,920원 ~ 219,305원","212,920","219,305","219,513","211,093",https://stock.naver.com/domestic/stock/018260/price
020120,키다리스튜디오,일반 주도주,C,+3.00%,C (유지),기존 등급 유지,"6,870",7.43%,X,2,0,"277,558","-186,788",X,X,84.9%,이격과도(눌림),관망(C),"7,466원 ~ 8,091원","7,466","8,091","5,597","4,568",https://stock.naver.com/domestic/stock/020120/price
022100,포스코DX,IT/소프트웨어/AI,C,--1.19%,C (유지),기존 등급 유지,"20,800",3.03%,X,0,1,"14,257","85,276",X,X,98.9%,적정(안전),관망(C),"21,038원 ~ 21,100원","21,100","21,038","20,416","25,088",https://stock.naver.com/domestic/stock/022100/price
023530,롯데쇼핑,엔터/미디어/소비재,C,--1.62%,C (유지),기존 등급 유지,"97,400",13.46%,X,2,0,"84,663","-43,819",X,X,89.9%,이격과도(눌림),관망(C),"99,760원 ~ 108,300원","99,760","108,300","112,822","134,808",https://stock.naver.com/domestic/stock/023530/price
023590,다우기술,IT/소프트웨어/AI,C,--3.18%,C (유지),기존 등급 유지,"36,500",27.42%,X,0,0,"-3,691","-10,156",X,X,93.8%,이격과도(눌림),관망(C),"37,780원 ~ 38,915원","37,780","38,915","38,212","40,102",https://stock.naver.com/domestic/stock/023590/price
024110,기업은행,금융/지주,C,--1.00%,C (유지),기존 등급 유지,"19,900",13.29%,X,0,0,"-592,247","-330,419",X,X,97.6%,적정(안전),관망(C),"20,130원 ~ 20,388원","20,130","20,388","20,548","20,912",https://stock.naver.com/domestic/stock/024110/price
025980,아난티,일반 주도주,C,--0.71%,C (유지),기존 등급 유지,"4,905",6.17%,X,1,0,"313,389","7,618",X,X,96.0%,이격과도(눌림),관망(C),"5,023원 ~ 5,110원","5,023","5,110","4,584","5,095",https://stock.naver.com/domestic/stock/025980/price
028050,삼성E&A,건설/인프라,C,--1.44%,B -> C (하향),"20일선 이탈, 쌍끌이 매수 중단","47,900",37.84%,X,3,0,"225,110","-70,872",X,X,96.3%,이격과도(눌림),관망(C),"48,000원 ~ 49,750원","48,000","49,750","47,078","48,792",https://stock.naver.com/domestic/stock/028050/price
028260,삼성물산,전력/에너지/원자력,C,--4.76%,B -> C (하향),"20일선 이탈, 쌍끌이 매수 중단","320,000",30.58%,X,5,0,"81,889","-103,917",X,X,90.2%,이격과도(눌림),관망(C),"338,200원 ~ 354,850원","338,200","354,850","354,475","380,558",https://stock.naver.com/domestic/stock/028260/price
029780,삼성카드,금융/지주,C,--0.96%,C (유지),기존 등급 유지,"41,350",5.06%,X,0,0,"-16,446","-23,197",X,X,94.6%,이격과도(눌림),관망(C),"41,810원 ~ 43,692원","41,810","43,692","46,031","47,894",https://stock.naver.com/domestic/stock/029780/price
030200,KT,IT/소프트웨어/AI,C,0.00%,C (유지),기존 등급 유지,"51,300",48.99%,X,0,1,"-36,892","-8,797",X,X,97.5%,적정(안전),관망(C),"51,580원 ~ 52,635원","51,580","52,635","52,968","55,000",https://stock.naver.com/domestic/stock/030200/price
030610,교보증권,금융/지주,C,--1.73%,C (유지),기존 등급 유지,"9,630",0.95%,X,0,1,"-14,843",-295,X,X,95.8%,이격과도(눌림),관망(C),"9,856원 ~ 10,055원","9,856","10,055","9,928","10,987",https://stock.naver.com/domestic/stock/030610/price
031210,서울보증보험,금융/지주,C,--1.29%,B -> C (하향),"20일선 이탈, 쌍끌이 매수 중단","42,250",6.85%,X,0,1,"-12,611","19,557",X,X,99.2%,적정(안전),관망(C),"42,360원 ~ 42,582원","42,360","42,582","42,905","44,026",https://stock.naver.com/domestic/stock/031210/price
032350,롯데관광개발,일반 주도주,C,--1.86%,C (유지),기존 등급 유지,"11,070",20.01%,X,0,1,"16,013","88,187",X,X,94.9%,이격과도(눌림),관망(C),"11,102원 ~ 11,663원","11,102","11,663","12,287","15,193",https://stock.naver.com/domestic/stock/032350/price
032640,LG유플러스,IT/소프트웨어/AI,C,--0.48%,C (유지),기존 등급 유지,"14,430",40.89%,X,0,5,"-267,468","346,995",X,X,98.4%,적정(안전),관망(C),"14,510원 ~ 14,658원","14,510","14,658","14,765","15,186",https://stock.naver.com/domestic/stock/032640/price
032820,우리기술,전력/에너지/원자력,C,--6.05%,C (유지),기존 등급 유지,"11,640",5.01%,X,0,0,"-500,224","-148,997",X,X,88.9%,이격과도(눌림),관망(C),"12,456원 ~ 13,097원","12,456","13,097","11,585","14,191",https://stock.naver.com/domestic/stock/032820/price
032830,삼성생명,금융/지주,C,--3.91%,B -> C (하향),"20일선 이탈, 쌍끌이 매수 중단","270,000",23.10%,X,2,0,"80,469","-98,392",X,X,92.9%,이격과도(눌림),관망(C),"280,700원 ~ 290,675원","280,700","290,675","298,442","322,492",https://stock.naver.com/domestic/stock/032830/price
033500,동성화인텍,조선/방산/중공업,C,--3.00%,C (유지),기존 등급 유지,"15,190",15.93%,X,0,0,"-29,656","-24,804",X,X,93.2%,이격과도(눌림),관망(C),"15,900원 ~ 16,296원","15,900","16,296","16,628","19,444",https://stock.naver.com/domestic/stock/033500/price
034020,두산에너빌리티,전력/에너지/원자력,C,--4.72%,C (유지),기존 등급 유지,"76,700",22.25%,X,0,1,"-1,996,326","142,783",X,X,90.7%,이격과도(눌림),관망(C),"80,380원 ~ 84,585원","80,380","84,585","78,382","91,446",https://stock.naver.com/domestic/stock/034020/price
034120,SBS,엔터/미디어/소비재,C,--0.43%,C (유지),기존 등급 유지,"11,640",0.00%,X,0,0,0,36,X,X,98.3%,적정(안전),관망(C),"11,662원 ~ 11,840원","11,662","11,840","11,864","12,813",https://stock.naver.com/domestic/stock/034120/price
034220,LG디스플레이,IT/소프트웨어/AI,C,--1.09%,C (유지),기존 등급 유지,"8,160",26.37%,X,0,0,"-1,122,946","-478,201",X,X,95.2%,이격과도(눌림),관망(C),"8,434원 ~ 8,574원","8,434","8,574","9,313","11,299",https://stock.naver.com/domestic/stock/034220/price
034310,NICE,일반 주도주,C,--0.77%,C (유지),기존 등급 유지,"11,610",8.74%,X,0,0,"1,795","-8,149",X,X,95.7%,이격과도(눌림),관망(C),"11,756원 ~ 12,137원","11,756","12,137","12,531","12,605",https://stock.naver.com/domestic/stock/034310/price
034730,SK,전력/에너지/원자력,C,--3.28%,C (유지),기존 등급 유지,"561,000",30.18%,X,1,0,-641,"7,636",X,X,96.9%,이격과도(눌림),관망(C),"577,200원 ~ 578,650원","577,200","578,650","568,742","573,892",https://stock.naver.com/domestic/stock/034730/price
035250,강원랜드,엔터/미디어/소비재,C,--0.77%,C (유지),기존 등급 유지,"14,220",8.98%,X,2,0,"36,212","-122,145",X,X,98.1%,적정(안전),관망(C),"14,282원 ~ 14,496원","14,282","14,496","14,499","15,094",https://stock.naver.com/domestic/stock/035250/price
035420,NAVER,IT/소프트웨어/AI,C,--3.07%,C (유지),기존 등급 유지,"183,200",35.16%,X,0,0,"-489,862","-176,518",X,X,92.2%,이격과도(눌림),관망(C),"189,460원 ~ 198,745원","189,460","198,745","206,692","211,528",https://stock.naver.com/domestic/stock/035420/price
035720,카카오,IT/소프트웨어/AI,C,--1.97%,C (유지),기존 등급 유지,"32,400",28.74%,X,1,0,"-63,396","-310,689",X,X,95.5%,이격과도(눌림),관망(C),"33,170원 ~ 33,938원","33,170","33,938","35,884","38,856",https://stock.naver.com/domestic/stock/035720/price
035760,CJ ENM,엔터/미디어/소비재,C,+0.43%,B -> C (하향),"20일선 이탈, 쌍끌이 매수 중단","35,400",10.71%,X,0,0,"-17,717","7,321",X,X,97.1%,적정(안전),관망(C),"35,180원 ~ 36,468원","35,180","36,468","33,671","38,103",https://stock.naver.com/domestic/stock/035760/price
035810,이지홀딩스,일반 주도주,C,--1.56%,C (유지),기존 등급 유지,"4,415",5.91%,X,2,0,"-7,454","-69,451",X,X,96.8%,이격과도(눌림),관망(C),"4,475원 ~ 4,560원","4,475","4,560","4,479","4,699",https://stock.naver.com/domestic/stock/035810/price
036530,SNT홀딩스,일반 주도주,C,+1.90%,C (유지),기존 등급 유지,"45,500",12.09%,X,0,0,"-6,276","-7,815",X,X,98.1%,적정(안전),관망(C),"45,230원 ~ 46,372원","45,230","46,372","47,516","50,943",https://stock.naver.com/domestic/stock/036530/price
037270,YG PLUS,엔터/미디어/소비재,C,--2.38%,B -> C (하향),"20일선 이탈, 쌍끌이 매수 중단","3,080",4.77%,X,0,0,"-60,221","-1,234",X,X,98.7%,적정(안전),관망(C),"3,105원 ~ 3,120원","3,105","3,120","3,219","3,704",https://stock.naver.com/domestic/stock/037270/price
039130,하나투어,일반 주도주,C,--1.33%,C (유지),기존 등급 유지,"29,750",10.80%,X,0,0,"-20,864","-3,069",X,X,94.8%,이격과도(눌림),관망(C),"30,140원 ~ 31,395원","30,140","31,395","31,416","34,535",https://stock.naver.com/domestic/stock/039130/price
039490,키움증권,금융/지주,C,--2.02%,C (유지),기존 등급 유지,"242,000",30.04%,X,3,0,"38,202","-62,535",X,X,92.2%,이격과도(눌림),관망(C),"252,300원 ~ 262,550원","252,300","262,550","280,183","334,950",https://stock.naver.com/domestic/stock/039490/price
041510,에스엠,엔터/미디어/소비재,C,--1.39%,B -> C (하향),"20일선 이탈, 쌍끌이 매수 중단","77,900",30.93%,X,2,0,"4,541","-2,082",X,X,94.8%,이격과도(눌림),관망(C),"78,440원 ~ 82,130원","78,440","82,130","75,987","79,906",https://stock.naver.com/domestic/stock/041510/price
041830,인바디,IT/소프트웨어/AI,C,--3.01%,C (유지),기존 등급 유지,"51,500",33.53%,X,0,3,"-47,177","26,184",X,X,92.7%,이격과도(눌림),관망(C),"52,580원 ~ 55,555원","52,580","55,555","57,081","49,607",https://stock.naver.com/domestic/stock/041830/price
042660,한화오션,조선/방산/중공업,C,--3.10%,C (유지),기존 등급 유지,"71,800",9.78%,X,1,0,"-360,109","-384,113",X,X,88.2%,이격과도(눌림),관망(C),"76,160원 ~ 81,385원","76,160","81,385","84,618","101,542",https://stock.naver.com/domestic/stock/042660/price
044490,태웅,전력/에너지/원자력,C,--2.59%,C (유지),기존 등급 유지,"35,800",3.11%,X,0,4,"-21,602","41,829",X,X,95.3%,이격과도(눌림),관망(C),"37,250원 ~ 37,585원","37,250","37,585","32,158","36,078",https://stock.naver.com/domestic/stock/044490/price
047040,대우건설,전력/에너지/원자력,C,--4.21%,C (유지),기존 등급 유지,"16,610",9.47%,X,1,0,"408,919","-923,909",X,X,90.0%,이격과도(눌림),관망(C),"17,428원 ~ 18,458원","17,428","18,458","16,996","21,341",https://stock.naver.com/domestic/stock/047040/price
047810,한국항공우주,조선/방산/중공업,C,--0.16%,C (유지),기존 등급 유지,"121,600",23.63%,X,0,1,"-342,108","14,652",X,X,94.5%,이격과도(눌림),관망(C),"126,580원 ~ 128,615원","126,580","128,615","135,338","148,193",https://stock.naver.com/domestic/stock/047810/price
048550,SM C&C,엔터/미디어/소비재,C,--6.13%,C (유지),기존 등급 유지,903,4.03%,X,4,0,"1,172,494","-2,402,774",X,X,85.4%,이격과도(눌림),관망(C),"995원 ~ 1,057원",995,"1,057","1,311","1,247",https://stock.naver.com/domestic/stock/048550/price
051600,한전KPS,전력/에너지/원자력,C,--1.46%,C (유지),기존 등급 유지,"43,750",8.11%,X,2,0,"2,835","-61,733",X,X,94.3%,이격과도(눌림),관망(C),"44,560원 ~ 46,408원","44,560","46,408","45,644","49,514",https://stock.naver.com/domestic/stock/051600/price
051900,LG생활건강,엔터/미디어/소비재,C,--1.85%,B -> C (하향),"20일선 이탈, 쌍끌이 매수 중단","266,000",31.49%,X,0,2,"-3,638","-3,841",X,X,92.7%,이격과도(눌림),관망(C),"269,600원 ~ 286,800원","269,600","286,800","286,675","267,958",https://stock.naver.com/domestic/stock/051900/price
052400,코나아이,IT/소프트웨어/AI,C,--0.42%,C (유지),기존 등급 유지,"35,800",4.09%,X,1,0,"21,714","-41,497",X,X,96.6%,이격과도(눌림),관망(C),"36,930원 ~ 37,075원","36,930","37,075","39,084","46,435",https://stock.naver.com/domestic/stock/052400/price
052690,한전기술,전력/에너지/원자력,C,--5.63%,C (유지),기존 등급 유지,"120,600",11.25%,X,0,3,"-122,563","46,784",X,X,90.3%,이격과도(눌림),관망(C),"125,460원 ~ 133,550원","125,460","133,550","111,055","127,656",https://stock.naver.com/domestic/stock/052690/price
055550,신한지주,금융/지주,C,--3.19%,C (유지),기존 등급 유지,"100,000",61.32%,X,0,0,"-270,332","131,663",X,X,91.2%,이격과도(눌림),관망(C),"103,460원 ~ 109,635원","103,460","109,635","107,223","103,018",https://stock.naver.com/domestic/stock/055550/price
058430,포스코스틸리온,철강/소재/화학,C,--1.68%,C (유지),기존 등급 유지,"4,395",3.30%,X,0,1,"-59,357","1,530",X,X,94.2%,이격과도(눌림),관망(C),"4,551원 ~ 4,667원","4,551","4,667","4,592","8,154",https://stock.naver.com/domestic/stock/058430/price
058610,에스피지,IT/소프트웨어/AI,C,--2.60%,B -> C (하향),"20일선 이탈, 쌍끌이 매수 중단","97,300",6.31%,X,1,0,"119,644","-111,840",X,X,98.8%,적정(안전),관망(C),"98,500원 ~ 101,560원","101,560","98,500","93,313","99,962",https://stock.naver.com/domestic/stock/058610/price
060370,LS마린솔루션,건설/인프라,C,--5.75%,B -> C (하향),"20일선 이탈, 쌍끌이 매수 중단","31,950",2.77%,X,0,0,"-43,923","-137,122",X,X,97.9%,적정(안전),관망(C),"32,622원 ~ 33,310원","33,310","32,622","30,917","31,951",https://stock.naver.com/domestic/stock/060370/price
064400,LG씨엔에스,IT/소프트웨어/AI,C,--2.03%,C (유지),기존 등급 유지,"67,700",5.54%,X,0,0,"-177,647","-178,506",X,X,95.8%,이격과도(눌림),관망(C),"70,620원 ~ 70,690원","70,620","70,690","70,470","76,045",https://stock.naver.com/domestic/stock/064400/price
064960,SNT모티브,일반 주도주,C,--1.50%,B -> C (하향),"20일선 이탈, 쌍끌이 매수 중단","26,250",11.83%,X,0,0,"-27,682","-17,125",X,X,99.4%,적정(안전),관망(C),"26,402원 ~ 26,670원","26,670","26,402","26,497","28,706",https://stock.naver.com/domestic/stock/064960/price
066570,LG전자,IT/소프트웨어/AI,C,--3.37%,B -> C (하향),"20일선 이탈, 쌍끌이 매수 중단","201,000",29.43%,X,0,1,"-824,773","122,749",X,X,96.8%,이격과도(눌림),관망(C),"207,655원 ~ 214,100원","214,100","207,655","194,295","196,707",https://stock.naver.com/domestic/stock/066570/price
066575,LG전자우,일반 주도주,C,--2.44%,B -> C (하향),"20일선 이탈, 쌍끌이 매수 중단","71,900",45.69%,X,0,0,"58,084",-992,X,X,99.5%,적정(안전),관망(C),"72,240원 ~ 75,340원","75,340","72,240","69,052","71,068",https://stock.naver.com/domestic/stock/066575/price
068270,셀트리온,바이오/헬스케어,C,--2.45%,B -> C (하향),"20일선 이탈, 쌍끌이 매수 중단","179,000",25.33%,X,2,0,"29,130","-118,799",X,X,99.4%,적정(안전),관망(C),"180,085원 ~ 181,980원","181,980","180,085","184,700","185,494",https://stock.naver.com/domestic/stock/068270/price
069260,TKG휴켐스,일반 주도주,C,--0.88%,C (유지),기존 등급 유지,"15,700",7.79%,X,2,0,"15,523","-7,700",X,X,96.9%,이격과도(눌림),관망(C),"15,834원 ~ 16,196원","15,834","16,196","15,860","16,395",https://stock.naver.com/domestic/stock/069260/price
069620,대웅제약,바이오/헬스케어,C,--1.63%,B -> C (하향),"20일선 이탈, 쌍끌이 매수 중단","108,600",14.62%,X,3,0,"14,095","-14,022",X,X,98.8%,적정(안전),관망(C),"109,240원 ~ 109,870원","109,240","109,870","118,905","126,237",https://stock.naver.com/domestic/stock/069620/price
071050,한국금융지주,금융/지주,C,--3.10%,C (유지),기존 등급 유지,"169,000",38.04%,X,2,0,"73,231","-113,363",X,X,91.7%,이격과도(눌림),관망(C),"176,040원 ~ 184,295원","176,040","184,295","195,533","219,538",https://stock.naver.com/domestic/stock/071050/price
071055,한국금융지주우,금융/지주,C,--1.93%,B -> C (하향),"20일선 이탈, 쌍끌이 매수 중단","137,300",20.30%,X,0,2,"-8,460",655,X,X,94.3%,이격과도(눌림),관망(C),"140,900원 ~ 145,550원","140,900","145,550","148,105","157,532",https://stock.naver.com/domestic/stock/071055/price
071970,HD현대마린엔진,조선/방산/중공업,C,--4.89%,C (유지),기존 등급 유지,"42,800",11.98%,X,1,0,"-137,814","-126,746",X,X,86.5%,이격과도(눌림),관망(C),"46,550원 ~ 49,495원","46,550","49,495","53,341","65,562",https://stock.naver.com/domestic/stock/071970/price
073240,금호타이어,자동차/모빌리티,C,--0.30%,C (유지),기존 등급 유지,"6,640",12.52%,X,0,1,"-267,330","326,490",X,X,95.7%,이격과도(눌림),관망(C),"6,752원 ~ 6,942원","6,752","6,942","6,992","6,122",https://stock.naver.com/domestic/stock/073240/price
075580,세진중공업,조선/방산/중공업,C,--5.10%,C (유지),기존 등급 유지,"9,310",2.44%,X,0,0,"-60,555","54,970",X,X,92.3%,이격과도(눌림),관망(C),"9,826원 ~ 10,082원","9,826","10,082","10,634","13,441",https://stock.naver.com/domestic/stock/075580/price
077970,STX엔진,조선/방산/중공업,C,--5.88%,C (유지),기존 등급 유지,"20,800",3.29%,X,0,0,"-97,414","-4,267",X,X,90.1%,이격과도(눌림),관망(C),"22,280원 ~ 23,078원","22,280","23,078","24,332","32,493",https://stock.naver.com/domestic/stock/077970/price
078930,GS,전력/에너지/원자력,C,--4.64%,C (유지),기존 등급 유지,"104,800",20.68%,X,1,0,"99,168","-187,932",X,X,93.4%,이격과도(눌림),관망(C),"105,580원 ~ 112,185원","105,580","112,185","105,740","89,818",https://stock.naver.com/domestic/stock/078930/price
079550,LIG디펜스앤에어로스페이스,조선/방산/중공업,C,--6.07%,C (유지),기존 등급 유지,"619,000",26.18%,X,0,2,"-187,255","-2,907",X,X,89.4%,이격과도(눌림),관망(C),"692,400원 ~ 695,400원","695,400","692,400","714,150","781,617",https://stock.naver.com/domestic/stock/079550/price
081660,미스토홀딩스,일반 주도주,C,--2.42%,C (유지),기존 등급 유지,"38,250",40.43%,X,1,0,"-51,935","45,026",X,X,98.2%,적정(안전),관망(C),"38,610원 ~ 38,935원","38,610","38,935","42,094","41,514",https://stock.naver.com/domestic/stock/081660/price
082740,한화엔진,조선/방산/중공업,C,--9.16%,C (유지),기존 등급 유지,"41,150",13.76%,X,0,0,"-607,207","-351,089",X,X,84.9%,이격과도(눌림),관망(C),"46,340원 ~ 48,445원","46,340","48,445","46,371","54,728",https://stock.naver.com/domestic/stock/082740/price
082920,비츠로셀,일반 주도주,C,--5.25%,B -> C (하향),"20일선 이탈, 쌍끌이 매수 중단","28,000",28.36%,X,0,0,"-40,022","-71,476",X,X,98.0%,적정(안전),관망(C),"28,585원 ~ 29,300원","29,300","28,585","29,542","39,440",https://stock.naver.com/domestic/stock/082920/price
083650,비에이치아이,전력/에너지/원자력,C,--6.82%,C (유지),기존 등급 유지,"53,300",7.63%,X,1,0,"21,233","-217,954",X,X,85.7%,이격과도(눌림),관망(C),"57,680원 ~ 62,220원","57,680","62,220","55,552","65,670",https://stock.naver.com/domestic/stock/083650/price
086280,현대글로비스,자동차/모빌리티,C,--2.55%,C (유지),기존 등급 유지,"183,200",46.76%,X,1,0,"-20,935","-99,174",X,X,91.4%,이격과도(눌림),관망(C),"194,240원 ~ 200,395원","194,240","200,395","200,142","209,403",https://stock.naver.com/domestic/stock/086280/price
086790,하나금융지주,금융/지주,C,--3.41%,C (유지),기존 등급 유지,"124,500",68.71%,X,3,0,"148,823","-198,265",X,X,93.0%,이격과도(눌림),관망(C),"128,080원 ~ 133,820원","128,080","133,820","132,078","126,568",https://stock.naver.com/domestic/stock/086790/price
086900,메디톡스,반도체/소부장,C,--2.07%,C (유지),기존 등급 유지,"66,100",12.41%,X,0,0,"-10,290","-1,465",X,X,97.4%,적정(안전),관망(C),"67,020원 ~ 67,880원","67,020","67,880","70,597","81,778",https://stock.naver.com/domestic/stock/086900/price
087010,펩트론,바이오/헬스케어,C,-29.94%,C (유지),기존 등급 유지,"91,500",4.69%,X,0,0,"43,273","-56,442",X,X,66.2%,이격과도(눌림),관망(C),"117,860원 ~ 138,240원","117,860","138,240","149,805","195,300",https://stock.naver.com/domestic/stock/087010/price
088350,한화생명,금융/지주,C,--2.45%,B -> C (하향),"20일선 이탈, 쌍끌이 매수 중단","5,180",8.76%,X,2,0,"428,315","-45,564",X,X,91.0%,이격과도(눌림),관망(C),"5,280원 ~ 5,692원","5,280","5,692","5,190","5,062",https://stock.naver.com/domestic/stock/088350/price
088980,맥쿼리인프라,건설/인프라,C,--0.41%,B -> C (하향),"20일선 이탈, 쌍끌이 매수 중단","9,760",7.45%,X,0,5,"-519,299","538,660",X,X,99.4%,적정(안전),관망(C),"9,786원 ~ 9,816원","9,786","9,816","9,886","10,417",https://stock.naver.com/domestic/stock/088980/price
090360,로보스타,일반 주도주,C,--3.70%,B -> C (하향),"20일선 이탈, 쌍끌이 매수 중단","75,400",6.08%,X,1,0,"38,459","-49,943",X,X,96.8%,이격과도(눌림),관망(C),"77,930원 ~ 78,780원","78,780","77,930","74,312","80,137",https://stock.naver.com/domestic/stock/090360/price
090430,아모레퍼시픽,엔터/미디어/소비재,C,--3.32%,B -> C (하향),"20일선 이탈, 쌍끌이 매수 중단","133,900",26.09%,X,2,0,"38,078",-540,X,X,95.5%,이격과도(눌림),관망(C),"134,840원 ~ 140,150원","134,840","140,150","135,093","127,467",https://stock.naver.com/domestic/stock/090430/price
093320,케이아이엔엑스,일반 주도주,C,--1.37%,C (유지),기존 등급 유지,"129,200",43.68%,X,0,2,"-1,523","1,464",X,X,95.8%,이격과도(눌림),관망(C),"128,160원 ~ 134,900원","128,160","134,900","138,257","126,004",https://stock.naver.com/domestic/stock/093320/price
097230,HJ중공업,조선/방산/중공업,C,--4.17%,C (유지),기존 등급 유지,"14,250",5.81%,X,0,0,"-79,617","-17,377",X,X,93.4%,이격과도(눌림),관망(C),"14,972원 ~ 15,250원","14,972","15,250","15,968","19,838",https://stock.naver.com/domestic/stock/097230/price
099320,쎄트렉아이,조선/방산/중공업,C,--7.98%,C (유지),기존 등급 유지,"69,200",9.26%,X,0,0,"-137,333","-20,111",X,X,91.1%,이격과도(눌림),관망(C),"75,945원 ~ 77,920원","77,920","75,945","74,803","105,367",https://stock.naver.com/domestic/stock/099320/price
100090,SK오션플랜트,전력/에너지/원자력,C,--2.98%,B -> C (하향),"20일선 이탈, 쌍끌이 매수 중단","12,030",4.21%,X,0,0,"178,659","-15,144",X,X,99.1%,적정(안전),관망(C),"12,140원 ~ 12,274원","12,274","12,140","13,116","15,960",https://stock.naver.com/domestic/stock/100090/price
100840,SNT에너지,전력/에너지/원자력,C,--4.05%,B -> C (하향),"20일선 이탈, 쌍끌이 매수 중단","32,000",1.01%,X,2,0,"7,709","-42,340",X,X,87.3%,이격과도(눌림),관망(C),"34,630원 ~ 36,672원","34,630","36,672","30,780","36,471",https://stock.naver.com/domestic/stock/100840/price
103140,풍산,조선/방산/중공업,C,--3.09%,C (유지),기존 등급 유지,"65,900",12.35%,X,1,0,"-121,508","-360,757",X,X,85.6%,이격과도(눌림),관망(C),"73,600원 ~ 77,005원","73,600","77,005","74,952","78,881",https://stock.naver.com/domestic/stock/103140/price
105560,KB금융,금융/지주,C,--3.03%,B -> C (하향),"20일선 이탈, 쌍끌이 매수 중단","163,400",78.62%,X,0,0,"-78,928","35,333",X,X,94.3%,이격과도(눌림),관망(C),"166,980원 ~ 173,345원","166,980","173,345","171,855","165,328",https://stock.naver.com/domestic/stock/105560/price
108490,로보티즈,IT/소프트웨어/AI,C,--2.45%,C (유지),기존 등급 유지,"298,000",7.72%,X,1,0,"76,505","-34,394",X,X,97.4%,적정(안전),관망(C),"305,400원 ~ 305,875원","305,400","305,875","257,045","274,626",https://stock.naver.com/domestic/stock/108490/price
108860,셀바스AI,IT/소프트웨어/AI,C,--2.34%,B -> C (하향),"20일선 이탈, 쌍끌이 매수 중단","8,760",1.74%,X,0,4,"-37,491","3,325",X,X,98.4%,적정(안전),관망(C),"8,902원 ~ 9,060원","9,060","8,902","8,824","9,735",https://stock.naver.com/domestic/stock/108860/price
111770,영원무역,엔터/미디어/소비재,C,0.00%,C (유지),기존 등급 유지,"70,800",29.19%,X,0,2,"-13,424","24,336",X,X,99.2%,적정(안전),관망(C),"69,460원 ~ 71,365원","69,460","71,365","79,110","80,138",https://stock.naver.com/domestic/stock/111770/price
119850,지엔씨에너지,전력/에너지/원자력,C,--7.06%,C (유지),기존 등급 유지,"48,050",9.68%,X,1,0,"154,839","-294,362",X,O,92.7%,이격과도(눌림),관망(C),"51,820원 ~ 52,090원","52,090","51,820","46,340","37,247",https://stock.naver.com/domestic/stock/119850/price
120110,코오롱인더,일반 주도주,C,--0.54%,B -> C (하향),"20일선 이탈, 쌍끌이 매수 중단","55,700",17.98%,X,1,0,"64,218","-95,068",X,X,99.9%,적정(안전),관망(C),"55,770원 ~ 56,260원","56,260","55,770","54,471","65,119",https://stock.naver.com/domestic/stock/120110/price
122870,와이지엔터테인먼트,엔터/미디어/소비재,C,--2.41%,C (유지),기존 등급 유지,"40,500",9.18%,X,2,0,"15,287","-17,153",X,X,94.6%,이격과도(눌림),관망(C),"41,010원 ~ 42,808원","41,010","42,808","41,125","44,260",https://stock.naver.com/domestic/stock/122870/price
122900,아이마켓코리아,일반 주도주,C,--0.36%,C (유지),기존 등급 유지,"8,200",3.74%,X,0,1,"-28,837","17,985",X,X,99.6%,적정(안전),관망(C),"8,200원 ~ 8,232원","8,200","8,232","7,887","7,653",https://stock.naver.com/domestic/stock/122900/price
123890,한국자산신탁,일반 주도주,C,+0.41%,C (유지),기존 등급 유지,"2,425",5.75%,X,1,0,"6,923","-5,753",X,X,98.4%,적정(안전),관망(C),"2,418원 ~ 2,465원","2,418","2,465","2,405","2,401",https://stock.naver.com/domestic/stock/123890/price
124500,아이티센글로벌,IT/소프트웨어/AI,C,--6.26%,C (유지),기존 등급 유지,"26,200",3.71%,X,1,0,"84,571","-86,191",X,X,87.6%,이격과도(눌림),관망(C),"28,600원 ~ 29,895원","28,600","29,895","27,896","35,128",https://stock.naver.com/domestic/stock/124500/price
128940,한미약품,바이오/헬스케어,C,--9.74%,B -> C (하향),"20일선 이탈, 쌍끌이 매수 중단","482,000",11.85%,X,0,1,"-129,877","3,737",X,X,96.6%,이격과도(눌림),관망(C),"498,875원 ~ 509,800원","509,800","498,875","440,817","446,388",https://stock.naver.com/domestic/stock/128940/price
130660,한전산업,전력/에너지/원자력,C,--3.54%,C (유지),기존 등급 유지,"11,720",2.30%,X,1,0,"6,622","-15,337",X,X,92.2%,이격과도(눌림),관망(C),"12,220원 ~ 12,712원","12,220","12,712","11,780","13,583",https://stock.naver.com/domestic/stock/130660/price
136490,선진,일반 주도주,C,--1.17%,C (유지),기존 등급 유지,"10,120",7.52%,X,0,0,"-3,727","-2,139",X,X,97.9%,적정(안전),관망(C),"10,102원 ~ 10,336원","10,102","10,336","10,183","10,115",https://stock.naver.com/domestic/stock/136490/price
138040,메리츠금융지주,금융/지주,C,--2.84%,B -> C (하향),"20일선 이탈, 쌍끌이 매수 중단","126,700",14.17%,X,1,0,"5,999","46,392",X,O,98.7%,적정(안전),관망(C),"128,410원 ~ 128,520원","128,520","128,410","123,237","116,627",https://stock.naver.com/domestic/stock/138040/price
138930,BNK금융지주,금융/지주,C,--1.36%,C (유지),기존 등급 유지,"15,270",37.27%,X,1,0,"269,955","-191,900",X,X,96.3%,이격과도(눌림),관망(C),"15,698원 ~ 15,851원","15,698","15,851","15,868","16,804",https://stock.naver.com/domestic/stock/138930/price
139130,iM금융지주,금융/지주,C,--2.22%,C (유지),기존 등급 유지,"17,600",44.76%,X,0,0,"-181,423","65,283",X,X,96.0%,이격과도(눌림),관망(C),"18,280원 ~ 18,338원","18,280","18,338","17,885","17,951",https://stock.naver.com/domestic/stock/139130/price
139480,이마트,엔터/미디어/소비재,C,--1.26%,C (유지),기존 등급 유지,"70,400",22.81%,X,2,0,"12,486","-28,392",X,X,96.6%,이격과도(눌림),관망(C),"71,240원 ~ 72,885원","71,240","72,885","76,118","84,929",https://stock.naver.com/domestic/stock/139480/price
141080,리가켐바이오,바이오/헬스케어,C,--8.07%,C (유지),기존 등급 유지,"74,000",12.61%,X,0,0,"-115,495","-185,098",X,X,89.4%,이격과도(눌림),관망(C),"81,380원 ~ 82,785원","81,380","82,785","95,340","128,263",https://stock.naver.com/domestic/stock/141080/price
145020,휴젤,바이오/헬스케어,C,--1.25%,B -> C (하향),"20일선 이탈, 쌍끌이 매수 중단","181,300",56.65%,X,0,2,"7,162","2,440",X,X,87.9%,이격과도(눌림),관망(C),"181,740원 ~ 206,305원","181,740","206,305","233,435","245,763",https://stock.naver.com/domestic/stock/145020/price
161890,한국콜마,엔터/미디어/소비재,C,--5.56%,C (유지),기존 등급 유지,"137,500",41.25%,X,1,0,"59,091",-733,X,X,95.5%,이격과도(눌림),관망(C),"140,560원 ~ 144,040원","140,560","144,040","128,968","110,079",https://stock.naver.com/domestic/stock/161890/price
175330,JB금융지주,금융/지주,C,--1.42%,C (유지),기존 등급 유지,"27,850",33.51%,X,0,2,"-92,213","89,830",X,X,91.1%,이격과도(눌림),관망(C),"28,390원 ~ 30,575원","28,390","30,575","28,776","27,615",https://stock.naver.com/domestic/stock/175330/price
180640,한진칼,금융/지주,C,--3.06%,C (유지),기존 등급 유지,"129,800",18.91%,X,3,0,"30,515","-31,255",X,X,94.4%,이격과도(눌림),관망(C),"132,180원 ~ 137,505원","132,180","137,505","125,888","121,524",https://stock.naver.com/domestic/stock/180640/price
181710,NHN,IT/소프트웨어/AI,C,--1.93%,C (유지),기존 등급 유지,"55,800",14.62%,X,0,5,"-25,180","54,448",X,O,98.8%,적정(안전),관망(C),"56,495원 ~ 56,880원","56,880","56,495","54,030","47,026",https://stock.naver.com/domestic/stock/181710/price
182360,큐브엔터,일반 주도주,C,--2.05%,C (유지),기존 등급 유지,"6,210",2.97%,X,2,0,"-5,064","-1,668",X,X,97.3%,적정(안전),관망(C),"6,374원 ~ 6,385원","6,374","6,385","5,840","6,845",https://stock.naver.com/domestic/stock/182360/price
185750,종근당,일반 주도주,C,--1.21%,C (유지),기존 등급 유지,"65,400",15.55%,X,3,0,"12,779","-8,480",X,X,99.6%,적정(안전),관망(C),"65,440원 ~ 65,665원","65,440","65,665","67,263","72,463",https://stock.naver.com/domestic/stock/185750/price
189300,인텔리안테크,조선/방산/중공업,C,--6.86%,B -> C (하향),"20일선 이탈, 쌍끌이 매수 중단","63,800",20.46%,X,0,0,"-129,109","-6,691",X,X,95.1%,이격과도(눌림),관망(C),"67,085원 ~ 69,920원","69,920","67,085","66,042","92,761",https://stock.naver.com/domestic/stock/189300/price
192080,더블유게임즈,IT/소프트웨어/AI,C,--0.52%,C (유지),기존 등급 유지,"57,000",21.53%,X,2,0,"18,828","-15,487",X,X,98.7%,적정(안전),관망(C),"57,300원 ~ 57,740원","57,300","57,740","59,103","60,743",https://stock.naver.com/domestic/stock/192080/price
204320,HL만도,자동차/모빌리티,C,--2.74%,C (유지),기존 등급 유지,"44,350",19.37%,X,1,0,"127,570","-336,434",X,X,93.5%,이격과도(눌림),관망(C),"46,330원 ~ 47,448원","46,330","47,448","48,288","52,376",https://stock.naver.com/domestic/stock/204320/price
207940,삼성바이오로직스,바이오/헬스케어,C,--4.46%,C (유지),기존 등급 유지,"1,220,000",12.96%,X,0,0,"-73,013","-15,657",X,X,88.1%,이격과도(눌림),관망(C),"1,322,000원 ~ 1,384,750원","1,322,000","1,384,750","1,458,267","1,438,425",https://stock.naver.com/domestic/stock/207940/price
211050,인카금융서비스,금융/지주,C,--0.50%,B -> C (하향),"20일선 이탈, 쌍끌이 매수 중단","9,880",2.41%,X,2,0,"13,791","18,917",X,X,97.1%,적정(안전),관망(C),"9,832원 ~ 10,173원","9,832","10,173","10,328","10,284",https://stock.naver.com/domestic/stock/211050/price
211270,AP위성,조선/방산/중공업,C,--5.72%,C (유지),기존 등급 유지,"8,070",1.57%,X,1,0,"-101,745","-119,333",X,X,90.2%,이격과도(눌림),관망(C),"8,946원 ~ 9,044원","9,044","8,946","8,209","11,068",https://stock.naver.com/domestic/stock/211270/price
214150,클래시스,바이오/헬스케어,C,--1.95%,C (유지),기존 등급 유지,"30,100",67.98%,X,1,0,"-16,642","-36,958",X,X,96.6%,이격과도(눌림),관망(C),"30,910원 ~ 31,152원","30,910","31,152","36,847","43,414",https://stock.naver.com/domestic/stock/214150/price
214320,이노션,일반 주도주,C,--0.72%,C (유지),기존 등급 유지,"17,830",19.11%,X,0,0,"-42,341","-15,507",X,X,97.7%,적정(안전),관망(C),"18,062원 ~ 18,246원","18,062","18,246","18,720","19,131",https://stock.naver.com/domestic/stock/214320/price
214450,파마리서치,바이오/헬스케어,C,--3.08%,C (유지),기존 등급 유지,"299,000",13.90%,X,5,0,"71,975","-65,330",X,X,91.4%,이격과도(눌림),관망(C),"306,800원 ~ 327,225원","306,800","327,225","363,583","337,608",https://stock.naver.com/domestic/stock/214450/price
225570,넥슨게임즈,IT/소프트웨어/AI,C,--4.31%,B -> C (하향),"20일선 이탈, 쌍끌이 매수 중단","9,990",2.36%,X,0,0,"6,902","-37,769",X,X,90.3%,이격과도(눌림),관망(C),"10,576원 ~ 11,064원","10,576","11,064","9,993","10,206",https://stock.naver.com/domestic/stock/225570/price
241560,두산밥캣,일반 주도주,C,--2.36%,C (유지),기존 등급 유지,"53,700",38.83%,X,2,0,"32,726","-50,813",X,X,91.8%,이격과도(눌림),관망(C),"54,900원 ~ 58,510원","54,900","58,510","61,083","64,405",https://stock.naver.com/domestic/stock/241560/price
241710,코스메카코리아,엔터/미디어/소비재,C,--4.19%,C (유지),기존 등급 유지,"112,100",24.47%,X,0,2,"-49,831","68,357",X,X,90.6%,이격과도(눌림),관망(C),"113,120원 ~ 123,730원","113,120","123,730","113,147","94,982",https://stock.naver.com/domestic/stock/241710/price
251270,넷마블,IT/소프트웨어/AI,C,--2.46%,C (유지),기존 등급 유지,"33,700",14.06%,X,0,0,"23,679","-64,186",X,X,97.0%,적정(안전),관망(C),"34,530원 ~ 34,750원","34,530","34,750","36,638","40,027",https://stock.naver.com/domestic/stock/251270/price
257720,실리콘투,엔터/미디어/소비재,C,--4.93%,C (유지),기존 등급 유지,"35,700",11.49%,X,1,0,"-203,148","106,442",X,X,87.7%,이격과도(눌림),관망(C),"37,140원 ~ 40,700원","37,140","40,700","41,448","40,284",https://stock.naver.com/domestic/stock/257720/price
259960,크래프톤,IT/소프트웨어/AI,C,--6.93%,C (유지),기존 등급 유지,"186,600",43.45%,X,0,0,"7,715","-43,635",X,X,92.0%,이격과도(눌림),관망(C),"196,860원 ~ 202,880원","196,860","202,880","222,468","238,001",https://stock.naver.com/domestic/stock/259960/price
263750,펄어비스,IT/소프트웨어/AI,C,--1.51%,B -> C (하향),"20일선 이탈, 쌍끌이 매수 중단","32,700",5.13%,X,2,0,"18,480","-10,877",X,X,95.9%,이격과도(눌림),관망(C),"33,220원 ~ 34,082원","33,220","34,082","33,534","39,759",https://stock.naver.com/domestic/stock/263750/price
267250,HD현대,전력/에너지/원자력,C,--4.59%,C (유지),기존 등급 유지,"180,800",26.57%,X,1,0,"38,837","-170,475",X,X,83.6%,이격과도(눌림),관망(C),"193,100원 ~ 216,325원","193,100","216,325","215,052","235,299",https://stock.naver.com/domestic/stock/267250/price
267260,HD현대일렉트릭,전력/에너지/원자력,C,--3.34%,C (유지),기존 등급 유지,"607,000",33.58%,X,1,0,"-103,852","-60,998",X,X,86.5%,이격과도(눌림),관망(C),"655,000원 ~ 701,750원","655,000","701,750","737,650","914,325",https://stock.naver.com/domestic/stock/267260/price
267270,HD건설기계,자동차/모빌리티,C,--7.11%,C (유지),기존 등급 유지,"107,100",15.62%,X,1,0,"22,644","-313,933",X,X,81.8%,이격과도(눌림),관망(C),"115,420원 ~ 130,875원","115,420","130,875","131,255","143,079",https://stock.naver.com/domestic/stock/267270/price
271560,오리온,전력/에너지/원자력,C,--1.89%,C (유지),기존 등급 유지,"104,100",38.99%,X,4,0,"40,262","-36,341",X,X,93.0%,이격과도(눌림),관망(C),"105,680원 ~ 111,880원","105,680","111,880","124,068","129,919",https://stock.naver.com/domestic/stock/271560/price
272450,진에어,일반 주도주,C,--1.03%,B -> C (하향),"20일선 이탈, 쌍끌이 매수 중단","5,770",1.24%,X,0,2,"-18,690","2,563",X,X,96.7%,이격과도(눌림),관망(C),"5,868원 ~ 5,966원","5,868","5,966","5,573","5,807",https://stock.naver.com/domestic/stock/272450/price
274090,켄코아에어로스페이스,반도체/소부장,C,--9.00%,B -> C (하향),"20일선 이탈, 쌍끌이 매수 중단","11,330",1.26%,X,1,0,"-174,951","-2,370",X,X,97.3%,적정(안전),관망(C),"11,647원 ~ 12,636원","12,636","11,647","10,494","15,424",https://stock.naver.com/domestic/stock/274090/price
277810,레인보우로보틱스,IT/소프트웨어/AI,C,--3.47%,B -> C (하향),"20일선 이탈, 쌍끌이 매수 중단","431,500",5.94%,X,0,1,-797,"20,248",X,X,99.0%,적정(안전),관망(C),"435,925원 ~ 445,800원","445,800","435,925","445,242","541,792",https://stock.naver.com/domestic/stock/277810/price
279570,케이뱅크,금융/지주,C,--2.77%,C (유지),기존 등급 유지,"5,270",1.66%,X,0,0,"253,690","-11,717",X,X,95.8%,이격과도(눌림),관망(C),"5,400원 ~ 5,504원","5,400","5,504","5,646","5,806",https://stock.naver.com/domestic/stock/279570/price
280360,롯데웰푸드,일반 주도주,C,--1.06%,B -> C (하향),"20일선 이탈, 쌍끌이 매수 중단","121,400",14.05%,X,4,0,"8,763","-6,053",X,X,93.8%,이격과도(눌림),관망(C),"121,220원 ~ 129,360원","121,220","129,360","122,357","116,539",https://stock.naver.com/domestic/stock/280360/price
282330,BGF리테일,엔터/미디어/소비재,C,--3.38%,C (유지),기존 등급 유지,"125,600",40.22%,X,1,0,"5,264","-2,186",X,X,91.9%,이격과도(눌림),관망(C),"127,760원 ~ 136,715원","127,760","136,715","136,213","132,155",https://stock.naver.com/domestic/stock/282330/price
285130,SK케미칼,철강/소재/화학,C,--0.39%,C (유지),기존 등급 유지,"51,200",10.46%,X,5,0,"16,931","-17,980",X,X,98.1%,적정(안전),관망(C),"51,440원 ~ 52,205원","51,440","52,205","47,367","47,630",https://stock.naver.com/domestic/stock/285130/price
293490,카카오게임즈,IT/소프트웨어/AI,C,--7.72%,B -> C (하향),"20일선 이탈, 쌍끌이 매수 중단","9,330",4.42%,X,0,0,"-113,199","139,762",X,X,98.7%,적정(안전),관망(C),"9,454원 ~ 9,910원","9,910","9,454","8,687","9,381",https://stock.naver.com/domestic/stock/293490/price
294870,IPARK현대산업개발,건설/인프라,C,--1.35%,C (유지),기존 등급 유지,"21,850",17.49%,X,0,2,"-56,952","-2,350",X,X,93.8%,이격과도(눌림),관망(C),"22,120원 ~ 23,298원","22,120","23,298","21,879","21,449",https://stock.naver.com/domestic/stock/294870/price
298040,효성중공업,전력/에너지/원자력,C,--2.86%,C (유지),기존 등급 유지,"2,514,000",26.02%,X,0,1,"-94,716","-21,432",X,X,89.4%,이격과도(눌림),관망(C),"2,706,200원 ~ 2,811,400원","2,706,200","2,811,400","2,769,600","3,173,067",https://stock.naver.com/domestic/stock/298040/price
298380,에이비엘바이오,바이오/헬스케어,C,--5.77%,C (유지),기존 등급 유지,"48,150",14.56%,X,1,0,"-154,528","-104,609",X,X,85.6%,이격과도(눌림),관망(C),"51,410원 ~ 56,262원","51,410","56,262","69,391","93,320",https://stock.naver.com/domestic/stock/298380/price
300720,한일시멘트,건설/인프라,C,--0.19%,C (유지),기존 등급 유지,"16,150",4.50%,X,2,0,"21,079","-2,825",X,X,99.2%,적정(안전),관망(C),"16,094원 ~ 16,277원","16,094","16,277","15,399","15,377",https://stock.naver.com/domestic/stock/300720/price
307950,현대오토에버,IT/소프트웨어/AI,C,--2.94%,C (유지),기존 등급 유지,"363,000",2.28%,X,0,2,"-32,505","28,770",X,X,96.3%,이격과도(눌림),관망(C),"376,900원 ~ 377,300원","377,300","376,900","399,483","492,058",https://stock.naver.com/domestic/stock/307950/price
308430,셀비온,바이오/헬스케어,C,--4.03%,B -> C (하향),"20일선 이탈, 쌍끌이 매수 중단","13,590",2.49%,X,0,2,"-14,859","5,999",X,X,99.6%,적정(안전),관망(C),"13,650원 ~ 14,108원","14,108","13,650","13,279","18,852",https://stock.naver.com/domestic/stock/308430/price
310210,보로노이,바이오/헬스케어,C,--6.13%,B -> C (하향),"20일선 이탈, 쌍끌이 매수 중단","137,800",5.64%,X,1,0,"-27,219","-9,071",X,X,95.8%,이격과도(눌림),관망(C),"143,805원 ~ 146,680원","146,680","143,805","148,467","195,832",https://stock.naver.com/domestic/stock/310210/price
316140,우리금융지주,금융/지주,C,--2.85%,B -> C (하향),"20일선 이탈, 쌍끌이 매수 중단","32,400",52.16%,X,0,0,"-752,466","322,734",X,X,92.5%,이격과도(눌림),관망(C),"33,320원 ~ 35,015원","33,320","35,015","33,472","32,565",https://stock.naver.com/domestic/stock/316140/price
319400,현대무벡스,건설/인프라,C,+1.99%,C (유지),기존 등급 유지,"20,550",3.23%,X,0,2,"-757,195","471,434",X,X,96.5%,이격과도(눌림),관망(C),"20,700원 ~ 21,292원","20,700","21,292","22,162","27,396",https://stock.naver.com/domestic/stock/319400/price
321550,티움바이오,바이오/헬스케어,C,--2.75%,B -> C (하향),"20일선 이탈, 쌍끌이 매수 중단","4,595",3.33%,X,0,0,"13,263","-54,255",X,X,99.8%,적정(안전),관망(C),"4,603원 ~ 4,699원","4,699","4,603","4,380","5,918",https://stock.naver.com/domestic/stock/321550/price
323410,카카오뱅크,금융/지주,C,--1.71%,C (유지),기존 등급 유지,"19,520",17.19%,X,1,0,"180,826","-318,975",X,X,94.9%,이격과도(눌림),관망(C),"19,796원 ~ 20,574원","19,796","20,574","21,504","22,287",https://stock.naver.com/domestic/stock/323410/price
326030,SK바이오팜,바이오/헬스케어,C,--4.34%,C (유지),기존 등급 유지,"72,700",11.64%,X,0,0,"-91,620","-28,546",X,X,93.4%,이격과도(눌림),관망(C),"75,620원 ~ 77,845원","75,620","77,845","81,450","87,492",https://stock.naver.com/domestic/stock/326030/price
329180,HD현대중공업,조선/방산/중공업,C,--3.87%,C (유지),기존 등급 유지,"384,500",13.81%,X,4,0,"68,206","-190,150",X,X,86.8%,이격과도(눌림),관망(C),"412,700원 ~ 442,750원","412,700","442,750","462,950","546,400",https://stock.naver.com/domestic/stock/329180/price
336260,두산퓨얼셀,전력/에너지/원자력,C,--3.31%,C (유지),기존 등급 유지,"43,750",15.07%,X,1,0,"-18,359","-93,752",X,X,91.0%,이격과도(눌림),관망(C),"45,560원 ~ 48,055원","45,560","48,055","41,258","54,499",https://stock.naver.com/domestic/stock/336260/price
336570,원텍,반도체/소부장,C,--2.65%,B -> C (하향),"20일선 이탈, 쌍끌이 매수 중단","4,955",3.34%,X,0,0,"-12,501","4,664",X,X,99.7%,적정(안전),관망(C),"4,972원 ~ 5,059원","5,059","4,972","5,026","6,119",https://stock.naver.com/domestic/stock/336570/price
344820,KCC글라스,일반 주도주,C,--1.87%,C (유지),기존 등급 유지,"23,550",4.77%,X,0,0,"-2,215",-234,X,X,97.6%,적정(안전),관망(C),"23,870원 ~ 24,125원","23,870","24,125","23,928","24,612",https://stock.naver.com/domestic/stock/344820/price
347850,디앤디파마텍,바이오/헬스케어,C,--6.83%,C (유지),기존 등급 유지,"42,950",10.00%,X,0,0,"-293,337","-19,253",X,X,94.6%,이격과도(눌림),관망(C),"44,910원 ~ 45,422원","44,910","45,422","54,361","68,466",https://stock.naver.com/domestic/stock/347850/price
352820,하이브,IT/소프트웨어/AI,C,--1.80%,A -> C (하향),"20일선 이탈, 쌍끌이 매수 중단","164,000",18.18%,X,3,0,"40,070","92,011",X,X,99.2%,적정(안전),관망(C),"160,120원 ~ 165,390원","160,120","165,390","179,055","203,847",https://stock.naver.com/domestic/stock/352820/price
357120,코람코라이프인프라리츠,건설/인프라,C,+0.37%,C (유지),기존 등급 유지,"4,075",1.59%,X,0,1,"-3,624","-24,787",X,X,98.7%,적정(안전),관망(C),"4,080원 ~ 4,130원","4,080","4,130","4,160","4,246",https://stock.naver.com/domestic/stock/357120/price
358570,지아이이노베이션,바이오/헬스케어,C,--5.16%,B -> C (하향),"20일선 이탈, 쌍끌이 매수 중단","8,450",8.99%,X,0,0,"-197,761","-14,134",X,X,96.5%,이격과도(눌림),관망(C),"8,761원 ~ 8,944원","8,944","8,761","8,241","10,540",https://stock.naver.com/domestic/stock/358570/price
361390,제노코,조선/방산/중공업,C,--0.39%,B -> C (하향),"20일선 이탈, 쌍끌이 매수 중단","12,720",20.62%,X,1,0,"-16,919","-27,293",X,X,99.5%,적정(안전),관망(C),"12,782원 ~ 13,260원","13,260","12,782","12,696","17,411",https://stock.naver.com/domestic/stock/361390/price
365550,ESR켄달스퀘어리츠,건설/인프라,C,--0.80%,B -> C (하향),"20일선 이탈, 쌍끌이 매수 중단","3,105",38.82%,X,0,5,"-163,605","145,829",X,X,98.7%,적정(안전),관망(C),"3,131원 ~ 3,145원","3,131","3,145","3,177","3,580",https://stock.naver.com/domestic/stock/365550/price
375500,DL이앤씨,전력/에너지/원자력,C,--5.69%,C (유지),기존 등급 유지,"68,000",23.92%,X,1,0,"80,817","-93,004",X,X,84.2%,이격과도(눌림),관망(C),"73,220원 ~ 80,755원","73,220","80,755","71,703","76,134",https://stock.naver.com/domestic/stock/375500/price
377190,디앤디플랫폼리츠,건설/인프라,C,--0.20%,C (유지),기존 등급 유지,"1,985",2.43%,X,0,0,"-132,576","18,934",X,X,92.1%,이격과도(눌림),관망(C),"1,995원 ~ 2,154원","1,995","2,154","2,120","2,343",https://stock.naver.com/domestic/stock/377190/price
377300,카카오페이,IT/소프트웨어/AI,C,--3.79%,C (유지),기존 등급 유지,"38,100",27.96%,X,0,1,"-60,348",-714,X,X,90.4%,이격과도(눌림),관망(C),"39,650원 ~ 42,142원","39,650","42,142","42,838","45,619",https://stock.naver.com/domestic/stock/377300/price
381970,KG모빌리티플랫폼,일반 주도주,C,--0.64%,C (유지),기존 등급 유지,"6,240",7.46%,X,0,0,"-31,606","-3,017",X,X,97.4%,적정(안전),관망(C),"6,274원 ~ 6,404원","6,274","6,404","6,845","8,166",https://stock.naver.com/domestic/stock/381970/price
394420,리센스메디컬,일반 주도주,C,--7.85%,C (유지),기존 등급 유지,"7,870",3.96%,X,0,0,"-1,408","-124,322",X,X,85.2%,이격과도(눌림),관망(C),"8,644원 ~ 9,238원","8,644","9,238","10,577","16,911",https://stock.naver.com/domestic/stock/394420/price
402340,SK스퀘어,반도체/소부장,C,--7.27%,B -> C (하향),"20일선 이탈, 쌍끌이 매수 중단","1,059,000",46.55%,X,0,2,"-388,404","217,601",X,X,95.9%,이격과도(눌림),관망(C),"1,103,900원 ~ 1,133,000원","1,133,000","1,103,900","1,089,000","1,151,542",https://stock.naver.com/domestic/stock/402340/price
415640,KB발해인프라,건설/인프라,C,--0.70%,C (유지),기존 등급 유지,"9,970",3.32%,X,0,2,"-26,620","-4,528",X,X,97.0%,적정(안전),관망(C),"10,004원 ~ 10,279원","10,004","10,279","10,439","10,217",https://stock.naver.com/domestic/stock/415640/price
439260,대한조선,조선/방산/중공업,C,--3.86%,B -> C (하향),"20일선 이탈, 쌍끌이 매수 중단","44,800",2.14%,X,0,0,"-31,489","4,650",X,X,96.5%,이격과도(눌림),관망(C),"46,340원 ~ 46,425원","46,340","46,425","47,729","58,812",https://stock.naver.com/domestic/stock/439260/price
443060,HD현대마린솔루션,조선/방산/중공업,C,--0.91%,C (유지),기존 등급 유지,"218,000",30.53%,X,0,1,"46,482","-44,483",X,X,93.7%,이격과도(눌림),관망(C),"226,900원 ~ 232,725원","226,900","232,725","211,278","219,772",https://stock.naver.com/domestic/stock/443060/price
448730,삼성FN리츠,건설/인프라,C,+0.39%,C (유지),기존 등급 유지,"5,100",0.72%,X,0,5,"-22,694","36,801",X,X,99.7%,적정(안전),관망(C),"5,023원 ~ 5,115원","5,023","5,115","5,328","5,502",https://stock.naver.com/domestic/stock/448730/price
454910,두산로보틱스,IT/소프트웨어/AI,C,--2.67%,B -> C (하향),"20일선 이탈, 쌍끌이 매수 중단","69,300",5.51%,X,0,1,"-88,175","-31,728",X,X,98.1%,적정(안전),관망(C),"70,665원 ~ 72,260원","72,260","70,665","69,620","86,037",https://stock.naver.com/domestic/stock/454910/price
462870,시프트업,IT/소프트웨어/AI,C,--2.55%,B -> C (하향),"20일선 이탈, 쌍끌이 매수 중단","30,550",36.72%,X,0,2,"-31,805","14,927",X,X,97.8%,적정(안전),관망(C),"30,880원 ~ 31,250원","30,880","31,250","31,759","31,975",https://stock.naver.com/domestic/stock/462870/price
466100,클로봇,IT/소프트웨어/AI,C,--1.96%,C (유지),기존 등급 유지,"22,550",5.58%,X,0,2,"-64,031","43,460",X,X,97.1%,적정(안전),관망(C),"23,218원 ~ 23,410원","23,410","23,218","25,315","33,037",https://stock.naver.com/domestic/stock/466100/price
475150,SK이터닉스,전력/에너지/원자력,C,--5.91%,C (유지),기존 등급 유지,"46,200",3.78%,X,0,0,"-64,028","-166,389",X,X,91.7%,이격과도(눌림),관망(C),"48,980원 ~ 50,375원","48,980","50,375","52,822","50,149",https://stock.naver.com/domestic/stock/475150/price
476830,알지노믹스,바이오/헬스케어,C,--6.89%,B -> C (하향),"20일선 이탈, 쌍끌이 매수 중단","26,350",8.41%,X,0,0,"-214,791","-88,374",X,X,98.2%,적정(안전),관망(C),"26,845원 ~ 28,360원","28,360","26,845","28,915","77,262",https://stock.naver.com/domestic/stock/476830/price
477850,마키나락스,IT/소프트웨어/AI,C,--1.17%,C (유지),기존 등급 유지,"21,050",0.00%,X,0,1,"-124,576","-8,439",X,X,95.7%,이격과도(눌림),관망(C),"22,002원 ~ 22,200원","22,200","22,002","24,412",0,https://stock.naver.com/domestic/stock/477850/price
483650,달바글로벌,엔터/미디어/소비재,C,--5.36%,B -> C (하향),"20일선 이탈, 쌍끌이 매수 중단","173,000",43.71%,X,0,0,"44,160","-80,776",X,X,97.1%,적정(안전),관망(C),"178,125원 ~ 181,140원","181,140","178,125","209,708","212,009",https://stock.naver.com/domestic/stock/483650/price
499790,GS피앤엘,일반 주도주,C,--1.85%,C (유지),기존 등급 유지,"37,200",11.08%,X,5,0,"39,201","-53,522",X,X,95.9%,이격과도(눌림),관망(C),"37,900원 ~ 38,808원","37,900","38,808","40,119","43,244",https://stock.naver.com/domestic/stock/499790/price
