종목코드,종목명,카테고리코드,카테고리명,상세페이지,순번,구성종목명,비율
069500,KODEX 200,1,국내 시장지수,https://stock.naver.com/domestic/stock/069500/price,1,삼성전자,34.31%
069500,KODEX 200,1,국내 시장지수,https://stock.naver.com/domestic/stock/069500/price,2,SK하이닉스,27.88%
069500,KODEX 200,1,국내 시장지수,https://stock.naver.com/domestic/stock/069500/price,3,SK스퀘어,2.83%
069500,KODEX 200,1,국내 시장지수,https://stock.naver.com/domestic/stock/069500/price,4,삼성전기,2.34%
069500,KODEX 200,1,국내 시장지수,https://stock.naver.com/domestic/stock/069500/price,5,KB금융,1.36%
396500,TIGER 반도체TOP10,2,국내 업종/테마,https://stock.naver.com/domestic/stock/396500/price,1,삼성전자,26.98%
396500,TIGER 반도체TOP10,2,국내 업종/테마,https://stock.naver.com/domestic/stock/396500/price,2,SK하이닉스,23.03%
396500,TIGER 반도체TOP10,2,국내 업종/테마,https://stock.naver.com/domestic/stock/396500/price,3,SK스퀘어,20.26%
396500,TIGER 반도체TOP10,2,국내 업종/테마,https://stock.naver.com/domestic/stock/396500/price,4,한미반도체,6.80%
396500,TIGER 반도체TOP10,2,국내 업종/테마,https://stock.naver.com/domestic/stock/396500/price,5,주성엔지니어링,5.67%
102110,TIGER 200,1,국내 시장지수,https://stock.naver.com/domestic/stock/102110/price,1,삼성전자,34.12%
102110,TIGER 200,1,국내 시장지수,https://stock.naver.com/domestic/stock/102110/price,2,SK하이닉스,27.74%
102110,TIGER 200,1,국내 시장지수,https://stock.naver.com/domestic/stock/102110/price,3,SK스퀘어,2.83%
102110,TIGER 200,1,국내 시장지수,https://stock.naver.com/domestic/stock/102110/price,4,삼성전기,2.33%
102110,TIGER 200,1,국내 시장지수,https://stock.naver.com/domestic/stock/102110/price,5,KB금융,1.35%
278530,KODEX 200TR,1,국내 시장지수,https://stock.naver.com/domestic/stock/278530/price,1,삼성전자,34.32%
278530,KODEX 200TR,1,국내 시장지수,https://stock.naver.com/domestic/stock/278530/price,2,SK하이닉스,27.86%
278530,KODEX 200TR,1,국내 시장지수,https://stock.naver.com/domestic/stock/278530/price,3,SK스퀘어,2.84%
278530,KODEX 200TR,1,국내 시장지수,https://stock.naver.com/domestic/stock/278530/price,4,삼성전기,2.36%
278530,KODEX 200TR,1,국내 시장지수,https://stock.naver.com/domestic/stock/278530/price,5,KB금융,1.36%
091160,KODEX 반도체,2,국내 업종/테마,https://stock.naver.com/domestic/stock/091160/price,1,삼성전자,17.40%
091160,KODEX 반도체,2,국내 업종/테마,https://stock.naver.com/domestic/stock/091160/price,2,SK하이닉스,16.87%
091160,KODEX 반도체,2,국내 업종/테마,https://stock.naver.com/domestic/stock/091160/price,3,한미반도체,10.89%
091160,KODEX 반도체,2,국내 업종/테마,https://stock.naver.com/domestic/stock/091160/price,4,주성엔지니어링,7.04%
091160,KODEX 반도체,2,국내 업종/테마,https://stock.naver.com/domestic/stock/091160/price,5,원익IPS,4.34%
498400,KODEX 200타겟위클리커버드콜,2,국내 업종/테마,https://stock.naver.com/domestic/stock/498400/price,1,삼성전자,29.35%
498400,KODEX 200타겟위클리커버드콜,2,국내 업종/테마,https://stock.naver.com/domestic/stock/498400/price,2,SK하이닉스,23.82%
498400,KODEX 200타겟위클리커버드콜,2,국내 업종/테마,https://stock.naver.com/domestic/stock/498400/price,3,KODEX 200,14.09%
498400,KODEX 200타겟위클리커버드콜,2,국내 업종/테마,https://stock.naver.com/domestic/stock/498400/price,4,SK스퀘어,2.45%
498400,KODEX 200타겟위클리커버드콜,2,국내 업종/테마,https://stock.naver.com/domestic/stock/498400/price,5,삼성전기,2.05%
0167A0,SOL AI반도체TOP2플러스,2,국내 업종/테마,https://stock.naver.com/domestic/stock/0167A0/price,1,삼성전자,24.26%
0167A0,SOL AI반도체TOP2플러스,2,국내 업종/테마,https://stock.naver.com/domestic/stock/0167A0/price,2,SK하이닉스,21.93%
0167A0,SOL AI반도체TOP2플러스,2,국내 업종/테마,https://stock.naver.com/domestic/stock/0167A0/price,3,삼성전기,15.59%
0167A0,SOL AI반도체TOP2플러스,2,국내 업종/테마,https://stock.naver.com/domestic/stock/0167A0/price,4,SK스퀘어,13.34%
0167A0,SOL AI반도체TOP2플러스,2,국내 업종/테마,https://stock.naver.com/domestic/stock/0167A0/price,5,이수페타시스,7.17%
229200,KODEX 코스닥150,1,국내 시장지수,https://stock.naver.com/domestic/stock/229200/price,1,알테오젠,7.46%
229200,KODEX 코스닥150,1,국내 시장지수,https://stock.naver.com/domestic/stock/229200/price,2,에코프로,4.72%
229200,KODEX 코스닥150,1,국내 시장지수,https://stock.naver.com/domestic/stock/229200/price,3,주성엔지니어링,4.01%
229200,KODEX 코스닥150,1,국내 시장지수,https://stock.naver.com/domestic/stock/229200/price,4,에코프로비엠,3.72%
229200,KODEX 코스닥150,1,국내 시장지수,https://stock.naver.com/domestic/stock/229200/price,5,HLB,2.57%
310970,TIGER MSCI Korea TR,1,국내 시장지수,https://stock.naver.com/domestic/stock/310970/price,1,삼성전자,35.35%
310970,TIGER MSCI Korea TR,1,국내 시장지수,https://stock.naver.com/domestic/stock/310970/price,2,SK하이닉스,27.84%
310970,TIGER MSCI Korea TR,1,국내 시장지수,https://stock.naver.com/domestic/stock/310970/price,3,삼성전자우,4.41%
310970,TIGER MSCI Korea TR,1,국내 시장지수,https://stock.naver.com/domestic/stock/310970/price,4,SK스퀘어,2.93%
310970,TIGER MSCI Korea TR,1,국내 시장지수,https://stock.naver.com/domestic/stock/310970/price,5,삼성전기,2.42%
148020,RISE 200,1,국내 시장지수,https://stock.naver.com/domestic/stock/148020/price,1,삼성전자,34.31%
148020,RISE 200,1,국내 시장지수,https://stock.naver.com/domestic/stock/148020/price,2,SK하이닉스,27.86%
148020,RISE 200,1,국내 시장지수,https://stock.naver.com/domestic/stock/148020/price,3,SK스퀘어,2.83%
148020,RISE 200,1,국내 시장지수,https://stock.naver.com/domestic/stock/148020/price,4,삼성전기,2.35%
148020,RISE 200,1,국내 시장지수,https://stock.naver.com/domestic/stock/148020/price,5,KB금융,1.36%
395160,KODEX AI반도체TOP2플러스,2,국내 업종/테마,https://stock.naver.com/domestic/stock/395160/price,1,삼성전자,25.13%
395160,KODEX AI반도체TOP2플러스,2,국내 업종/테마,https://stock.naver.com/domestic/stock/395160/price,2,SK하이닉스,23.63%
395160,KODEX AI반도체TOP2플러스,2,국내 업종/테마,https://stock.naver.com/domestic/stock/395160/price,3,SK스퀘어,22.89%
395160,KODEX AI반도체TOP2플러스,2,국내 업종/테마,https://stock.naver.com/domestic/stock/395160/price,4,삼성전기,19.01%
395160,KODEX AI반도체TOP2플러스,2,국내 업종/테마,https://stock.naver.com/domestic/stock/395160/price,5,한미반도체,2.52%
395270,HANARO Fn K-반도체,2,국내 업종/테마,https://stock.naver.com/domestic/stock/395270/price,1,SK하이닉스,24.83%
395270,HANARO Fn K-반도체,2,국내 업종/테마,https://stock.naver.com/domestic/stock/395270/price,2,삼성전자,24.65%
395270,HANARO Fn K-반도체,2,국내 업종/테마,https://stock.naver.com/domestic/stock/395270/price,3,SK스퀘어,20.60%
395270,HANARO Fn K-반도체,2,국내 업종/테마,https://stock.naver.com/domestic/stock/395270/price,4,삼성전기,16.83%
395270,HANARO Fn K-반도체,2,국내 업종/테마,https://stock.naver.com/domestic/stock/395270/price,5,한미반도체,2.23%
102780,KODEX 삼성그룹,2,국내 업종/테마,https://stock.naver.com/domestic/stock/102780/price,1,삼성전자,26.61%
102780,KODEX 삼성그룹,2,국내 업종/테마,https://stock.naver.com/domestic/stock/102780/price,2,삼성전기,22.74%
102780,KODEX 삼성그룹,2,국내 업종/테마,https://stock.naver.com/domestic/stock/102780/price,3,삼성물산,10.09%
102780,KODEX 삼성그룹,2,국내 업종/테마,https://stock.naver.com/domestic/stock/102780/price,4,삼성SDI,9.48%
102780,KODEX 삼성그룹,2,국내 업종/테마,https://stock.naver.com/domestic/stock/102780/price,5,삼성생명,7.39%
487240,KODEX AI전력핵심설비,2,국내 업종/테마,https://stock.naver.com/domestic/stock/487240/price,1,LS ELECTRIC,20.72%
487240,KODEX AI전력핵심설비,2,국내 업종/테마,https://stock.naver.com/domestic/stock/487240/price,2,효성중공업,19.47%
487240,KODEX AI전력핵심설비,2,국내 업종/테마,https://stock.naver.com/domestic/stock/487240/price,3,HD현대일렉트릭,14.90%
487240,KODEX AI전력핵심설비,2,국내 업종/테마,https://stock.naver.com/domestic/stock/487240/price,4,LS,12.43%
487240,KODEX AI전력핵심설비,2,국내 업종/테마,https://stock.naver.com/domestic/stock/487240/price,5,대한전선,8.85%
472150,TIGER 배당커버드콜액티브,2,국내 업종/테마,https://stock.naver.com/domestic/stock/472150/price,1,삼성전자,24.05%
472150,TIGER 배당커버드콜액티브,2,국내 업종/테마,https://stock.naver.com/domestic/stock/472150/price,2,SK하이닉스,23.30%
472150,TIGER 배당커버드콜액티브,2,국내 업종/테마,https://stock.naver.com/domestic/stock/472150/price,3,TIGER 200,14.21%
472150,TIGER 배당커버드콜액티브,2,국내 업종/테마,https://stock.naver.com/domestic/stock/472150/price,4,삼성전자우,4.21%
472150,TIGER 배당커버드콜액티브,2,국내 업종/테마,https://stock.naver.com/domestic/stock/472150/price,5,삼성전기,2.31%
139260,TIGER 200 IT,2,국내 업종/테마,https://stock.naver.com/domestic/stock/139260/price,1,SK하이닉스,21.07%
139260,TIGER 200 IT,2,국내 업종/테마,https://stock.naver.com/domestic/stock/139260/price,2,SK스퀘어,21.05%
139260,TIGER 200 IT,2,국내 업종/테마,https://stock.naver.com/domestic/stock/139260/price,3,삼성전자,17.49%
139260,TIGER 200 IT,2,국내 업종/테마,https://stock.naver.com/domestic/stock/139260/price,4,삼성전기,17.39%
139260,TIGER 200 IT,2,국내 업종/테마,https://stock.naver.com/domestic/stock/139260/price,5,삼성SDI,6.36%
278540,KODEX MSCI Korea TR,1,국내 시장지수,https://stock.naver.com/domestic/stock/278540/price,1,삼성전자,35.35%
278540,KODEX MSCI Korea TR,1,국내 시장지수,https://stock.naver.com/domestic/stock/278540/price,2,SK하이닉스,27.83%
278540,KODEX MSCI Korea TR,1,국내 시장지수,https://stock.naver.com/domestic/stock/278540/price,3,삼성전자우,4.41%
278540,KODEX MSCI Korea TR,1,국내 시장지수,https://stock.naver.com/domestic/stock/278540/price,4,SK스퀘어,2.93%
278540,KODEX MSCI Korea TR,1,국내 시장지수,https://stock.naver.com/domestic/stock/278540/price,5,삼성전기,2.41%
161510,PLUS 고배당주,2,국내 업종/테마,https://stock.naver.com/domestic/stock/161510/price,1,DB손해보험,6.26%
161510,PLUS 고배당주,2,국내 업종/테마,https://stock.naver.com/domestic/stock/161510/price,2,우리금융지주,5.51%
161510,PLUS 고배당주,2,국내 업종/테마,https://stock.naver.com/domestic/stock/161510/price,3,기업은행,5.24%
161510,PLUS 고배당주,2,국내 업종/테마,https://stock.naver.com/domestic/stock/161510/price,4,GS,5.22%
161510,PLUS 고배당주,2,국내 업종/테마,https://stock.naver.com/domestic/stock/161510/price,5,NH투자증권,4.66%
0193T0,KODEX SK하이닉스단일종목레버리지,2,국내 업종/테마,https://stock.naver.com/domestic/stock/0193T0/price,1,SK하이닉스,89.57%
0193T0,KODEX SK하이닉스단일종목레버리지,2,국내 업종/테마,https://stock.naver.com/domestic/stock/0193T0/price,2,2026-10 SK하이닉스개별선물,16.98 (주)
0193T0,KODEX SK하이닉스단일종목레버리지,2,국내 업종/테마,https://stock.naver.com/domestic/stock/0193T0/price,3,2026-11 SK하이닉스개별선물,0.25 (주)
0193T0,KODEX SK하이닉스단일종목레버리지,2,국내 업종/테마,https://stock.naver.com/domestic/stock/0193T0/price,4,원화현금,10.43%
305720,KODEX 2차전지산업,2,국내 업종/테마,https://stock.naver.com/domestic/stock/305720/price,1,LG에너지솔루션,20.62%
305720,KODEX 2차전지산업,2,국내 업종/테마,https://stock.naver.com/domestic/stock/305720/price,2,삼성SDI,14.37%
305720,KODEX 2차전지산업,2,국내 업종/테마,https://stock.naver.com/domestic/stock/305720/price,3,POSCO홀딩스,13.81%
305720,KODEX 2차전지산업,2,국내 업종/테마,https://stock.naver.com/domestic/stock/305720/price,4,LG화학,10.56%
305720,KODEX 2차전지산업,2,국내 업종/테마,https://stock.naver.com/domestic/stock/305720/price,5,에코프로,7.64%
292150,TIGER 코리아TOP10,2,국내 업종/테마,https://stock.naver.com/domestic/stock/292150/price,1,삼성전자,25.69%
292150,TIGER 코리아TOP10,2,국내 업종/테마,https://stock.naver.com/domestic/stock/292150/price,2,SK하이닉스,24.87%
292150,TIGER 코리아TOP10,2,국내 업종/테마,https://stock.naver.com/domestic/stock/292150/price,3,삼성전기,12.05%
292150,TIGER 코리아TOP10,2,국내 업종/테마,https://stock.naver.com/domestic/stock/292150/price,4,KB금융,6.48%
292150,TIGER 코리아TOP10,2,국내 업종/테마,https://stock.naver.com/domestic/stock/292150/price,5,현대차,6.45%
294400,KIWOOM 200TR,1,국내 시장지수,https://stock.naver.com/domestic/stock/294400/price,1,삼성전자,34.16%
294400,KIWOOM 200TR,1,국내 시장지수,https://stock.naver.com/domestic/stock/294400/price,2,SK하이닉스,27.76%
294400,KIWOOM 200TR,1,국내 시장지수,https://stock.naver.com/domestic/stock/294400/price,3,SK스퀘어,2.84%
294400,KIWOOM 200TR,1,국내 시장지수,https://stock.naver.com/domestic/stock/294400/price,4,삼성전기,2.34%
294400,KIWOOM 200TR,1,국내 시장지수,https://stock.naver.com/domestic/stock/294400/price,5,KB금융,1.35%
105190,ACE 200,1,국내 시장지수,https://stock.naver.com/domestic/stock/105190/price,1,삼성전자,33.65%
105190,ACE 200,1,국내 시장지수,https://stock.naver.com/domestic/stock/105190/price,2,SK하이닉스,27.32%
105190,ACE 200,1,국내 시장지수,https://stock.naver.com/domestic/stock/105190/price,3,SK스퀘어,2.79%
105190,ACE 200,1,국내 시장지수,https://stock.naver.com/domestic/stock/105190/price,4,삼성전기,2.31%
105190,ACE 200,1,국내 시장지수,https://stock.naver.com/domestic/stock/105190/price,5,KB금융,1.33%
329200,TIGER 리츠부동산인프라,2,국내 업종/테마,https://stock.naver.com/domestic/stock/329200/price,1,맥쿼리인프라,14.82%
329200,TIGER 리츠부동산인프라,2,국내 업종/테마,https://stock.naver.com/domestic/stock/329200/price,2,SK리츠,14.62%
329200,TIGER 리츠부동산인프라,2,국내 업종/테마,https://stock.naver.com/domestic/stock/329200/price,3,KB발해인프라,11.28%
329200,TIGER 리츠부동산인프라,2,국내 업종/테마,https://stock.naver.com/domestic/stock/329200/price,4,롯데리츠,10.71%
329200,TIGER 리츠부동산인프라,2,국내 업종/테마,https://stock.naver.com/domestic/stock/329200/price,5,한화리츠,8.79%
0193W0,KODEX 삼성전자단일종목레버리지,2,국내 업종/테마,https://stock.naver.com/domestic/stock/0193W0/price,1,삼성전자,90.02%
0193W0,KODEX 삼성전자단일종목레버리지,2,국내 업종/테마,https://stock.naver.com/domestic/stock/0193W0/price,2,2026-10 삼성전자개별선물,133.65 (주)
0193W0,KODEX 삼성전자단일종목레버리지,2,국내 업종/테마,https://stock.naver.com/domestic/stock/0193W0/price,3,원화현금,9.98%
091230,TIGER 반도체,2,국내 업종/테마,https://stock.naver.com/domestic/stock/091230/price,1,삼성전자,17.43%
091230,TIGER 반도체,2,국내 업종/테마,https://stock.naver.com/domestic/stock/091230/price,2,SK하이닉스,16.96%
091230,TIGER 반도체,2,국내 업종/테마,https://stock.naver.com/domestic/stock/091230/price,3,한미반도체,10.90%
091230,TIGER 반도체,2,국내 업종/테마,https://stock.naver.com/domestic/stock/091230/price,4,주성엔지니어링,7.05%
091230,TIGER 반도체,2,국내 업종/테마,https://stock.naver.com/domestic/stock/091230/price,5,원익IPS,4.35%
0195S0,TIGER SK하이닉스단일종목레버리지,2,국내 업종/테마,https://stock.naver.com/domestic/stock/0195S0/price,1,SK하이닉스,87.01%
0195S0,TIGER SK하이닉스단일종목레버리지,2,국내 업종/테마,https://stock.naver.com/domestic/stock/0195S0/price,2,SK하이닉스선물2610,12.00 (주)
0195S0,TIGER SK하이닉스단일종목레버리지,2,국내 업종/테마,https://stock.naver.com/domestic/stock/0195S0/price,3,SK하이닉스선물2611,3.00 (주)
0195S0,TIGER SK하이닉스단일종목레버리지,2,국내 업종/테마,https://stock.naver.com/domestic/stock/0195S0/price,4,설정현금액,100.00%
0195S0,TIGER SK하이닉스단일종목레버리지,2,국내 업종/테마,https://stock.naver.com/domestic/stock/0195S0/price,5,원화현금,13.37%
152100,PLUS 200,1,국내 시장지수,https://stock.naver.com/domestic/stock/152100/price,1,삼성전자,34.20%
152100,PLUS 200,1,국내 시장지수,https://stock.naver.com/domestic/stock/152100/price,2,SK하이닉스,27.79%
152100,PLUS 200,1,국내 시장지수,https://stock.naver.com/domestic/stock/152100/price,3,SK스퀘어,2.83%
152100,PLUS 200,1,국내 시장지수,https://stock.naver.com/domestic/stock/152100/price,4,삼성전기,2.33%
152100,PLUS 200,1,국내 시장지수,https://stock.naver.com/domestic/stock/152100/price,5,KB금융,1.35%
232080,TIGER 코스닥150,1,국내 시장지수,https://stock.naver.com/domestic/stock/232080/price,1,알테오젠,7.44%
232080,TIGER 코스닥150,1,국내 시장지수,https://stock.naver.com/domestic/stock/232080/price,2,에코프로,4.72%
232080,TIGER 코스닥150,1,국내 시장지수,https://stock.naver.com/domestic/stock/232080/price,3,주성엔지니어링,3.97%
232080,TIGER 코스닥150,1,국내 시장지수,https://stock.naver.com/domestic/stock/232080/price,4,에코프로비엠,3.73%
232080,TIGER 코스닥150,1,국내 시장지수,https://stock.naver.com/domestic/stock/232080/price,5,HLB,2.58%
226490,KODEX 코스피,1,국내 시장지수,https://stock.naver.com/domestic/stock/226490/price,1,삼성전자,28.77%
226490,KODEX 코스피,1,국내 시장지수,https://stock.naver.com/domestic/stock/226490/price,2,SK하이닉스,23.98%
226490,KODEX 코스피,1,국내 시장지수,https://stock.naver.com/domestic/stock/226490/price,3,SK스퀘어,2.73%
226490,KODEX 코스피,1,국내 시장지수,https://stock.naver.com/domestic/stock/226490/price,4,삼성전기,2.10%
226490,KODEX 코스피,1,국내 시장지수,https://stock.naver.com/domestic/stock/226490/price,5,LG에너지솔루션,1.55%
466920,SOL 조선TOP3플러스,2,국내 업종/테마,https://stock.naver.com/domestic/stock/466920/price,1,삼성중공업,25.44%
466920,SOL 조선TOP3플러스,2,국내 업종/테마,https://stock.naver.com/domestic/stock/466920/price,2,한화오션,24.24%
466920,SOL 조선TOP3플러스,2,국내 업종/테마,https://stock.naver.com/domestic/stock/466920/price,3,HD현대중공업,23.79%
466920,SOL 조선TOP3플러스,2,국내 업종/테마,https://stock.naver.com/domestic/stock/466920/price,4,HD한국조선해양,14.58%
466920,SOL 조선TOP3플러스,2,국내 업종/테마,https://stock.naver.com/domestic/stock/466920/price,5,HD현대마린솔루션,4.45%
469150,ACE AI반도체TOP3+,2,국내 업종/테마,https://stock.naver.com/domestic/stock/469150/price,1,한미반도체,25.03%
469150,ACE AI반도체TOP3+,2,국내 업종/테마,https://stock.naver.com/domestic/stock/469150/price,2,삼성전자,23.88%
469150,ACE AI반도체TOP3+,2,국내 업종/테마,https://stock.naver.com/domestic/stock/469150/price,3,SK하이닉스,23.14%
469150,ACE AI반도체TOP3+,2,국내 업종/테마,https://stock.naver.com/domestic/stock/469150/price,4,대덕전자,1.97%
469150,ACE AI반도체TOP3+,2,국내 업종/테마,https://stock.naver.com/domestic/stock/469150/price,5,하나마이크론,1.96%
494310,KODEX 반도체레버리지,2,국내 업종/테마,https://stock.naver.com/domestic/stock/494310/price,1,KODEX 반도체,27.95%
494310,KODEX 반도체레버리지,2,국내 업종/테마,https://stock.naver.com/domestic/stock/494310/price,2,삼성전자,17.30%
494310,KODEX 반도체레버리지,2,국내 업종/테마,https://stock.naver.com/domestic/stock/494310/price,3,SK하이닉스,16.05%
494310,KODEX 반도체레버리지,2,국내 업종/테마,https://stock.naver.com/domestic/stock/494310/price,4,한미반도체,7.70%
494310,KODEX 반도체레버리지,2,국내 업종/테마,https://stock.naver.com/domestic/stock/494310/price,5,이오테크닉스,6.15%
448330,KODEX 삼성전자채권혼합,1,국내 시장지수,https://stock.naver.com/domestic/stock/448330/price,1,KODEX 국고채3년,"3,911.00 (주)"
448330,KODEX 삼성전자채권혼합,1,국내 시장지수,https://stock.naver.com/domestic/stock/448330/price,2,삼성전자,"1,810.00 (주)"
448330,KODEX 삼성전자채권혼합,1,국내 시장지수,https://stock.naver.com/domestic/stock/448330/price,3,KODEX 단기채권PLUS,203.00 (주)
448330,KODEX 삼성전자채권혼합,1,국내 시장지수,https://stock.naver.com/domestic/stock/448330/price,4,KODEX 단기변동금리부채권액티브,135.00 (주)
448330,KODEX 삼성전자채권혼합,1,국내 시장지수,https://stock.naver.com/domestic/stock/448330/price,5,KODEX CD1년금리플러스액티브(합성),27.00 (주)
455850,SOL AI반도체소부장,2,국내 업종/테마,https://stock.naver.com/domestic/stock/455850/price,1,한미반도체,15.88%
455850,SOL AI반도체소부장,2,국내 업종/테마,https://stock.naver.com/domestic/stock/455850/price,2,주성엔지니어링,10.89%
455850,SOL AI반도체소부장,2,국내 업종/테마,https://stock.naver.com/domestic/stock/455850/price,3,이수페타시스,9.16%
455850,SOL AI반도체소부장,2,국내 업종/테마,https://stock.naver.com/domestic/stock/455850/price,4,대덕전자,6.81%
455850,SOL AI반도체소부장,2,국내 업종/테마,https://stock.naver.com/domestic/stock/455850/price,5,원익IPS,6.13%
445290,KODEX 로봇액티브,2,국내 업종/테마,https://stock.naver.com/domestic/stock/445290/price,1,삼성전자,9.46%
445290,KODEX 로봇액티브,2,국내 업종/테마,https://stock.naver.com/domestic/stock/445290/price,2,로보티즈,8.98%
445290,KODEX 로봇액티브,2,국내 업종/테마,https://stock.naver.com/domestic/stock/445290/price,3,LG전자,8.08%
445290,KODEX 로봇액티브,2,국내 업종/테마,https://stock.naver.com/domestic/stock/445290/price,4,레인보우로보틱스,6.65%
445290,KODEX 로봇액티브,2,국내 업종/테마,https://stock.naver.com/domestic/stock/445290/price,5,NAVER,5.77%
494890,KODEX 200액티브,1,국내 시장지수,https://stock.naver.com/domestic/stock/494890/price,1,삼성전자,34.49%
494890,KODEX 200액티브,1,국내 시장지수,https://stock.naver.com/domestic/stock/494890/price,2,SK하이닉스,27.49%
494890,KODEX 200액티브,1,국내 시장지수,https://stock.naver.com/domestic/stock/494890/price,3,SK스퀘어,3.03%
494890,KODEX 200액티브,1,국내 시장지수,https://stock.naver.com/domestic/stock/494890/price,4,삼성전기,2.53%
494890,KODEX 200액티브,1,국내 시장지수,https://stock.naver.com/domestic/stock/494890/price,5,KB금융,1.43%
295040,SOL 200TR,1,국내 시장지수,https://stock.naver.com/domestic/stock/295040/price,1,삼성전자,32.27%
295040,SOL 200TR,1,국내 시장지수,https://stock.naver.com/domestic/stock/295040/price,2,SK하이닉스,26.22%
295040,SOL 200TR,1,국내 시장지수,https://stock.naver.com/domestic/stock/295040/price,3,SK스퀘어,2.67%
295040,SOL 200TR,1,국내 시장지수,https://stock.naver.com/domestic/stock/295040/price,4,삼성전기,2.21%
295040,SOL 200TR,1,국내 시장지수,https://stock.naver.com/domestic/stock/295040/price,5,KB금융,1.28%
0117V0,TIGER 코리아AI전력기기TOP3플러스,2,국내 업종/테마,https://stock.naver.com/domestic/stock/0117V0/price,1,LS ELECTRIC,25.92%
0117V0,TIGER 코리아AI전력기기TOP3플러스,2,국내 업종/테마,https://stock.naver.com/domestic/stock/0117V0/price,2,효성중공업,24.47%
0117V0,TIGER 코리아AI전력기기TOP3플러스,2,국내 업종/테마,https://stock.naver.com/domestic/stock/0117V0/price,3,HD현대일렉트릭,18.64%
0117V0,TIGER 코리아AI전력기기TOP3플러스,2,국내 업종/테마,https://stock.naver.com/domestic/stock/0117V0/price,4,가온전선,6.97%
0117V0,TIGER 코리아AI전력기기TOP3플러스,2,국내 업종/테마,https://stock.naver.com/domestic/stock/0117V0/price,5,LS,4.81%
449450,PLUS K방산,2,국내 업종/테마,https://stock.naver.com/domestic/stock/449450/price,1,한화에어로스페이스,24.22%
449450,PLUS K방산,2,국내 업종/테마,https://stock.naver.com/domestic/stock/449450/price,2,한화오션,17.24%
449450,PLUS K방산,2,국내 업종/테마,https://stock.naver.com/domestic/stock/449450/price,3,LIG디펜스앤에어로스페이스,16.56%
449450,PLUS K방산,2,국내 업종/테마,https://stock.naver.com/domestic/stock/449450/price,4,한국항공우주,15.16%
449450,PLUS K방산,2,국내 업종/테마,https://stock.naver.com/domestic/stock/449450/price,5,현대로템,13.57%
0219E0,KODEX 200커버드콜액티브,2,국내 업종/테마,https://stock.naver.com/domestic/stock/0219E0/price,1,삼성전자,30.49%
0219E0,KODEX 200커버드콜액티브,2,국내 업종/테마,https://stock.naver.com/domestic/stock/0219E0/price,2,SK하이닉스,25.13%
0219E0,KODEX 200커버드콜액티브,2,국내 업종/테마,https://stock.naver.com/domestic/stock/0219E0/price,3,KODEX 200,11.07%
0219E0,KODEX 200커버드콜액티브,2,국내 업종/테마,https://stock.naver.com/domestic/stock/0219E0/price,4,KODEX AI반도체TOP2플러스,3.22%
0219E0,KODEX 200커버드콜액티브,2,국내 업종/테마,https://stock.naver.com/domestic/stock/0219E0/price,5,SK스퀘어,2.03%
495050,RISE 코리아밸류업,1,국내 시장지수,https://stock.naver.com/domestic/stock/495050/price,1,SK하이닉스,20.92%
495050,RISE 코리아밸류업,1,국내 시장지수,https://stock.naver.com/domestic/stock/495050/price,2,삼성전자,17.45%
495050,RISE 코리아밸류업,1,국내 시장지수,https://stock.naver.com/domestic/stock/495050/price,3,SK스퀘어,8.79%
495050,RISE 코리아밸류업,1,국내 시장지수,https://stock.naver.com/domestic/stock/495050/price,4,KB금융,4.21%
495050,RISE 코리아밸류업,1,국내 시장지수,https://stock.naver.com/domestic/stock/495050/price,5,현대차,3.87%
315930,KODEX Top5PlusTR,2,국내 업종/테마,https://stock.naver.com/domestic/stock/315930/price,1,삼성전자,26.65%
315930,KODEX Top5PlusTR,2,국내 업종/테마,https://stock.naver.com/domestic/stock/315930/price,2,SK하이닉스,25.30%
315930,KODEX Top5PlusTR,2,국내 업종/테마,https://stock.naver.com/domestic/stock/315930/price,3,KB금융,8.70%
315930,KODEX Top5PlusTR,2,국내 업종/테마,https://stock.naver.com/domestic/stock/315930/price,4,현대차,8.66%
315930,KODEX Top5PlusTR,2,국내 업종/테마,https://stock.naver.com/domestic/stock/315930/price,5,신한지주,7.19%
237350,KODEX 코스피100,1,국내 시장지수,https://stock.naver.com/domestic/stock/237350/price,1,삼성전자,31.48%
237350,KODEX 코스피100,1,국내 시장지수,https://stock.naver.com/domestic/stock/237350/price,2,SK하이닉스,30.50%
237350,KODEX 코스피100,1,국내 시장지수,https://stock.naver.com/domestic/stock/237350/price,3,SK스퀘어,3.11%
237350,KODEX 코스피100,1,국내 시장지수,https://stock.naver.com/domestic/stock/237350/price,4,삼성전기,2.58%
237350,KODEX 코스피100,1,국내 시장지수,https://stock.naver.com/domestic/stock/237350/price,5,KB금융,1.49%
305540,TIGER 2차전지테마,2,국내 업종/테마,https://stock.naver.com/domestic/stock/305540/price,1,삼성SDI,16.20%
305540,TIGER 2차전지테마,2,국내 업종/테마,https://stock.naver.com/domestic/stock/305540/price,2,LG에너지솔루션,14.82%
305540,TIGER 2차전지테마,2,국내 업종/테마,https://stock.naver.com/domestic/stock/305540/price,3,LG화학,12.31%
305540,TIGER 2차전지테마,2,국내 업종/테마,https://stock.naver.com/domestic/stock/305540/price,4,POSCO홀딩스,12.23%
305540,TIGER 2차전지테마,2,국내 업종/테마,https://stock.naver.com/domestic/stock/305540/price,5,SK이노베이션,11.12%
0195R0,TIGER 삼성전자단일종목레버리지,2,국내 업종/테마,https://stock.naver.com/domestic/stock/0195R0/price,1,삼성전자,90.19%
0195R0,TIGER 삼성전자단일종목레버리지,2,국내 업종/테마,https://stock.naver.com/domestic/stock/0195R0/price,2,삼성전자선물2610,92.00 (주)
0195R0,TIGER 삼성전자단일종목레버리지,2,국내 업종/테마,https://stock.naver.com/domestic/stock/0195R0/price,3,삼성전자선물2611,29.00 (주)
0195R0,TIGER 삼성전자단일종목레버리지,2,국내 업종/테마,https://stock.naver.com/domestic/stock/0195R0/price,4,설정현금액,100.00%
0195R0,TIGER 삼성전자단일종목레버리지,2,국내 업종/테마,https://stock.naver.com/domestic/stock/0195R0/price,5,원화현금,9.81%
0177R0,TIGER 반도체TOP10커버드콜액티브,2,국내 업종/테마,https://stock.naver.com/domestic/stock/0177R0/price,1,SK하이닉스,25.45%
0177R0,TIGER 반도체TOP10커버드콜액티브,2,국내 업종/테마,https://stock.naver.com/domestic/stock/0177R0/price,2,삼성전자,22.37%
0177R0,TIGER 반도체TOP10커버드콜액티브,2,국내 업종/테마,https://stock.naver.com/domestic/stock/0177R0/price,3,SK스퀘어,14.52%
0177R0,TIGER 반도체TOP10커버드콜액티브,2,국내 업종/테마,https://stock.naver.com/domestic/stock/0177R0/price,4,삼성전기,11.77%
0177R0,TIGER 반도체TOP10커버드콜액티브,2,국내 업종/테마,https://stock.naver.com/domestic/stock/0177R0/price,5,TIGER 반도체TOP10,9.37%
069660,KIWOOM 200,1,국내 시장지수,https://stock.naver.com/domestic/stock/069660/price,1,삼성전자,34.15%
069660,KIWOOM 200,1,국내 시장지수,https://stock.naver.com/domestic/stock/069660/price,2,SK하이닉스,27.73%
069660,KIWOOM 200,1,국내 시장지수,https://stock.naver.com/domestic/stock/069660/price,3,SK스퀘어,2.82%
069660,KIWOOM 200,1,국내 시장지수,https://stock.naver.com/domestic/stock/069660/price,4,삼성전기,2.34%
069660,KIWOOM 200,1,국내 시장지수,https://stock.naver.com/domestic/stock/069660/price,5,KB금융,1.35%
498410,KODEX 금융고배당TOP10타겟위클리커버드콜,2,국내 업종/테마,https://stock.naver.com/domestic/stock/498410/price,1,KB금융,21.08%
498410,KODEX 금융고배당TOP10타겟위클리커버드콜,2,국내 업종/테마,https://stock.naver.com/domestic/stock/498410/price,2,하나금융지주,15.18%
498410,KODEX 금융고배당TOP10타겟위클리커버드콜,2,국내 업종/테마,https://stock.naver.com/domestic/stock/498410/price,3,우리금융지주,13.47%
498410,KODEX 금융고배당TOP10타겟위클리커버드콜,2,국내 업종/테마,https://stock.naver.com/domestic/stock/498410/price,4,삼성화재,9.92%
498410,KODEX 금융고배당TOP10타겟위클리커버드콜,2,국내 업종/테마,https://stock.naver.com/domestic/stock/498410/price,5,기업은행,9.74%
462330,KODEX 2차전지산업레버리지,2,국내 업종/테마,https://stock.naver.com/domestic/stock/462330/price,1,KODEX 2차전지산업,29.50%
462330,KODEX 2차전지산업레버리지,2,국내 업종/테마,https://stock.naver.com/domestic/stock/462330/price,2,LG에너지솔루션,27.38%
462330,KODEX 2차전지산업레버리지,2,국내 업종/테마,https://stock.naver.com/domestic/stock/462330/price,3,삼성SDI,16.66%
462330,KODEX 2차전지산업레버리지,2,국내 업종/테마,https://stock.naver.com/domestic/stock/462330/price,4,POSCO홀딩스,15.61%
462330,KODEX 2차전지산업레버리지,2,국내 업종/테마,https://stock.naver.com/domestic/stock/462330/price,5,LG화학,9.56%
466940,TIGER 은행고배당플러스TOP10,2,국내 업종/테마,https://stock.naver.com/domestic/stock/466940/price,1,하나금융지주,16.05%
466940,TIGER 은행고배당플러스TOP10,2,국내 업종/테마,https://stock.naver.com/domestic/stock/466940/price,2,우리금융지주,15.85%
466940,TIGER 은행고배당플러스TOP10,2,국내 업종/테마,https://stock.naver.com/domestic/stock/466940/price,3,KB금융,15.76%
466940,TIGER 은행고배당플러스TOP10,2,국내 업종/테마,https://stock.naver.com/domestic/stock/466940/price,4,신한지주,15.43%
466940,TIGER 은행고배당플러스TOP10,2,국내 업종/테마,https://stock.naver.com/domestic/stock/466940/price,5,기업은행,13.76%
495850,KODEX 코리아밸류업,1,국내 시장지수,https://stock.naver.com/domestic/stock/495850/price,1,SK하이닉스,20.86%
495850,KODEX 코리아밸류업,1,국내 시장지수,https://stock.naver.com/domestic/stock/495850/price,2,삼성전자,17.39%
495850,KODEX 코리아밸류업,1,국내 시장지수,https://stock.naver.com/domestic/stock/495850/price,3,SK스퀘어,8.79%
495850,KODEX 코리아밸류업,1,국내 시장지수,https://stock.naver.com/domestic/stock/495850/price,4,KB금융,4.19%
495850,KODEX 코리아밸류업,1,국내 시장지수,https://stock.naver.com/domestic/stock/495850/price,5,현대차,3.86%
441800,TIME Korea플러스배당액티브,1,국내 시장지수,https://stock.naver.com/domestic/stock/441800/price,1,삼성전자,17.49%
441800,TIME Korea플러스배당액티브,1,국내 시장지수,https://stock.naver.com/domestic/stock/441800/price,2,SK하이닉스,17.31%
441800,TIME Korea플러스배당액티브,1,국내 시장지수,https://stock.naver.com/domestic/stock/441800/price,3,메리츠금융지주,4.49%
441800,TIME Korea플러스배당액티브,1,국내 시장지수,https://stock.naver.com/domestic/stock/441800/price,4,DB손해보험,4.14%
441800,TIME Korea플러스배당액티브,1,국내 시장지수,https://stock.naver.com/domestic/stock/441800/price,5,우리금융지주,3.42%
367760,RISE 네트워크인프라,2,국내 업종/테마,https://stock.naver.com/domestic/stock/367760/price,1,삼성전자,21.83%
367760,RISE 네트워크인프라,2,국내 업종/테마,https://stock.naver.com/domestic/stock/367760/price,2,SK하이닉스,20.74%
367760,RISE 네트워크인프라,2,국내 업종/테마,https://stock.naver.com/domestic/stock/367760/price,3,삼성전기,20.67%
367760,RISE 네트워크인프라,2,국내 업종/테마,https://stock.naver.com/domestic/stock/367760/price,4,LG이노텍,10.33%
367760,RISE 네트워크인프라,2,국내 업종/테마,https://stock.naver.com/domestic/stock/367760/price,5,이수페타시스,8.48%
364980,TIGER 2차전지TOP10,2,국내 업종/테마,https://stock.naver.com/domestic/stock/364980/price,1,LG에너지솔루션,25.70%
364980,TIGER 2차전지TOP10,2,국내 업종/테마,https://stock.naver.com/domestic/stock/364980/price,2,삼성SDI,24.36%
364980,TIGER 2차전지TOP10,2,국내 업종/테마,https://stock.naver.com/domestic/stock/364980/price,3,POSCO홀딩스,23.23%
364980,TIGER 2차전지TOP10,2,국내 업종/테마,https://stock.naver.com/domestic/stock/364980/price,4,SK이노베이션,5.84%
364980,TIGER 2차전지TOP10,2,국내 업종/테마,https://stock.naver.com/domestic/stock/364980/price,5,LG화학,5.74%
0101N0,RISE AI전력인프라,2,국내 업종/테마,https://stock.naver.com/domestic/stock/0101N0/price,1,가온전선,11.34%
0101N0,RISE AI전력인프라,2,국내 업종/테마,https://stock.naver.com/domestic/stock/0101N0/price,2,지엔씨에너지,9.13%
0101N0,RISE AI전력인프라,2,국내 업종/테마,https://stock.naver.com/domestic/stock/0101N0/price,3,LS에코에너지,7.71%
0101N0,RISE AI전력인프라,2,국내 업종/테마,https://stock.naver.com/domestic/stock/0101N0/price,4,일진전기,7.67%
0101N0,RISE AI전력인프라,2,국내 업종/테마,https://stock.naver.com/domestic/stock/0101N0/price,5,대한전선,6.54%
290130,RISE ESG사회책임투자,2,국내 업종/테마,https://stock.naver.com/domestic/stock/290130/price,1,SK하이닉스,32.82%
290130,RISE ESG사회책임투자,2,국내 업종/테마,https://stock.naver.com/domestic/stock/290130/price,2,삼성전자,27.29%
290130,RISE ESG사회책임투자,2,국내 업종/테마,https://stock.naver.com/domestic/stock/290130/price,3,SK스퀘어,5.57%
290130,RISE ESG사회책임투자,2,국내 업종/테마,https://stock.naver.com/domestic/stock/290130/price,4,삼성전기,4.63%
290130,RISE ESG사회책임투자,2,국내 업종/테마,https://stock.naver.com/domestic/stock/290130/price,5,KB금융,2.67%
0167B0,SOL 200타겟위클리커버드콜,2,국내 업종/테마,https://stock.naver.com/domestic/stock/0167B0/price,1,삼성전자,34.24%
0167B0,SOL 200타겟위클리커버드콜,2,국내 업종/테마,https://stock.naver.com/domestic/stock/0167B0/price,2,SK하이닉스,27.87%
0167B0,SOL 200타겟위클리커버드콜,2,국내 업종/테마,https://stock.naver.com/domestic/stock/0167B0/price,3,SK스퀘어,2.81%
0167B0,SOL 200타겟위클리커버드콜,2,국내 업종/테마,https://stock.naver.com/domestic/stock/0167B0/price,4,삼성전기,2.38%
0167B0,SOL 200타겟위클리커버드콜,2,국내 업종/테마,https://stock.naver.com/domestic/stock/0167B0/price,5,KB금융,1.36%
0148J0,TIGER 코리아휴머노이드로봇산업,2,국내 업종/테마,https://stock.naver.com/domestic/stock/0148J0/price,1,로보티즈,17.70%
0148J0,TIGER 코리아휴머노이드로봇산업,2,국내 업종/테마,https://stock.naver.com/domestic/stock/0148J0/price,2,레인보우로보틱스,13.02%
0148J0,TIGER 코리아휴머노이드로봇산업,2,국내 업종/테마,https://stock.naver.com/domestic/stock/0148J0/price,3,두산로보틱스,11.33%
0148J0,TIGER 코리아휴머노이드로봇산업,2,국내 업종/테마,https://stock.naver.com/domestic/stock/0148J0/price,4,하이젠알앤엠,9.16%
0148J0,TIGER 코리아휴머노이드로봇산업,2,국내 업종/테마,https://stock.naver.com/domestic/stock/0148J0/price,5,에스피지,8.62%
434730,HANARO 원자력iSelect,2,국내 업종/테마,https://stock.naver.com/domestic/stock/434730/price,1,두산에너빌리티,26.81%
434730,HANARO 원자력iSelect,2,국내 업종/테마,https://stock.naver.com/domestic/stock/434730/price,2,LS ELECTRIC,14.71%
434730,HANARO 원자력iSelect,2,국내 업종/테마,https://stock.naver.com/domestic/stock/434730/price,3,HD현대일렉트릭,14.12%
434730,HANARO 원자력iSelect,2,국내 업종/테마,https://stock.naver.com/domestic/stock/434730/price,4,효성중공업,13.34%
434730,HANARO 원자력iSelect,2,국내 업종/테마,https://stock.naver.com/domestic/stock/434730/price,5,한국전력,8.50%
102970,KODEX 증권,2,국내 업종/테마,https://stock.naver.com/domestic/stock/102970/price,1,삼성증권,20.37%
102970,KODEX 증권,2,국내 업종/테마,https://stock.naver.com/domestic/stock/102970/price,2,한국금융지주,19.83%
102970,KODEX 증권,2,국내 업종/테마,https://stock.naver.com/domestic/stock/102970/price,3,미래에셋증권,17.55%
102970,KODEX 증권,2,국내 업종/테마,https://stock.naver.com/domestic/stock/102970/price,4,NH투자증권,16.06%
102970,KODEX 증권,2,국내 업종/테마,https://stock.naver.com/domestic/stock/102970/price,5,키움증권,15.80%
471990,KODEX AI반도체핵심장비,2,국내 업종/테마,https://stock.naver.com/domestic/stock/471990/price,1,이수페타시스,19.87%
471990,KODEX AI반도체핵심장비,2,국내 업종/테마,https://stock.naver.com/domestic/stock/471990/price,2,한미반도체,18.87%
471990,KODEX AI반도체핵심장비,2,국내 업종/테마,https://stock.naver.com/domestic/stock/471990/price,3,주성엔지니어링,15.74%
471990,KODEX AI반도체핵심장비,2,국내 업종/테마,https://stock.naver.com/domestic/stock/471990/price,4,대덕전자,11.42%
471990,KODEX AI반도체핵심장비,2,국내 업종/테마,https://stock.naver.com/domestic/stock/471990/price,5,심텍,8.47%
0091P0,TIGER 코리아원자력,2,국내 업종/테마,https://stock.naver.com/domestic/stock/0091P0/price,1,현대건설,24.86%
0091P0,TIGER 코리아원자력,2,국내 업종/테마,https://stock.naver.com/domestic/stock/0091P0/price,2,두산에너빌리티,23.81%
0091P0,TIGER 코리아원자력,2,국내 업종/테마,https://stock.naver.com/domestic/stock/0091P0/price,3,대우건설,13.37%
0091P0,TIGER 코리아원자력,2,국내 업종/테마,https://stock.naver.com/domestic/stock/0091P0/price,4,한전기술,8.80%
0091P0,TIGER 코리아원자력,2,국내 업종/테마,https://stock.naver.com/domestic/stock/0091P0/price,5,DL이앤씨,8.15%
138540,TIGER 현대차그룹플러스,2,국내 업종/테마,https://stock.naver.com/domestic/stock/138540/price,1,기아,24.62%
138540,TIGER 현대차그룹플러스,2,국내 업종/테마,https://stock.naver.com/domestic/stock/138540/price,2,현대차,19.75%
138540,TIGER 현대차그룹플러스,2,국내 업종/테마,https://stock.naver.com/domestic/stock/138540/price,3,현대모비스,13.60%
138540,TIGER 현대차그룹플러스,2,국내 업종/테마,https://stock.naver.com/domestic/stock/138540/price,4,현대제철,11.42%
138540,TIGER 현대차그룹플러스,2,국내 업종/테마,https://stock.naver.com/domestic/stock/138540/price,5,현대글로비스,8.50%
277630,TIGER 코스피,1,국내 시장지수,https://stock.naver.com/domestic/stock/277630/price,1,삼성전자,28.64%
277630,TIGER 코스피,1,국내 시장지수,https://stock.naver.com/domestic/stock/277630/price,2,SK하이닉스,23.87%
277630,TIGER 코스피,1,국내 시장지수,https://stock.naver.com/domestic/stock/277630/price,3,SK스퀘어,2.72%
277630,TIGER 코스피,1,국내 시장지수,https://stock.naver.com/domestic/stock/277630/price,4,삼성전기,2.11%
277630,TIGER 코스피,1,국내 시장지수,https://stock.naver.com/domestic/stock/277630/price,5,LG에너지솔루션,1.54%
462010,TIGER 2차전지소재Fn,2,국내 업종/테마,https://stock.naver.com/domestic/stock/462010/price,1,포스코퓨처엠,22.57%
462010,TIGER 2차전지소재Fn,2,국내 업종/테마,https://stock.naver.com/domestic/stock/462010/price,2,에코프로,19.73%
462010,TIGER 2차전지소재Fn,2,국내 업종/테마,https://stock.naver.com/domestic/stock/462010/price,3,에코프로비엠,18.69%
462010,TIGER 2차전지소재Fn,2,국내 업종/테마,https://stock.naver.com/domestic/stock/462010/price,4,POSCO홀딩스,16.54%
462010,TIGER 2차전지소재Fn,2,국내 업종/테마,https://stock.naver.com/domestic/stock/462010/price,5,LG화학,10.18%
0163Y0,KoAct 코스닥액티브,1,국내 시장지수,https://stock.naver.com/domestic/stock/0163Y0/price,1,피에스케이홀딩스,6.78%
0163Y0,KoAct 코스닥액티브,1,국내 시장지수,https://stock.naver.com/domestic/stock/0163Y0/price,2,이오테크닉스,6.27%
0163Y0,KoAct 코스닥액티브,1,국내 시장지수,https://stock.naver.com/domestic/stock/0163Y0/price,3,테스,5.98%
0163Y0,KoAct 코스닥액티브,1,국내 시장지수,https://stock.naver.com/domestic/stock/0163Y0/price,4,티엘비,5.11%
0163Y0,KoAct 코스닥액티브,1,국내 시장지수,https://stock.naver.com/domestic/stock/0163Y0/price,5,심텍,4.87%
494670,TIGER 조선TOP10,2,국내 업종/테마,https://stock.naver.com/domestic/stock/494670/price,1,한화오션,22.26%
494670,TIGER 조선TOP10,2,국내 업종/테마,https://stock.naver.com/domestic/stock/494670/price,2,HD현대중공업,21.55%
494670,TIGER 조선TOP10,2,국내 업종/테마,https://stock.naver.com/domestic/stock/494670/price,3,HD한국조선해양,21.28%
494670,TIGER 조선TOP10,2,국내 업종/테마,https://stock.naver.com/domestic/stock/494670/price,4,삼성중공업,16.19%
494670,TIGER 조선TOP10,2,국내 업종/테마,https://stock.naver.com/domestic/stock/494670/price,5,HD현대마린솔루션,9.64%
0105E0,SOL 코리아고배당,2,국내 업종/테마,https://stock.naver.com/domestic/stock/0105E0/price,1,삼성화재,6.45%
0105E0,SOL 코리아고배당,2,국내 업종/테마,https://stock.naver.com/domestic/stock/0105E0/price,2,KB금융,5.76%
0105E0,SOL 코리아고배당,2,국내 업종/테마,https://stock.naver.com/domestic/stock/0105E0/price,3,신한지주,5.75%
0105E0,SOL 코리아고배당,2,국내 업종/테마,https://stock.naver.com/domestic/stock/0105E0/price,4,우리금융지주,5.61%
0105E0,SOL 코리아고배당,2,국내 업종/테마,https://stock.naver.com/domestic/stock/0105E0/price,5,하나금융지주,5.50%
315960,RISE 대형고배당10TR,2,국내 업종/테마,https://stock.naver.com/domestic/stock/315960/price,1,삼성전자,28.22%
315960,RISE 대형고배당10TR,2,국내 업종/테마,https://stock.naver.com/domestic/stock/315960/price,2,SK하이닉스,27.99%
315960,RISE 대형고배당10TR,2,국내 업종/테마,https://stock.naver.com/domestic/stock/315960/price,3,현대차,8.41%
315960,RISE 대형고배당10TR,2,국내 업종/테마,https://stock.naver.com/domestic/stock/315960/price,4,KB금융,7.40%
315960,RISE 대형고배당10TR,2,국내 업종/테마,https://stock.naver.com/domestic/stock/315960/price,5,삼성생명,6.85%
361580,RISE 200TR,1,국내 시장지수,https://stock.naver.com/domestic/stock/361580/price,1,삼성전자,34.32%
361580,RISE 200TR,1,국내 시장지수,https://stock.naver.com/domestic/stock/361580/price,2,SK하이닉스,27.91%
361580,RISE 200TR,1,국내 시장지수,https://stock.naver.com/domestic/stock/361580/price,3,SK스퀘어,2.84%
361580,RISE 200TR,1,국내 시장지수,https://stock.naver.com/domestic/stock/361580/price,4,삼성전기,2.33%
361580,RISE 200TR,1,국내 시장지수,https://stock.naver.com/domestic/stock/361580/price,5,KB금융,1.36%
463250,TIGER K방산&우주,2,국내 업종/테마,https://stock.naver.com/domestic/stock/463250/price,1,한화에어로스페이스,22.01%
463250,TIGER K방산&우주,2,국내 업종/테마,https://stock.naver.com/domestic/stock/463250/price,2,LIG디펜스앤에어로스페이스,21.50%
463250,TIGER K방산&우주,2,국내 업종/테마,https://stock.naver.com/domestic/stock/463250/price,3,한국항공우주,17.42%
463250,TIGER K방산&우주,2,국내 업종/테마,https://stock.naver.com/domestic/stock/463250/price,4,한화시스템,17.07%
463250,TIGER K방산&우주,2,국내 업종/테마,https://stock.naver.com/domestic/stock/463250/price,5,현대로템,14.20%
444200,SOL 코리아메가테크액티브,2,국내 업종/테마,https://stock.naver.com/domestic/stock/444200/price,1,삼성전자,26.12%
444200,SOL 코리아메가테크액티브,2,국내 업종/테마,https://stock.naver.com/domestic/stock/444200/price,2,SK하이닉스,17.80%
444200,SOL 코리아메가테크액티브,2,국내 업종/테마,https://stock.naver.com/domestic/stock/444200/price,3,한화에어로스페이스,4.81%
444200,SOL 코리아메가테크액티브,2,국내 업종/테마,https://stock.naver.com/domestic/stock/444200/price,4,두산에너빌리티,4.73%
444200,SOL 코리아메가테크액티브,2,국내 업종/테마,https://stock.naver.com/domestic/stock/444200/price,5,카카오,4.48%
496080,TIGER 코리아밸류업,1,국내 시장지수,https://stock.naver.com/domestic/stock/496080/price,1,SK하이닉스,20.80%
496080,TIGER 코리아밸류업,1,국내 시장지수,https://stock.naver.com/domestic/stock/496080/price,2,삼성전자,17.28%
496080,TIGER 코리아밸류업,1,국내 시장지수,https://stock.naver.com/domestic/stock/496080/price,3,SK스퀘어,8.76%
496080,TIGER 코리아밸류업,1,국내 시장지수,https://stock.naver.com/domestic/stock/496080/price,4,KB금융,4.17%
496080,TIGER 코리아밸류업,1,국내 시장지수,https://stock.naver.com/domestic/stock/496080/price,5,현대차,3.85%
243880,TIGER 200IT레버리지,2,국내 업종/테마,https://stock.naver.com/domestic/stock/243880/price,1,SK하이닉스,14.69%
243880,TIGER 200IT레버리지,2,국내 업종/테마,https://stock.naver.com/domestic/stock/243880/price,2,SK스퀘어,14.67%
243880,TIGER 200IT레버리지,2,국내 업종/테마,https://stock.naver.com/domestic/stock/243880/price,3,삼성전자,12.20%
243880,TIGER 200IT레버리지,2,국내 업종/테마,https://stock.naver.com/domestic/stock/243880/price,4,삼성전기,12.13%
243880,TIGER 200IT레버리지,2,국내 업종/테마,https://stock.naver.com/domestic/stock/243880/price,5,TIGER 200 IT,10.59%
0190C0,RISE 현대차고정피지컬AI,2,국내 업종/테마,https://stock.naver.com/domestic/stock/0190C0/price,1,현대차,22.66%
0190C0,RISE 현대차고정피지컬AI,2,국내 업종/테마,https://stock.naver.com/domestic/stock/0190C0/price,2,기아,13.02%
0190C0,RISE 현대차고정피지컬AI,2,국내 업종/테마,https://stock.naver.com/domestic/stock/0190C0/price,3,현대모비스,12.25%
0190C0,RISE 현대차고정피지컬AI,2,국내 업종/테마,https://stock.naver.com/domestic/stock/0190C0/price,4,LG이노텍,11.83%
0190C0,RISE 현대차고정피지컬AI,2,국내 업종/테마,https://stock.naver.com/domestic/stock/0190C0/price,5,현대오토에버,9.16%
451060,1Q 200액티브,1,국내 시장지수,https://stock.naver.com/domestic/stock/451060/price,1,삼성전자,34.29%
451060,1Q 200액티브,1,국내 시장지수,https://stock.naver.com/domestic/stock/451060/price,2,SK하이닉스,27.85%
451060,1Q 200액티브,1,국내 시장지수,https://stock.naver.com/domestic/stock/451060/price,3,SK스퀘어,2.85%
451060,1Q 200액티브,1,국내 시장지수,https://stock.naver.com/domestic/stock/451060/price,4,삼성전기,2.34%
451060,1Q 200액티브,1,국내 시장지수,https://stock.naver.com/domestic/stock/451060/price,5,KB금융,1.36%
293180,HANARO 200,1,국내 시장지수,https://stock.naver.com/domestic/stock/293180/price,1,삼성전자,34.05%
293180,HANARO 200,1,국내 시장지수,https://stock.naver.com/domestic/stock/293180/price,2,SK하이닉스,27.64%
293180,HANARO 200,1,국내 시장지수,https://stock.naver.com/domestic/stock/293180/price,3,SK스퀘어,2.83%
293180,HANARO 200,1,국내 시장지수,https://stock.naver.com/domestic/stock/293180/price,4,삼성전기,2.33%
293180,HANARO 200,1,국내 시장지수,https://stock.naver.com/domestic/stock/293180/price,5,KB금융,1.35%
0210A0,ACE K반도체TOP2+,2,국내 업종/테마,https://stock.naver.com/domestic/stock/0210A0/price,1,SK하이닉스,22.66%
0210A0,ACE K반도체TOP2+,2,국내 업종/테마,https://stock.naver.com/domestic/stock/0210A0/price,2,삼성전자,22.12%
0210A0,ACE K반도체TOP2+,2,국내 업종/테마,https://stock.naver.com/domestic/stock/0210A0/price,3,SK스퀘어,19.53%
0210A0,ACE K반도체TOP2+,2,국내 업종/테마,https://stock.naver.com/domestic/stock/0210A0/price,4,삼성전기,18.27%
0210A0,ACE K반도체TOP2+,2,국내 업종/테마,https://stock.naver.com/domestic/stock/0210A0/price,5,심텍,7.60%
302450,RISE 코스피,1,국내 시장지수,https://stock.naver.com/domestic/stock/302450/price,1,삼성전자,28.93%
302450,RISE 코스피,1,국내 시장지수,https://stock.naver.com/domestic/stock/302450/price,2,SK하이닉스,24.13%
302450,RISE 코스피,1,국내 시장지수,https://stock.naver.com/domestic/stock/302450/price,3,SK스퀘어,2.74%
302450,RISE 코스피,1,국내 시장지수,https://stock.naver.com/domestic/stock/302450/price,4,삼성전기,2.12%
302450,RISE 코스피,1,국내 시장지수,https://stock.naver.com/domestic/stock/302450/price,5,LG에너지솔루션,1.56%
385720,TIME 코스피액티브,1,국내 시장지수,https://stock.naver.com/domestic/stock/385720/price,1,삼성전자,26.52%
385720,TIME 코스피액티브,1,국내 시장지수,https://stock.naver.com/domestic/stock/385720/price,2,SK하이닉스,24.27%
385720,TIME 코스피액티브,1,국내 시장지수,https://stock.naver.com/domestic/stock/385720/price,3,삼성SDI,4.33%
385720,TIME 코스피액티브,1,국내 시장지수,https://stock.naver.com/domestic/stock/385720/price,4,KB금융,3.80%
385720,TIME 코스피액티브,1,국내 시장지수,https://stock.naver.com/domestic/stock/385720/price,5,삼성전기,3.34%
474590,WON 반도체밸류체인액티브,2,국내 업종/테마,https://stock.naver.com/domestic/stock/474590/price,1,삼성전자,21.77%
474590,WON 반도체밸류체인액티브,2,국내 업종/테마,https://stock.naver.com/domestic/stock/474590/price,2,SK하이닉스,20.23%
474590,WON 반도체밸류체인액티브,2,국내 업종/테마,https://stock.naver.com/domestic/stock/474590/price,3,대덕전자,5.03%
474590,WON 반도체밸류체인액티브,2,국내 업종/테마,https://stock.naver.com/domestic/stock/474590/price,4,피에스케이홀딩스,4.60%
474590,WON 반도체밸류체인액티브,2,국내 업종/테마,https://stock.naver.com/domestic/stock/474590/price,5,DB하이텍,4.56%
0060H0,TIGER 토탈월드스탁액티브,1,국내 시장지수,https://stock.naver.com/domestic/stock/0060H0/price,1,VANGUARD FTSE EMERGING MARKE,647.01 (주)
0060H0,TIGER 토탈월드스탁액티브,1,국내 시장지수,https://stock.naver.com/domestic/stock/0060H0/price,2,CHINA CONSTRUCTION BANK-H,618.13 (주)
0060H0,TIGER 토탈월드스탁액티브,1,국내 시장지수,https://stock.naver.com/domestic/stock/0060H0/price,3,IND & COMM BK OF CHINA-H,605.85 (주)
0060H0,TIGER 토탈월드스탁액티브,1,국내 시장지수,https://stock.naver.com/domestic/stock/0060H0/price,4,VANGUARD TOT WORLD STK ETF,594.27 (주)
0060H0,TIGER 토탈월드스탁액티브,1,국내 시장지수,https://stock.naver.com/domestic/stock/0060H0/price,5,BANK OF CHINA LTD-H,473.89 (주)
469070,RISE AI&로봇,2,국내 업종/테마,https://stock.naver.com/domestic/stock/469070/price,1,LG전자,6.17%
469070,RISE AI&로봇,2,국내 업종/테마,https://stock.naver.com/domestic/stock/469070/price,2,LG씨엔에스,5.88%
469070,RISE AI&로봇,2,국내 업종/테마,https://stock.naver.com/domestic/stock/469070/price,3,로보티즈,5.67%
469070,RISE AI&로봇,2,국내 업종/테마,https://stock.naver.com/domestic/stock/469070/price,4,두산로보틱스,5.18%
469070,RISE AI&로봇,2,국내 업종/테마,https://stock.naver.com/domestic/stock/469070/price,5,에스피지,5.07%
0080G0,KODEX 방산TOP10,2,국내 업종/테마,https://stock.naver.com/domestic/stock/0080G0/price,1,한화에어로스페이스,23.17%
0080G0,KODEX 방산TOP10,2,국내 업종/테마,https://stock.naver.com/domestic/stock/0080G0/price,2,한국항공우주,20.59%
0080G0,KODEX 방산TOP10,2,국내 업종/테마,https://stock.naver.com/domestic/stock/0080G0/price,3,LIG디펜스앤에어로스페이스,20.52%
0080G0,KODEX 방산TOP10,2,국내 업종/테마,https://stock.naver.com/domestic/stock/0080G0/price,4,한화시스템,14.08%
0080G0,KODEX 방산TOP10,2,국내 업종/테마,https://stock.naver.com/domestic/stock/0080G0/price,5,현대로템,13.53%
0094M0,RISE 코리아밸류업위클리고정커버드콜,2,국내 업종/테마,https://stock.naver.com/domestic/stock/0094M0/price,1,SK하이닉스,20.46%
0094M0,RISE 코리아밸류업위클리고정커버드콜,2,국내 업종/테마,https://stock.naver.com/domestic/stock/0094M0/price,2,삼성전자,17.07%
0094M0,RISE 코리아밸류업위클리고정커버드콜,2,국내 업종/테마,https://stock.naver.com/domestic/stock/0094M0/price,3,SK스퀘어,8.64%
0094M0,RISE 코리아밸류업위클리고정커버드콜,2,국내 업종/테마,https://stock.naver.com/domestic/stock/0094M0/price,4,KB금융,4.12%
0094M0,RISE 코리아밸류업위클리고정커버드콜,2,국내 업종/테마,https://stock.naver.com/domestic/stock/0094M0/price,5,현대차,3.81%
310960,TIGER 200TR,1,국내 시장지수,https://stock.naver.com/domestic/stock/310960/price,1,삼성전자,34.22%
310960,TIGER 200TR,1,국내 시장지수,https://stock.naver.com/domestic/stock/310960/price,2,SK하이닉스,27.80%
310960,TIGER 200TR,1,국내 시장지수,https://stock.naver.com/domestic/stock/310960/price,3,SK스퀘어,2.83%
310960,TIGER 200TR,1,국내 시장지수,https://stock.naver.com/domestic/stock/310960/price,4,삼성전기,2.34%
310960,TIGER 200TR,1,국내 시장지수,https://stock.naver.com/domestic/stock/310960/price,5,KB금융,1.35%
475300,SOL 반도체전공정,2,국내 업종/테마,https://stock.naver.com/domestic/stock/475300/price,1,주성엔지니어링,21.09%
475300,SOL 반도체전공정,2,국내 업종/테마,https://stock.naver.com/domestic/stock/475300/price,2,원익IPS,14.95%
475300,SOL 반도체전공정,2,국내 업종/테마,https://stock.naver.com/domestic/stock/475300/price,3,HPSP,14.26%
475300,SOL 반도체전공정,2,국내 업종/테마,https://stock.naver.com/domestic/stock/475300/price,4,피에스케이,10.00%
475300,SOL 반도체전공정,2,국내 업종/테마,https://stock.naver.com/domestic/stock/475300/price,5,한솔케미칼,8.25%
091180,KODEX 자동차,2,국내 업종/테마,https://stock.naver.com/domestic/stock/091180/price,1,기아,18.89%
091180,KODEX 자동차,2,국내 업종/테마,https://stock.naver.com/domestic/stock/091180/price,2,현대모비스,17.34%
091180,KODEX 자동차,2,국내 업종/테마,https://stock.naver.com/domestic/stock/091180/price,3,현대차,17.29%
091180,KODEX 자동차,2,국내 업종/테마,https://stock.naver.com/domestic/stock/091180/price,4,한국타이어앤테크놀로지,14.63%
091180,KODEX 자동차,2,국내 업종/테마,https://stock.naver.com/domestic/stock/091180/price,5,HL만도,5.19%
385510,KODEX 신재생에너지액티브,2,국내 업종/테마,https://stock.naver.com/domestic/stock/385510/price,1,한화솔루션,6.46%
385510,KODEX 신재생에너지액티브,2,국내 업종/테마,https://stock.naver.com/domestic/stock/385510/price,2,삼성SDI,6.21%
385510,KODEX 신재생에너지액티브,2,국내 업종/테마,https://stock.naver.com/domestic/stock/385510/price,3,씨에스윈드,6.00%
385510,KODEX 신재생에너지액티브,2,국내 업종/테마,https://stock.naver.com/domestic/stock/385510/price,4,OCI홀딩스,6.00%
385510,KODEX 신재생에너지액티브,2,국내 업종/테마,https://stock.naver.com/domestic/stock/385510/price,5,LG에너지솔루션,5.68%
0182R0,1Q K반도체TOP2+,2,국내 업종/테마,https://stock.naver.com/domestic/stock/0182R0/price,1,SK하이닉스,27.38%
0182R0,1Q K반도체TOP2+,2,국내 업종/테마,https://stock.naver.com/domestic/stock/0182R0/price,2,삼성전자,26.85%
0182R0,1Q K반도체TOP2+,2,국내 업종/테마,https://stock.naver.com/domestic/stock/0182R0/price,3,SK스퀘어,20.09%
0182R0,1Q K반도체TOP2+,2,국내 업종/테마,https://stock.naver.com/domestic/stock/0182R0/price,4,삼성전기,17.15%
0182R0,1Q K반도체TOP2+,2,국내 업종/테마,https://stock.naver.com/domestic/stock/0182R0/price,5,한미반도체,2.24%
270810,RISE 코스닥150,1,국내 시장지수,https://stock.naver.com/domestic/stock/270810/price,1,알테오젠,7.45%
270810,RISE 코스닥150,1,국내 시장지수,https://stock.naver.com/domestic/stock/270810/price,2,에코프로,4.72%
270810,RISE 코스닥150,1,국내 시장지수,https://stock.naver.com/domestic/stock/270810/price,3,주성엔지니어링,3.99%
270810,RISE 코스닥150,1,국내 시장지수,https://stock.naver.com/domestic/stock/270810/price,4,에코프로비엠,3.74%
270810,RISE 코스닥150,1,국내 시장지수,https://stock.naver.com/domestic/stock/270810/price,5,HLB,2.57%
484880,SOL 금융지주플러스고배당,2,국내 업종/테마,https://stock.naver.com/domestic/stock/484880/price,1,신한지주,21.23%
484880,SOL 금융지주플러스고배당,2,국내 업종/테마,https://stock.naver.com/domestic/stock/484880/price,2,KB금융,21.01%
484880,SOL 금융지주플러스고배당,2,국내 업종/테마,https://stock.naver.com/domestic/stock/484880/price,3,하나금융지주,20.13%
484880,SOL 금융지주플러스고배당,2,국내 업종/테마,https://stock.naver.com/domestic/stock/484880/price,4,우리금융지주,16.38%
484880,SOL 금융지주플러스고배당,2,국내 업종/테마,https://stock.naver.com/domestic/stock/484880/price,5,한국금융지주,5.59%
279530,KODEX 고배당주,2,국내 업종/테마,https://stock.naver.com/domestic/stock/279530/price,1,제일기획,9.31%
279530,KODEX 고배당주,2,국내 업종/테마,https://stock.naver.com/domestic/stock/279530/price,2,DB손해보험,9.05%
279530,KODEX 고배당주,2,국내 업종/테마,https://stock.naver.com/domestic/stock/279530/price,3,삼성카드,7.57%
279530,KODEX 고배당주,2,국내 업종/테마,https://stock.naver.com/domestic/stock/279530/price,4,NH투자증권,6.92%
279530,KODEX 고배당주,2,국내 업종/테마,https://stock.naver.com/domestic/stock/279530/price,5,기업은행,6.35%
462900,KoAct 바이오헬스케어액티브,2,국내 업종/테마,https://stock.naver.com/domestic/stock/462900/price,1,올릭스,9.74%
462900,KoAct 바이오헬스케어액티브,2,국내 업종/테마,https://stock.naver.com/domestic/stock/462900/price,2,알테오젠,8.83%
462900,KoAct 바이오헬스케어액티브,2,국내 업종/테마,https://stock.naver.com/domestic/stock/462900/price,3,셀트리온,8.36%
462900,KoAct 바이오헬스케어액티브,2,국내 업종/테마,https://stock.naver.com/domestic/stock/462900/price,4,한미약품,8.14%
462900,KoAct 바이오헬스케어액티브,2,국내 업종/테마,https://stock.naver.com/domestic/stock/462900/price,5,에이비엘바이오,7.39%
0052D0,TIGER 코리아배당다우존스,2,국내 업종/테마,https://stock.naver.com/domestic/stock/0052D0/price,1,BNK금융지주,4.27%
0052D0,TIGER 코리아배당다우존스,2,국내 업종/테마,https://stock.naver.com/domestic/stock/0052D0/price,2,포스코인터내셔널,4.23%
0052D0,TIGER 코리아배당다우존스,2,국내 업종/테마,https://stock.naver.com/domestic/stock/0052D0/price,3,삼성증권,4.22%
0052D0,TIGER 코리아배당다우존스,2,국내 업종/테마,https://stock.naver.com/domestic/stock/0052D0/price,4,에스원,4.21%
0052D0,TIGER 코리아배당다우존스,2,국내 업종/테마,https://stock.naver.com/domestic/stock/0052D0/price,5,JB금융지주,4.09%
471780,TIGER 코리아테크액티브,2,국내 업종/테마,https://stock.naver.com/domestic/stock/471780/price,1,삼성전자,22.55%
471780,TIGER 코리아테크액티브,2,국내 업종/테마,https://stock.naver.com/domestic/stock/471780/price,2,SK하이닉스,21.36%
471780,TIGER 코리아테크액티브,2,국내 업종/테마,https://stock.naver.com/domestic/stock/471780/price,3,삼성전기,9.76%
471780,TIGER 코리아테크액티브,2,국내 업종/테마,https://stock.naver.com/domestic/stock/471780/price,4,삼화콘덴서,5.49%
471780,TIGER 코리아테크액티브,2,국내 업종/테마,https://stock.naver.com/domestic/stock/471780/price,5,HPSP,3.82%
489030,PLUS 고배당주위클리커버드콜,2,국내 업종/테마,https://stock.naver.com/domestic/stock/489030/price,1,DB손해보험,5.92%
489030,PLUS 고배당주위클리커버드콜,2,국내 업종/테마,https://stock.naver.com/domestic/stock/489030/price,2,우리금융지주,5.21%
489030,PLUS 고배당주위클리커버드콜,2,국내 업종/테마,https://stock.naver.com/domestic/stock/489030/price,3,기업은행,4.94%
489030,PLUS 고배당주위클리커버드콜,2,국내 업종/테마,https://stock.naver.com/domestic/stock/489030/price,4,GS,4.93%
489030,PLUS 고배당주위클리커버드콜,2,국내 업종/테마,https://stock.naver.com/domestic/stock/489030/price,5,NH투자증권,4.40%
421320,PLUS 우주항공,2,국내 업종/테마,https://stock.naver.com/domestic/stock/421320/price,1,한국항공우주,12.47%
421320,PLUS 우주항공,2,국내 업종/테마,https://stock.naver.com/domestic/stock/421320/price,2,LIG디펜스앤에어로스페이스,12.23%
421320,PLUS 우주항공,2,국내 업종/테마,https://stock.naver.com/domestic/stock/421320/price,3,한화에어로스페이스,11.75%
421320,PLUS 우주항공,2,국내 업종/테마,https://stock.naver.com/domestic/stock/421320/price,4,한화시스템,10.90%
421320,PLUS 우주항공,2,국내 업종/테마,https://stock.naver.com/domestic/stock/421320/price,5,에이치브이엠,10.44%
0162Y0,TIME 코스닥액티브,1,국내 시장지수,https://stock.naver.com/domestic/stock/0162Y0/price,1,테스,5.34%
0162Y0,TIME 코스닥액티브,1,국내 시장지수,https://stock.naver.com/domestic/stock/0162Y0/price,2,지엔씨에너지,4.98%
0162Y0,TIME 코스닥액티브,1,국내 시장지수,https://stock.naver.com/domestic/stock/0162Y0/price,3,주성엔지니어링,4.93%
0162Y0,TIME 코스닥액티브,1,국내 시장지수,https://stock.naver.com/domestic/stock/0162Y0/price,4,HPSP,4.57%
0162Y0,TIME 코스닥액티브,1,국내 시장지수,https://stock.naver.com/domestic/stock/0162Y0/price,5,에스피지,4.32%
0098F0,KODEX 원자력SMR,2,국내 업종/테마,https://stock.naver.com/domestic/stock/0098F0/price,1,두산에너빌리티,20.28%
0098F0,KODEX 원자력SMR,2,국내 업종/테마,https://stock.naver.com/domestic/stock/0098F0/price,2,한전기술,19.71%
0098F0,KODEX 원자력SMR,2,국내 업종/테마,https://stock.naver.com/domestic/stock/0098F0/price,3,현대건설,19.61%
0098F0,KODEX 원자력SMR,2,국내 업종/테마,https://stock.naver.com/domestic/stock/0098F0/price,4,대우건설,10.03%
0098F0,KODEX 원자력SMR,2,국내 업종/테마,https://stock.naver.com/domestic/stock/0098F0/price,5,삼성물산,7.19%
091170,KODEX 은행,2,국내 업종/테마,https://stock.naver.com/domestic/stock/091170/price,1,하나금융지주,20.01%
091170,KODEX 은행,2,국내 업종/테마,https://stock.naver.com/domestic/stock/091170/price,2,신한지주,19.93%
091170,KODEX 은행,2,국내 업종/테마,https://stock.naver.com/domestic/stock/091170/price,3,KB금융,19.79%
091170,KODEX 은행,2,국내 업종/테마,https://stock.naver.com/domestic/stock/091170/price,4,우리금융지주,19.01%
091170,KODEX 은행,2,국내 업종/테마,https://stock.naver.com/domestic/stock/091170/price,5,카카오뱅크,5.65%
0228G0,ACE 반도체Plus전략산업,2,국내 업종/테마,https://stock.naver.com/domestic/stock/0228G0/price,1,삼성전자,26.05%
0228G0,ACE 반도체Plus전략산업,2,국내 업종/테마,https://stock.naver.com/domestic/stock/0228G0/price,2,SK하이닉스,25.38%
0228G0,ACE 반도체Plus전략산업,2,국내 업종/테마,https://stock.naver.com/domestic/stock/0228G0/price,3,두산에너빌리티,11.81%
0228G0,ACE 반도체Plus전략산업,2,국내 업종/테마,https://stock.naver.com/domestic/stock/0228G0/price,4,한화에어로스페이스,11.24%
0228G0,ACE 반도체Plus전략산업,2,국내 업종/테마,https://stock.naver.com/domestic/stock/0228G0/price,5,HD현대중공업,5.38%
388420,RISE 비메모리반도체액티브,2,국내 업종/테마,https://stock.naver.com/domestic/stock/388420/price,1,삼성전자,19.24%
388420,RISE 비메모리반도체액티브,2,국내 업종/테마,https://stock.naver.com/domestic/stock/388420/price,2,SK하이닉스,9.12%
388420,RISE 비메모리반도체액티브,2,국내 업종/테마,https://stock.naver.com/domestic/stock/388420/price,3,테스,7.40%
388420,RISE 비메모리반도체액티브,2,국내 업종/테마,https://stock.naver.com/domestic/stock/388420/price,4,피에스케이,6.34%
388420,RISE 비메모리반도체액티브,2,국내 업종/테마,https://stock.naver.com/domestic/stock/388420/price,5,삼성전기,6.07%
213610,KODEX 삼성그룹밸류,2,국내 업종/테마,https://stock.naver.com/domestic/stock/213610/price,1,삼성전자,25.77%
213610,KODEX 삼성그룹밸류,2,국내 업종/테마,https://stock.naver.com/domestic/stock/213610/price,2,삼성전기,8.86%
213610,KODEX 삼성그룹밸류,2,국내 업종/테마,https://stock.naver.com/domestic/stock/213610/price,3,삼성물산,8.34%
213610,KODEX 삼성그룹밸류,2,국내 업종/테마,https://stock.naver.com/domestic/stock/213610/price,4,삼성생명,7.30%
213610,KODEX 삼성그룹밸류,2,국내 업종/테마,https://stock.naver.com/domestic/stock/213610/price,5,삼성E&A,6.14%
307520,TIGER 지주회사,2,국내 업종/테마,https://stock.naver.com/domestic/stock/307520/price,1,한진칼,8.97%
307520,TIGER 지주회사,2,국내 업종/테마,https://stock.naver.com/domestic/stock/307520/price,2,두산,8.62%
307520,TIGER 지주회사,2,국내 업종/테마,https://stock.naver.com/domestic/stock/307520/price,3,SK,8.52%
307520,TIGER 지주회사,2,국내 업종/테마,https://stock.naver.com/domestic/stock/307520/price,4,LG,7.88%
307520,TIGER 지주회사,2,국내 업종/테마,https://stock.naver.com/domestic/stock/307520/price,5,POSCO홀딩스,7.71%
364970,TIGER 바이오TOP10,2,국내 업종/테마,https://stock.naver.com/domestic/stock/364970/price,1,셀트리온,25.64%
364970,TIGER 바이오TOP10,2,국내 업종/테마,https://stock.naver.com/domestic/stock/364970/price,2,삼성바이오로직스,24.50%
364970,TIGER 바이오TOP10,2,국내 업종/테마,https://stock.naver.com/domestic/stock/364970/price,3,알테오젠,23.79%
364970,TIGER 바이오TOP10,2,국내 업종/테마,https://stock.naver.com/domestic/stock/364970/price,4,HLB,5.62%
364970,TIGER 바이오TOP10,2,국내 업종/테마,https://stock.naver.com/domestic/stock/364970/price,5,유한양행,4.85%
495230,KoAct 코리아밸류업액티브,1,국내 시장지수,https://stock.naver.com/domestic/stock/495230/price,1,SK하이닉스,21.32%
495230,KoAct 코리아밸류업액티브,1,국내 시장지수,https://stock.naver.com/domestic/stock/495230/price,2,삼성전자,20.60%
495230,KoAct 코리아밸류업액티브,1,국내 시장지수,https://stock.naver.com/domestic/stock/495230/price,3,KB금융,4.05%
495230,KoAct 코리아밸류업액티브,1,국내 시장지수,https://stock.naver.com/domestic/stock/495230/price,4,SK스퀘어,3.85%
495230,KoAct 코리아밸류업액티브,1,국내 시장지수,https://stock.naver.com/domestic/stock/495230/price,5,신한지주,3.43%
117700,KODEX 건설,2,국내 업종/테마,https://stock.naver.com/domestic/stock/117700/price,1,삼성E&A,19.84%
117700,KODEX 건설,2,국내 업종/테마,https://stock.naver.com/domestic/stock/117700/price,2,현대건설,19.38%
117700,KODEX 건설,2,국내 업종/테마,https://stock.naver.com/domestic/stock/117700/price,3,대우건설,13.80%
117700,KODEX 건설,2,국내 업종/테마,https://stock.naver.com/domestic/stock/117700/price,4,한전기술,9.45%
117700,KODEX 건설,2,국내 업종/테마,https://stock.naver.com/domestic/stock/117700/price,5,DL이앤씨,8.76%
363580,KODEX 200IT TR,2,국내 업종/테마,https://stock.naver.com/domestic/stock/363580/price,1,SK하이닉스,21.11%
363580,KODEX 200IT TR,2,국내 업종/테마,https://stock.naver.com/domestic/stock/363580/price,2,SK스퀘어,21.09%
363580,KODEX 200IT TR,2,국내 업종/테마,https://stock.naver.com/domestic/stock/363580/price,3,삼성전자,17.56%
363580,KODEX 200IT TR,2,국내 업종/테마,https://stock.naver.com/domestic/stock/363580/price,4,삼성전기,17.49%
363580,KODEX 200IT TR,2,국내 업종/테마,https://stock.naver.com/domestic/stock/363580/price,5,삼성SDI,6.39%
139230,TIGER 200 중공업,2,국내 업종/테마,https://stock.naver.com/domestic/stock/139230/price,1,두산에너빌리티,20.28%
139230,TIGER 200 중공업,2,국내 업종/테마,https://stock.naver.com/domestic/stock/139230/price,2,HD현대일렉트릭,10.28%
139230,TIGER 200 중공업,2,국내 업종/테마,https://stock.naver.com/domestic/stock/139230/price,3,HD한국조선해양,10.14%
139230,TIGER 200 중공업,2,국내 업종/테마,https://stock.naver.com/domestic/stock/139230/price,4,HD현대중공업,9.35%
139230,TIGER 200 중공업,2,국내 업종/테마,https://stock.naver.com/domestic/stock/139230/price,5,효성중공업,8.89%
422420,RISE 2차전지액티브,2,국내 업종/테마,https://stock.naver.com/domestic/stock/422420/price,1,삼성SDI,16.85%
422420,RISE 2차전지액티브,2,국내 업종/테마,https://stock.naver.com/domestic/stock/422420/price,2,대주전자재료,9.66%
422420,RISE 2차전지액티브,2,국내 업종/테마,https://stock.naver.com/domestic/stock/422420/price,3,SK이노베이션,9.37%
422420,RISE 2차전지액티브,2,국내 업종/테마,https://stock.naver.com/domestic/stock/422420/price,4,LG에너지솔루션,8.93%
422420,RISE 2차전지액티브,2,국내 업종/테마,https://stock.naver.com/domestic/stock/422420/price,5,POSCO홀딩스,8.14%
228790,TIGER 화장품,2,국내 업종/테마,https://stock.naver.com/domestic/stock/228790/price,1,코스맥스,13.86%
228790,TIGER 화장품,2,국내 업종/테마,https://stock.naver.com/domestic/stock/228790/price,2,한국콜마,11.13%
228790,TIGER 화장품,2,국내 업종/테마,https://stock.naver.com/domestic/stock/228790/price,3,에이피알,9.55%
228790,TIGER 화장품,2,국내 업종/테마,https://stock.naver.com/domestic/stock/228790/price,4,실리콘투,9.43%
228790,TIGER 화장품,2,국내 업종/테마,https://stock.naver.com/domestic/stock/228790/price,5,LG생활건강,9.28%
0089D0,KODEX 금융고배당TOP10,2,국내 업종/테마,https://stock.naver.com/domestic/stock/0089D0/price,1,KB금융,22.76%
0089D0,KODEX 금융고배당TOP10,2,국내 업종/테마,https://stock.naver.com/domestic/stock/0089D0/price,2,하나금융지주,16.40%
0089D0,KODEX 금융고배당TOP10,2,국내 업종/테마,https://stock.naver.com/domestic/stock/0089D0/price,3,우리금융지주,14.54%
0089D0,KODEX 금융고배당TOP10,2,국내 업종/테마,https://stock.naver.com/domestic/stock/0089D0/price,4,삼성화재,10.70%
0089D0,KODEX 금융고배당TOP10,2,국내 업종/테마,https://stock.naver.com/domestic/stock/0089D0/price,5,기업은행,10.52%
0104N0,TIGER 200타겟위클리커버드콜,2,국내 업종/테마,https://stock.naver.com/domestic/stock/0104N0/price,1,삼성전자,33.94%
0104N0,TIGER 200타겟위클리커버드콜,2,국내 업종/테마,https://stock.naver.com/domestic/stock/0104N0/price,2,SK하이닉스,27.57%
0104N0,TIGER 200타겟위클리커버드콜,2,국내 업종/테마,https://stock.naver.com/domestic/stock/0104N0/price,3,SK스퀘어,2.81%
0104N0,TIGER 200타겟위클리커버드콜,2,국내 업종/테마,https://stock.naver.com/domestic/stock/0104N0/price,4,삼성전기,2.28%
0104N0,TIGER 200타겟위클리커버드콜,2,국내 업종/테마,https://stock.naver.com/domestic/stock/0104N0/price,5,KB금융,1.34%
433500,ACE 원자력TOP10,2,국내 업종/테마,https://stock.naver.com/domestic/stock/433500/price,1,두산에너빌리티,24.99%
433500,ACE 원자력TOP10,2,국내 업종/테마,https://stock.naver.com/domestic/stock/433500/price,2,현대건설,21.90%
433500,ACE 원자력TOP10,2,국내 업종/테마,https://stock.naver.com/domestic/stock/433500/price,3,비에이치아이,9.97%
433500,ACE 원자력TOP10,2,국내 업종/테마,https://stock.naver.com/domestic/stock/433500/price,4,두산,9.93%
433500,ACE 원자력TOP10,2,국내 업종/테마,https://stock.naver.com/domestic/stock/433500/price,5,한전기술,7.76%
244580,KODEX 바이오,2,국내 업종/테마,https://stock.naver.com/domestic/stock/244580/price,1,프로티나,3.46%
244580,KODEX 바이오,2,국내 업종/테마,https://stock.naver.com/domestic/stock/244580/price,2,앱클론,2.58%
244580,KODEX 바이오,2,국내 업종/테마,https://stock.naver.com/domestic/stock/244580/price,3,HLB,2.46%
244580,KODEX 바이오,2,국내 업종/테마,https://stock.naver.com/domestic/stock/244580/price,4,지투지바이오,2.45%
244580,KODEX 바이오,2,국내 업종/테마,https://stock.naver.com/domestic/stock/244580/price,5,루닛,2.40%
266160,RISE 고배당,2,국내 업종/테마,https://stock.naver.com/domestic/stock/266160/price,1,삼성전자,26.65%
266160,RISE 고배당,2,국내 업종/테마,https://stock.naver.com/domestic/stock/266160/price,2,SK하이닉스,26.40%
266160,RISE 고배당,2,국내 업종/테마,https://stock.naver.com/domestic/stock/266160/price,3,기아,5.62%
266160,RISE 고배당,2,국내 업종/테마,https://stock.naver.com/domestic/stock/266160/price,4,KB금융,4.29%
266160,RISE 고배당,2,국내 업종/테마,https://stock.naver.com/domestic/stock/266160/price,5,신한지주,3.46%
332930,HANARO 200TR,1,국내 시장지수,https://stock.naver.com/domestic/stock/332930/price,1,삼성전자,34.26%
332930,HANARO 200TR,1,국내 시장지수,https://stock.naver.com/domestic/stock/332930/price,2,SK하이닉스,27.84%
332930,HANARO 200TR,1,국내 시장지수,https://stock.naver.com/domestic/stock/332930/price,3,SK스퀘어,2.84%
332930,HANARO 200TR,1,국내 시장지수,https://stock.naver.com/domestic/stock/332930/price,4,삼성전기,2.34%
332930,HANARO 200TR,1,국내 시장지수,https://stock.naver.com/domestic/stock/332930/price,5,KB금융,1.36%
157500,TIGER 증권,2,국내 업종/테마,https://stock.naver.com/domestic/stock/157500/price,1,한국금융지주,25.45%
157500,TIGER 증권,2,국내 업종/테마,https://stock.naver.com/domestic/stock/157500/price,2,미래에셋증권,20.34%
157500,TIGER 증권,2,국내 업종/테마,https://stock.naver.com/domestic/stock/157500/price,3,삼성증권,18.69%
157500,TIGER 증권,2,국내 업종/테마,https://stock.naver.com/domestic/stock/157500/price,4,NH투자증권,13.42%
157500,TIGER 증권,2,국내 업종/테마,https://stock.naver.com/domestic/stock/157500/price,5,키움증권,13.41%
0093A0,RISE AI반도체TOP10,2,국내 업종/테마,https://stock.naver.com/domestic/stock/0093A0/price,1,삼성전자,12.70%
0093A0,RISE AI반도체TOP10,2,국내 업종/테마,https://stock.naver.com/domestic/stock/0093A0/price,2,ISC,12.39%
0093A0,RISE AI반도체TOP10,2,국내 업종/테마,https://stock.naver.com/domestic/stock/0093A0/price,3,원익IPS,11.24%
0093A0,RISE AI반도체TOP10,2,국내 업종/테마,https://stock.naver.com/domestic/stock/0093A0/price,4,한미반도체,10.76%
0093A0,RISE AI반도체TOP10,2,국내 업종/테마,https://stock.naver.com/domestic/stock/0093A0/price,5,SK하이닉스,10.76%
463050,TIME K바이오액티브,2,국내 업종/테마,https://stock.naver.com/domestic/stock/463050/price,1,알테오젠,12.07%
463050,TIME K바이오액티브,2,국내 업종/테마,https://stock.naver.com/domestic/stock/463050/price,2,셀트리온,11.55%
463050,TIME K바이오액티브,2,국내 업종/테마,https://stock.naver.com/domestic/stock/463050/price,3,올릭스,11.21%
463050,TIME K바이오액티브,2,국내 업종/테마,https://stock.naver.com/domestic/stock/463050/price,4,한미약품,8.20%
463050,TIME K바이오액티브,2,국내 업종/테마,https://stock.naver.com/domestic/stock/463050/price,5,지투지바이오,6.40%
0153K0,KODEX 주주환원고배당주,2,국내 업종/테마,https://stock.naver.com/domestic/stock/0153K0/price,1,우리금융지주,8.56%
0153K0,KODEX 주주환원고배당주,2,국내 업종/테마,https://stock.naver.com/domestic/stock/0153K0/price,2,하나금융지주,8.33%
0153K0,KODEX 주주환원고배당주,2,국내 업종/테마,https://stock.naver.com/domestic/stock/0153K0/price,3,KT&G,7.86%
0153K0,KODEX 주주환원고배당주,2,국내 업종/테마,https://stock.naver.com/domestic/stock/0153K0/price,4,미스토홀딩스,7.85%
0153K0,KODEX 주주환원고배당주,2,국내 업종/테마,https://stock.naver.com/domestic/stock/0153K0/price,5,KB금융,7.78%
0005G0,IBK K-AI반도체코어테크,2,국내 업종/테마,https://stock.naver.com/domestic/stock/0005G0/price,1,삼성전자,19.73%
0005G0,IBK K-AI반도체코어테크,2,국내 업종/테마,https://stock.naver.com/domestic/stock/0005G0/price,2,SK하이닉스,19.19%
0005G0,IBK K-AI반도체코어테크,2,국내 업종/테마,https://stock.naver.com/domestic/stock/0005G0/price,3,삼성전기,18.73%
0005G0,IBK K-AI반도체코어테크,2,국내 업종/테마,https://stock.naver.com/domestic/stock/0005G0/price,4,한미반도체,13.56%
0005G0,IBK K-AI반도체코어테크,2,국내 업종/테마,https://stock.naver.com/domestic/stock/0005G0/price,5,이수페타시스,7.82%
0190G0,KODEX 반도체타겟위클리커버드콜,2,국내 업종/테마,https://stock.naver.com/domestic/stock/0190G0/price,1,삼성전자,17.89%
0190G0,KODEX 반도체타겟위클리커버드콜,2,국내 업종/테마,https://stock.naver.com/domestic/stock/0190G0/price,2,SK하이닉스,17.28%
0190G0,KODEX 반도체타겟위클리커버드콜,2,국내 업종/테마,https://stock.naver.com/domestic/stock/0190G0/price,3,한미반도체,10.64%
0190G0,KODEX 반도체타겟위클리커버드콜,2,국내 업종/테마,https://stock.naver.com/domestic/stock/0190G0/price,4,주성엔지니어링,6.49%
0190G0,KODEX 반도체타겟위클리커버드콜,2,국내 업종/테마,https://stock.naver.com/domestic/stock/0190G0/price,5,원익IPS,4.41%
495060,TIME 코리아밸류업액티브,1,국내 시장지수,https://stock.naver.com/domestic/stock/495060/price,1,SK하이닉스,20.94%
495060,TIME 코리아밸류업액티브,1,국내 시장지수,https://stock.naver.com/domestic/stock/495060/price,2,삼성전자,20.29%
495060,TIME 코리아밸류업액티브,1,국내 시장지수,https://stock.naver.com/domestic/stock/495060/price,3,SK스퀘어,6.68%
495060,TIME 코리아밸류업액티브,1,국내 시장지수,https://stock.naver.com/domestic/stock/495060/price,4,KB금융,4.13%
495060,TIME 코리아밸류업액티브,1,국내 시장지수,https://stock.naver.com/domestic/stock/495060/price,5,신한지주,3.96%
0204D0,KODEX 현대차로보틱스밸류체인TOP3플러스,2,국내 업종/테마,https://stock.naver.com/domestic/stock/0204D0/price,1,기아,645.00 (주)
0204D0,KODEX 현대차로보틱스밸류체인TOP3플러스,2,국내 업종/테마,https://stock.naver.com/domestic/stock/0204D0/price,2,현대모비스,192.00 (주)
0204D0,KODEX 현대차로보틱스밸류체인TOP3플러스,2,국내 업종/테마,https://stock.naver.com/domestic/stock/0204D0/price,3,현대위아,187.00 (주)
0204D0,KODEX 현대차로보틱스밸류체인TOP3플러스,2,국내 업종/테마,https://stock.naver.com/domestic/stock/0204D0/price,4,현대차,179.00 (주)
0204D0,KODEX 현대차로보틱스밸류체인TOP3플러스,2,국내 업종/테마,https://stock.naver.com/domestic/stock/0204D0/price,5,현대글로비스,138.00 (주)
494220,UNICORN SK하이닉스밸류체인액티브,2,국내 업종/테마,https://stock.naver.com/domestic/stock/494220/price,1,SK스퀘어,21.53%
494220,UNICORN SK하이닉스밸류체인액티브,2,국내 업종/테마,https://stock.naver.com/domestic/stock/494220/price,2,SK하이닉스,20.94%
494220,UNICORN SK하이닉스밸류체인액티브,2,국내 업종/테마,https://stock.naver.com/domestic/stock/494220/price,3,샘씨엔에스,5.11%
494220,UNICORN SK하이닉스밸류체인액티브,2,국내 업종/테마,https://stock.naver.com/domestic/stock/494220/price,4,피에스케이홀딩스,5.05%
494220,UNICORN SK하이닉스밸류체인액티브,2,국내 업종/테마,https://stock.naver.com/domestic/stock/494220/price,5,디아이,4.42%
495550,SOL 코리아밸류업TR,1,국내 시장지수,https://stock.naver.com/domestic/stock/495550/price,1,SK하이닉스,21.01%
495550,SOL 코리아밸류업TR,1,국내 시장지수,https://stock.naver.com/domestic/stock/495550/price,2,삼성전자,17.42%
495550,SOL 코리아밸류업TR,1,국내 시장지수,https://stock.naver.com/domestic/stock/495550/price,3,SK스퀘어,8.78%
495550,SOL 코리아밸류업TR,1,국내 시장지수,https://stock.naver.com/domestic/stock/495550/price,4,KB금융,4.20%
495550,SOL 코리아밸류업TR,1,국내 시장지수,https://stock.naver.com/domestic/stock/495550/price,5,현대차,3.89%
494330,ACE 라이프자산주주가치액티브,2,국내 업종/테마,https://stock.naver.com/domestic/stock/494330/price,1,삼성전자우,13.64%
494330,ACE 라이프자산주주가치액티브,2,국내 업종/테마,https://stock.naver.com/domestic/stock/494330/price,2,한미약품,8.39%
494330,ACE 라이프자산주주가치액티브,2,국내 업종/테마,https://stock.naver.com/domestic/stock/494330/price,3,삼성전자,7.89%
494330,ACE 라이프자산주주가치액티브,2,국내 업종/테마,https://stock.naver.com/domestic/stock/494330/price,4,SK하이닉스,4.66%
494330,ACE 라이프자산주주가치액티브,2,국내 업종/테마,https://stock.naver.com/domestic/stock/494330/price,5,DN오토모티브,4.41%
0115D0,KODEX 조선TOP10,2,국내 업종/테마,https://stock.naver.com/domestic/stock/0115D0/price,1,HD현대중공업,21.66%
0115D0,KODEX 조선TOP10,2,국내 업종/테마,https://stock.naver.com/domestic/stock/0115D0/price,2,HD한국조선해양,21.62%
0115D0,KODEX 조선TOP10,2,국내 업종/테마,https://stock.naver.com/domestic/stock/0115D0/price,3,한화오션,21.05%
0115D0,KODEX 조선TOP10,2,국내 업종/테마,https://stock.naver.com/domestic/stock/0115D0/price,4,삼성중공업,19.65%
0115D0,KODEX 조선TOP10,2,국내 업종/테마,https://stock.naver.com/domestic/stock/0115D0/price,5,한화엔진,6.65%
466930,SOL 자동차TOP3플러스,2,국내 업종/테마,https://stock.naver.com/domestic/stock/466930/price,1,기아,25.11%
466930,SOL 자동차TOP3플러스,2,국내 업종/테마,https://stock.naver.com/domestic/stock/466930/price,2,현대모비스,23.90%
466930,SOL 자동차TOP3플러스,2,국내 업종/테마,https://stock.naver.com/domestic/stock/466930/price,3,현대차,20.44%
466930,SOL 자동차TOP3플러스,2,국내 업종/테마,https://stock.naver.com/domestic/stock/466930/price,4,삼성전기,12.48%
466930,SOL 자동차TOP3플러스,2,국내 업종/테마,https://stock.naver.com/domestic/stock/466930/price,5,LG전자,6.53%
412570,TIGER 2차전지TOP10레버리지,2,국내 업종/테마,https://stock.naver.com/domestic/stock/412570/price,1,LG에너지솔루션,17.22%
412570,TIGER 2차전지TOP10레버리지,2,국내 업종/테마,https://stock.naver.com/domestic/stock/412570/price,2,TIGER 2차전지TOP10,16.66%
412570,TIGER 2차전지TOP10레버리지,2,국내 업종/테마,https://stock.naver.com/domestic/stock/412570/price,3,삼성SDI,16.47%
412570,TIGER 2차전지TOP10레버리지,2,국내 업종/테마,https://stock.naver.com/domestic/stock/412570/price,4,POSCO홀딩스,15.82%
412570,TIGER 2차전지TOP10레버리지,2,국내 업종/테마,https://stock.naver.com/domestic/stock/412570/price,5,SK이노베이션,3.95%
332500,ACE 200TR,1,국내 시장지수,https://stock.naver.com/domestic/stock/332500/price,1,삼성전자,33.88%
332500,ACE 200TR,1,국내 시장지수,https://stock.naver.com/domestic/stock/332500/price,2,SK하이닉스,27.53%
332500,ACE 200TR,1,국내 시장지수,https://stock.naver.com/domestic/stock/332500/price,3,SK스퀘어,2.81%
332500,ACE 200TR,1,국내 시장지수,https://stock.naver.com/domestic/stock/332500/price,4,삼성전기,2.33%
332500,ACE 200TR,1,국내 시장지수,https://stock.naver.com/domestic/stock/332500/price,5,KB금융,1.34%
122090,PLUS 코스피50,1,국내 시장지수,https://stock.naver.com/domestic/stock/122090/price,1,SK하이닉스,34.68%
122090,PLUS 코스피50,1,국내 시장지수,https://stock.naver.com/domestic/stock/122090/price,2,삼성전자,31.00%
122090,PLUS 코스피50,1,국내 시장지수,https://stock.naver.com/domestic/stock/122090/price,3,SK스퀘어,3.53%
122090,PLUS 코스피50,1,국내 시장지수,https://stock.naver.com/domestic/stock/122090/price,4,삼성전기,2.93%
122090,PLUS 코스피50,1,국내 시장지수,https://stock.naver.com/domestic/stock/122090/price,5,KB금융,1.69%
461950,KODEX 2차전지핵심소재10,2,국내 업종/테마,https://stock.naver.com/domestic/stock/461950/price,1,POSCO홀딩스,19.08%
461950,KODEX 2차전지핵심소재10,2,국내 업종/테마,https://stock.naver.com/domestic/stock/461950/price,2,에코프로,15.87%
461950,KODEX 2차전지핵심소재10,2,국내 업종/테마,https://stock.naver.com/domestic/stock/461950/price,3,에코프로비엠,15.20%
461950,KODEX 2차전지핵심소재10,2,국내 업종/테마,https://stock.naver.com/domestic/stock/461950/price,4,포스코퓨처엠,14.77%
461950,KODEX 2차전지핵심소재10,2,국내 업종/테마,https://stock.naver.com/domestic/stock/461950/price,5,LG화학,14.66%
403790,MIDAS 코스피액티브,1,국내 시장지수,https://stock.naver.com/domestic/stock/403790/price,1,삼성전자,29.04%
403790,MIDAS 코스피액티브,1,국내 시장지수,https://stock.naver.com/domestic/stock/403790/price,2,SK하이닉스,23.79%
403790,MIDAS 코스피액티브,1,국내 시장지수,https://stock.naver.com/domestic/stock/403790/price,3,SK스퀘어,2.59%
403790,MIDAS 코스피액티브,1,국내 시장지수,https://stock.naver.com/domestic/stock/403790/price,4,삼성전기,1.99%
403790,MIDAS 코스피액티브,1,국내 시장지수,https://stock.naver.com/domestic/stock/403790/price,5,KB금융,1.41%
0005D0,SOL 전고체배터리&실리콘음극재,2,국내 업종/테마,https://stock.naver.com/domestic/stock/0005D0/price,1,에코프로비엠,19.30%
0005D0,SOL 전고체배터리&실리콘음극재,2,국내 업종/테마,https://stock.naver.com/domestic/stock/0005D0/price,2,LG에너지솔루션,19.14%
0005D0,SOL 전고체배터리&실리콘음극재,2,국내 업종/테마,https://stock.naver.com/domestic/stock/0005D0/price,3,삼성SDI,17.65%
0005D0,SOL 전고체배터리&실리콘음극재,2,국내 업종/테마,https://stock.naver.com/domestic/stock/0005D0/price,4,이수스페셜티케미컬,14.23%
0005D0,SOL 전고체배터리&실리콘음극재,2,국내 업종/테마,https://stock.naver.com/domestic/stock/0005D0/price,5,롯데에너지머티리얼즈,10.62%
337160,KODEX 200ESG,2,국내 업종/테마,https://stock.naver.com/domestic/stock/337160/price,1,삼성전자,30.57%
337160,KODEX 200ESG,2,국내 업종/테마,https://stock.naver.com/domestic/stock/337160/price,2,SK하이닉스,25.92%
337160,KODEX 200ESG,2,국내 업종/테마,https://stock.naver.com/domestic/stock/337160/price,3,SK스퀘어,4.23%
337160,KODEX 200ESG,2,국내 업종/테마,https://stock.naver.com/domestic/stock/337160/price,4,삼성전기,3.48%
337160,KODEX 200ESG,2,국내 업종/테마,https://stock.naver.com/domestic/stock/337160/price,5,KB금융,2.03%
354500,ACE 코스닥150,1,국내 시장지수,https://stock.naver.com/domestic/stock/354500/price,1,알테오젠,7.42%
354500,ACE 코스닥150,1,국내 시장지수,https://stock.naver.com/domestic/stock/354500/price,2,에코프로,4.69%
354500,ACE 코스닥150,1,국내 시장지수,https://stock.naver.com/domestic/stock/354500/price,3,주성엔지니어링,3.99%
354500,ACE 코스닥150,1,국내 시장지수,https://stock.naver.com/domestic/stock/354500/price,4,에코프로비엠,3.70%
354500,ACE 코스닥150,1,국내 시장지수,https://stock.naver.com/domestic/stock/354500/price,5,HLB,2.56%
491820,HANARO 전력설비투자,2,국내 업종/테마,https://stock.naver.com/domestic/stock/491820/price,1,LS ELECTRIC,20.65%
491820,HANARO 전력설비투자,2,국내 업종/테마,https://stock.naver.com/domestic/stock/491820/price,2,효성중공업,19.46%
491820,HANARO 전력설비투자,2,국내 업종/테마,https://stock.naver.com/domestic/stock/491820/price,3,HD현대일렉트릭,14.85%
491820,HANARO 전력설비투자,2,국내 업종/테마,https://stock.naver.com/domestic/stock/491820/price,4,LS,11.99%
491820,HANARO 전력설비투자,2,국내 업종/테마,https://stock.naver.com/domestic/stock/491820/price,5,대한전선,8.53%
0193G0,KoAct 코스피액티브,1,국내 시장지수,https://stock.naver.com/domestic/stock/0193G0/price,1,삼성전자,29.50%
0193G0,KoAct 코스피액티브,1,국내 시장지수,https://stock.naver.com/domestic/stock/0193G0/price,2,SK하이닉스,23.05%
0193G0,KoAct 코스피액티브,1,국내 시장지수,https://stock.naver.com/domestic/stock/0193G0/price,3,SK스퀘어,5.11%
0193G0,KoAct 코스피액티브,1,국내 시장지수,https://stock.naver.com/domestic/stock/0193G0/price,4,KB금융,3.07%
0193G0,KoAct 코스피액티브,1,국내 시장지수,https://stock.naver.com/domestic/stock/0193G0/price,5,삼성전기,2.93%
152870,파워 200,1,국내 시장지수,https://stock.naver.com/domestic/stock/152870/price,1,삼성전자,34.24%
152870,파워 200,1,국내 시장지수,https://stock.naver.com/domestic/stock/152870/price,2,SK하이닉스,27.82%
152870,파워 200,1,국내 시장지수,https://stock.naver.com/domestic/stock/152870/price,3,SK스퀘어,2.83%
152870,파워 200,1,국내 시장지수,https://stock.naver.com/domestic/stock/152870/price,4,삼성전기,2.35%
152870,파워 200,1,국내 시장지수,https://stock.naver.com/domestic/stock/152870/price,5,KB금융,1.36%
471760,TIGER AI반도체핵심공정,2,국내 업종/테마,https://stock.naver.com/domestic/stock/471760/price,1,삼성전기,22.68%
471760,TIGER AI반도체핵심공정,2,국내 업종/테마,https://stock.naver.com/domestic/stock/471760/price,2,이수페타시스,17.01%
471760,TIGER AI반도체핵심공정,2,국내 업종/테마,https://stock.naver.com/domestic/stock/471760/price,3,LG이노텍,13.31%
471760,TIGER AI반도체핵심공정,2,국내 업종/테마,https://stock.naver.com/domestic/stock/471760/price,4,대덕전자,11.32%
471760,TIGER AI반도체핵심공정,2,국내 업종/테마,https://stock.naver.com/domestic/stock/471760/price,5,원익IPS,11.31%
457990,PLUS 태양광&ESS,2,국내 업종/테마,https://stock.naver.com/domestic/stock/457990/price,1,한화솔루션,25.62%
457990,PLUS 태양광&ESS,2,국내 업종/테마,https://stock.naver.com/domestic/stock/457990/price,2,OCI홀딩스,16.77%
457990,PLUS 태양광&ESS,2,국내 업종/테마,https://stock.naver.com/domestic/stock/457990/price,3,HD현대에너지솔루션,13.73%
457990,PLUS 태양광&ESS,2,국내 업종/테마,https://stock.naver.com/domestic/stock/457990/price,4,삼성SDI,10.67%
457990,PLUS 태양광&ESS,2,국내 업종/테마,https://stock.naver.com/domestic/stock/457990/price,5,LG에너지솔루션,8.69%
0151P0,RISE 코리아전략산업액티브,2,국내 업종/테마,https://stock.naver.com/domestic/stock/0151P0/price,1,삼성전자,30.85%
0151P0,RISE 코리아전략산업액티브,2,국내 업종/테마,https://stock.naver.com/domestic/stock/0151P0/price,2,SK하이닉스,21.85%
0151P0,RISE 코리아전략산업액티브,2,국내 업종/테마,https://stock.naver.com/domestic/stock/0151P0/price,3,테스,7.08%
0151P0,RISE 코리아전략산업액티브,2,국내 업종/테마,https://stock.naver.com/domestic/stock/0151P0/price,4,SK스퀘어,5.75%
0151P0,RISE 코리아전략산업액티브,2,국내 업종/테마,https://stock.naver.com/domestic/stock/0151P0/price,5,삼성전기,5.57%
138520,TIGER 삼성그룹,2,국내 업종/테마,https://stock.naver.com/domestic/stock/138520/price,1,삼성전자,25.20%
138520,TIGER 삼성그룹,2,국내 업종/테마,https://stock.naver.com/domestic/stock/138520/price,2,삼성물산,19.19%
138520,TIGER 삼성그룹,2,국내 업종/테마,https://stock.naver.com/domestic/stock/138520/price,3,삼성SDI,11.33%
138520,TIGER 삼성그룹,2,국내 업종/테마,https://stock.naver.com/domestic/stock/138520/price,4,삼성전기,6.73%
138520,TIGER 삼성그룹,2,국내 업종/테마,https://stock.naver.com/domestic/stock/138520/price,5,삼성생명,6.27%
0199C0,ACE 고배당주Plus커버드콜액티브,2,국내 업종/테마,https://stock.naver.com/domestic/stock/0199C0/price,1,삼성전자,9.86%
0199C0,ACE 고배당주Plus커버드콜액티브,2,국내 업종/테마,https://stock.naver.com/domestic/stock/0199C0/price,2,SK하이닉스,9.45%
0199C0,ACE 고배당주Plus커버드콜액티브,2,국내 업종/테마,https://stock.naver.com/domestic/stock/0199C0/price,3,삼성화재,6.85%
0199C0,ACE 고배당주Plus커버드콜액티브,2,국내 업종/테마,https://stock.naver.com/domestic/stock/0199C0/price,4,DB손해보험,5.79%
0199C0,ACE 고배당주Plus커버드콜액티브,2,국내 업종/테마,https://stock.naver.com/domestic/stock/0199C0/price,5,코리안리,5.73%
143860,TIGER 헬스케어,2,국내 업종/테마,https://stock.naver.com/domestic/stock/143860/price,1,셀트리온,21.77%
143860,TIGER 헬스케어,2,국내 업종/테마,https://stock.naver.com/domestic/stock/143860/price,2,삼성바이오로직스,12.88%
143860,TIGER 헬스케어,2,국내 업종/테마,https://stock.naver.com/domestic/stock/143860/price,3,알테오젠,12.24%
143860,TIGER 헬스케어,2,국내 업종/테마,https://stock.naver.com/domestic/stock/143860/price,4,HLB,4.22%
143860,TIGER 헬스케어,2,국내 업종/테마,https://stock.naver.com/domestic/stock/143860/price,5,유한양행,3.65%
495330,1Q 코리아밸류업,1,국내 시장지수,https://stock.naver.com/domestic/stock/495330/price,1,SK하이닉스,20.95%
495330,1Q 코리아밸류업,1,국내 시장지수,https://stock.naver.com/domestic/stock/495330/price,2,삼성전자,17.41%
495330,1Q 코리아밸류업,1,국내 시장지수,https://stock.naver.com/domestic/stock/495330/price,3,SK스퀘어,8.79%
495330,1Q 코리아밸류업,1,국내 시장지수,https://stock.naver.com/domestic/stock/495330/price,4,KB금융,4.20%
495330,1Q 코리아밸류업,1,국내 시장지수,https://stock.naver.com/domestic/stock/495330/price,5,현대차,3.87%
0209D0,KODEX 전고체배터리ESS TOP2플러스,2,국내 업종/테마,https://stock.naver.com/domestic/stock/0209D0/price,1,LG에너지솔루션,24.55%
0209D0,KODEX 전고체배터리ESS TOP2플러스,2,국내 업종/테마,https://stock.naver.com/domestic/stock/0209D0/price,2,삼성SDI,23.46%
0209D0,KODEX 전고체배터리ESS TOP2플러스,2,국내 업종/테마,https://stock.naver.com/domestic/stock/0209D0/price,3,이수스페셜티케미컬,10.42%
0209D0,KODEX 전고체배터리ESS TOP2플러스,2,국내 업종/테마,https://stock.naver.com/domestic/stock/0209D0/price,4,대주전자재료,8.32%
0209D0,KODEX 전고체배터리ESS TOP2플러스,2,국내 업종/테마,https://stock.naver.com/domestic/stock/0209D0/price,5,롯데에너지머티리얼즈,7.30%
0074K0,KoAct K수출핵심기업TOP30액티브,2,국내 업종/테마,https://stock.naver.com/domestic/stock/0074K0/price,1,삼성전자,9.26%
0074K0,KoAct K수출핵심기업TOP30액티브,2,국내 업종/테마,https://stock.naver.com/domestic/stock/0074K0/price,2,한화시스템,8.83%
0074K0,KoAct K수출핵심기업TOP30액티브,2,국내 업종/테마,https://stock.naver.com/domestic/stock/0074K0/price,3,제주반도체,8.59%
0074K0,KoAct K수출핵심기업TOP30액티브,2,국내 업종/테마,https://stock.naver.com/domestic/stock/0074K0/price,4,SK하이닉스,5.75%
0074K0,KoAct K수출핵심기업TOP30액티브,2,국내 업종/테마,https://stock.naver.com/domestic/stock/0074K0/price,5,LIG디펜스앤에어로스페이스,5.01%
325010,KODEX 성장주,2,국내 업종/테마,https://stock.naver.com/domestic/stock/325010/price,1,SK하이닉스,25.11%
325010,KODEX 성장주,2,국내 업종/테마,https://stock.naver.com/domestic/stock/325010/price,2,삼성전자,24.51%
325010,KODEX 성장주,2,국내 업종/테마,https://stock.naver.com/domestic/stock/325010/price,3,SK스퀘어,5.41%
325010,KODEX 성장주,2,국내 업종/테마,https://stock.naver.com/domestic/stock/325010/price,4,삼성전기,4.92%
325010,KODEX 성장주,2,국내 업종/테마,https://stock.naver.com/domestic/stock/325010/price,5,한화에어로스페이스,2.07%
139220,TIGER 200 건설,2,국내 업종/테마,https://stock.naver.com/domestic/stock/139220/price,1,삼성물산,23.42%
139220,TIGER 200 건설,2,국내 업종/테마,https://stock.naver.com/domestic/stock/139220/price,2,삼성E&A,23.41%
139220,TIGER 200 건설,2,국내 업종/테마,https://stock.naver.com/domestic/stock/139220/price,3,현대건설,16.01%
139220,TIGER 200 건설,2,국내 업종/테마,https://stock.naver.com/domestic/stock/139220/price,4,대우건설,10.87%
139220,TIGER 200 건설,2,국내 업종/테마,https://stock.naver.com/domestic/stock/139220/price,5,한전기술,7.43%
0092B0,SOL 한국원자력SMR,2,국내 업종/테마,https://stock.naver.com/domestic/stock/0092B0/price,1,두산에너빌리티,19.11%
0092B0,SOL 한국원자력SMR,2,국내 업종/테마,https://stock.naver.com/domestic/stock/0092B0/price,2,현대건설,14.01%
0092B0,SOL 한국원자력SMR,2,국내 업종/테마,https://stock.naver.com/domestic/stock/0092B0/price,3,비에이치아이,11.68%
0092B0,SOL 한국원자력SMR,2,국내 업종/테마,https://stock.naver.com/domestic/stock/0092B0/price,4,한전기술,11.48%
0092B0,SOL 한국원자력SMR,2,국내 업종/테마,https://stock.naver.com/domestic/stock/0092B0/price,5,한국전력,8.86%
448100,WON 200,1,국내 시장지수,https://stock.naver.com/domestic/stock/448100/price,1,삼성전자,34.92%
448100,WON 200,1,국내 시장지수,https://stock.naver.com/domestic/stock/448100/price,2,SK하이닉스,27.66%
448100,WON 200,1,국내 시장지수,https://stock.naver.com/domestic/stock/448100/price,3,SK스퀘어,2.84%
448100,WON 200,1,국내 시장지수,https://stock.naver.com/domestic/stock/448100/price,4,삼성전기,2.35%
448100,WON 200,1,국내 시장지수,https://stock.naver.com/domestic/stock/448100/price,5,KB금융,1.36%
377990,TIGER Fn신재생에너지,2,국내 업종/테마,https://stock.naver.com/domestic/stock/377990/price,1,한화솔루션,14.40%
377990,TIGER Fn신재생에너지,2,국내 업종/테마,https://stock.naver.com/domestic/stock/377990/price,2,산일전기,11.73%
377990,TIGER Fn신재생에너지,2,국내 업종/테마,https://stock.naver.com/domestic/stock/377990/price,3,LS ELECTRIC,10.31%
377990,TIGER Fn신재생에너지,2,국내 업종/테마,https://stock.naver.com/domestic/stock/377990/price,4,두산에너빌리티,10.30%
377990,TIGER Fn신재생에너지,2,국내 업종/테마,https://stock.naver.com/domestic/stock/377990/price,5,효성중공업,9.61%
328370,PLUS 코스피TR,1,국내 시장지수,https://stock.naver.com/domestic/stock/328370/price,1,삼성전자,28.74%
328370,PLUS 코스피TR,1,국내 시장지수,https://stock.naver.com/domestic/stock/328370/price,2,SK하이닉스,23.58%
328370,PLUS 코스피TR,1,국내 시장지수,https://stock.naver.com/domestic/stock/328370/price,3,SK스퀘어,2.76%
328370,PLUS 코스피TR,1,국내 시장지수,https://stock.naver.com/domestic/stock/328370/price,4,삼성전기,2.16%
328370,PLUS 코스피TR,1,국내 시장지수,https://stock.naver.com/domestic/stock/328370/price,5,LG에너지솔루션,1.56%
469170,ACE 포스코그룹포커스,2,국내 업종/테마,https://stock.naver.com/domestic/stock/469170/price,1,포스코인터내셔널,25.75%
469170,ACE 포스코그룹포커스,2,국내 업종/테마,https://stock.naver.com/domestic/stock/469170/price,2,포스코퓨처엠,25.26%
469170,ACE 포스코그룹포커스,2,국내 업종/테마,https://stock.naver.com/domestic/stock/469170/price,3,POSCO홀딩스,23.86%
469170,ACE 포스코그룹포커스,2,국내 업종/테마,https://stock.naver.com/domestic/stock/469170/price,4,포스코DX,14.52%
469170,ACE 포스코그룹포커스,2,국내 업종/테마,https://stock.naver.com/domestic/stock/469170/price,5,포스코엠텍,3.72%
332940,HANARO MSCI Korea TR,1,국내 시장지수,https://stock.naver.com/domestic/stock/332940/price,1,삼성전자,35.30%
332940,HANARO MSCI Korea TR,1,국내 시장지수,https://stock.naver.com/domestic/stock/332940/price,2,SK하이닉스,27.82%
332940,HANARO MSCI Korea TR,1,국내 시장지수,https://stock.naver.com/domestic/stock/332940/price,3,삼성전자우,4.41%
332940,HANARO MSCI Korea TR,1,국내 시장지수,https://stock.naver.com/domestic/stock/332940/price,4,SK스퀘어,2.94%
332940,HANARO MSCI Korea TR,1,국내 시장지수,https://stock.naver.com/domestic/stock/332940/price,5,삼성전기,2.43%
0168K0,TIGER 기술이전바이오액티브,2,국내 업종/테마,https://stock.naver.com/domestic/stock/0168K0/price,1,올릭스,9.79%
0168K0,TIGER 기술이전바이오액티브,2,국내 업종/테마,https://stock.naver.com/domestic/stock/0168K0/price,2,알테오젠,8.61%
0168K0,TIGER 기술이전바이오액티브,2,국내 업종/테마,https://stock.naver.com/domestic/stock/0168K0/price,3,한미약품,7.95%
0168K0,TIGER 기술이전바이오액티브,2,국내 업종/테마,https://stock.naver.com/domestic/stock/0168K0/price,4,리가켐바이오,5.89%
0168K0,TIGER 기술이전바이오액티브,2,국내 업종/테마,https://stock.naver.com/domestic/stock/0168K0/price,5,지투지바이오,5.79%
326240,RISE IT플러스,2,국내 업종/테마,https://stock.naver.com/domestic/stock/326240/price,1,삼성전자,25.40%
326240,RISE IT플러스,2,국내 업종/테마,https://stock.naver.com/domestic/stock/326240/price,2,SK스퀘어,10.40%
326240,RISE IT플러스,2,국내 업종/테마,https://stock.naver.com/domestic/stock/326240/price,3,SK하이닉스,9.63%
326240,RISE IT플러스,2,국내 업종/테마,https://stock.naver.com/domestic/stock/326240/price,4,삼성전기,9.62%
326240,RISE IT플러스,2,국내 업종/테마,https://stock.naver.com/domestic/stock/326240/price,5,삼성SDI,5.08%
0000J0,PLUS 한화그룹주,2,국내 업종/테마,https://stock.naver.com/domestic/stock/0000J0/price,1,한화에어로스페이스,22.02%
0000J0,PLUS 한화그룹주,2,국내 업종/테마,https://stock.naver.com/domestic/stock/0000J0/price,2,한화시스템,17.43%
0000J0,PLUS 한화그룹주,2,국내 업종/테마,https://stock.naver.com/domestic/stock/0000J0/price,3,한화오션,15.72%
0000J0,PLUS 한화그룹주,2,국내 업종/테마,https://stock.naver.com/domestic/stock/0000J0/price,4,한화솔루션,14.94%
0000J0,PLUS 한화그룹주,2,국내 업종/테마,https://stock.naver.com/domestic/stock/0000J0/price,5,한화엔진,7.84%
266370,KODEX IT,2,국내 업종/테마,https://stock.naver.com/domestic/stock/266370/price,1,삼성전기,19.68%
266370,KODEX IT,2,국내 업종/테마,https://stock.naver.com/domestic/stock/266370/price,2,삼성전자,19.06%
266370,KODEX IT,2,국내 업종/테마,https://stock.naver.com/domestic/stock/266370/price,3,SK하이닉스,18.50%
266370,KODEX IT,2,국내 업종/테마,https://stock.naver.com/domestic/stock/266370/price,4,삼성SDI,11.69%
266370,KODEX IT,2,국내 업종/테마,https://stock.naver.com/domestic/stock/266370/price,5,한미반도체,4.17%
475310,SOL 반도체후공정,2,국내 업종/테마,https://stock.naver.com/domestic/stock/475310/price,1,이수페타시스,19.45%
475310,SOL 반도체후공정,2,국내 업종/테마,https://stock.naver.com/domestic/stock/475310/price,2,한미반도체,18.99%
475310,SOL 반도체후공정,2,국내 업종/테마,https://stock.naver.com/domestic/stock/475310/price,3,대덕전자,14.45%
475310,SOL 반도체후공정,2,국내 업종/테마,https://stock.naver.com/domestic/stock/475310/price,4,이오테크닉스,13.17%
475310,SOL 반도체후공정,2,국내 업종/테마,https://stock.naver.com/domestic/stock/475310/price,5,리노공업,12.34%
367770,RISE 수소경제테마,2,국내 업종/테마,https://stock.naver.com/domestic/stock/367770/price,1,한화에어로스페이스,18.53%
367770,RISE 수소경제테마,2,국내 업종/테마,https://stock.naver.com/domestic/stock/367770/price,2,두산에너빌리티,16.17%
367770,RISE 수소경제테마,2,국내 업종/테마,https://stock.naver.com/domestic/stock/367770/price,3,현대모비스,11.48%
367770,RISE 수소경제테마,2,국내 업종/테마,https://stock.naver.com/domestic/stock/367770/price,4,현대차,10.25%
367770,RISE 수소경제테마,2,국내 업종/테마,https://stock.naver.com/domestic/stock/367770/price,5,POSCO홀딩스,10.13%
455860,SOL 2차전지소부장Fn,2,국내 업종/테마,https://stock.naver.com/domestic/stock/455860/price,1,POSCO홀딩스,19.94%
455860,SOL 2차전지소부장Fn,2,국내 업종/테마,https://stock.naver.com/domestic/stock/455860/price,2,LG화학,18.86%
455860,SOL 2차전지소부장Fn,2,국내 업종/테마,https://stock.naver.com/domestic/stock/455860/price,3,에코프로,14.46%
455860,SOL 2차전지소부장Fn,2,국내 업종/테마,https://stock.naver.com/domestic/stock/455860/price,4,에코프로비엠,11.25%
455860,SOL 2차전지소부장Fn,2,국내 업종/테마,https://stock.naver.com/domestic/stock/455860/price,5,포스코퓨처엠,10.37%
476850,KoAct 배당성장액티브,1,국내 시장지수,https://stock.naver.com/domestic/stock/476850/price,1,SK하이닉스,23.51%
476850,KoAct 배당성장액티브,1,국내 시장지수,https://stock.naver.com/domestic/stock/476850/price,2,삼성전자우,23.18%
476850,KoAct 배당성장액티브,1,국내 시장지수,https://stock.naver.com/domestic/stock/476850/price,3,삼성전기,3.58%
476850,KoAct 배당성장액티브,1,국내 시장지수,https://stock.naver.com/domestic/stock/476850/price,4,SK스퀘어,3.15%
476850,KoAct 배당성장액티브,1,국내 시장지수,https://stock.naver.com/domestic/stock/476850/price,5,한화에어로스페이스,2.43%
496090,KIWOOM 코리아밸류업,1,국내 시장지수,https://stock.naver.com/domestic/stock/496090/price,1,SK하이닉스,20.80%
496090,KIWOOM 코리아밸류업,1,국내 시장지수,https://stock.naver.com/domestic/stock/496090/price,2,삼성전자,17.28%
496090,KIWOOM 코리아밸류업,1,국내 시장지수,https://stock.naver.com/domestic/stock/496090/price,3,SK스퀘어,8.76%
496090,KIWOOM 코리아밸류업,1,국내 시장지수,https://stock.naver.com/domestic/stock/496090/price,4,KB금융,4.17%
496090,KIWOOM 코리아밸류업,1,국내 시장지수,https://stock.naver.com/domestic/stock/496090/price,5,현대차,3.89%
0177X0,ACE K휴머노이드로봇산업TOP2+,2,국내 업종/테마,https://stock.naver.com/domestic/stock/0177X0/price,1,로보티즈,24.25%
0177X0,ACE K휴머노이드로봇산업TOP2+,2,국내 업종/테마,https://stock.naver.com/domestic/stock/0177X0/price,2,에스피지,18.79%
0177X0,ACE K휴머노이드로봇산업TOP2+,2,국내 업종/테마,https://stock.naver.com/domestic/stock/0177X0/price,3,현대차,14.20%
0177X0,ACE K휴머노이드로봇산업TOP2+,2,국내 업종/테마,https://stock.naver.com/domestic/stock/0177X0/price,4,레인보우로보틱스,11.59%
0177X0,ACE K휴머노이드로봇산업TOP2+,2,국내 업종/테마,https://stock.naver.com/domestic/stock/0177X0/price,5,삼현,7.50%
0080Y0,SOL 조선TOP3플러스레버리지,2,국내 업종/테마,https://stock.naver.com/domestic/stock/0080Y0/price,1,삼성중공업,27.42%
0080Y0,SOL 조선TOP3플러스레버리지,2,국내 업종/테마,https://stock.naver.com/domestic/stock/0080Y0/price,2,한화오션,26.13%
0080Y0,SOL 조선TOP3플러스레버리지,2,국내 업종/테마,https://stock.naver.com/domestic/stock/0080Y0/price,3,HD현대중공업,25.69%
0080Y0,SOL 조선TOP3플러스레버리지,2,국내 업종/테마,https://stock.naver.com/domestic/stock/0080Y0/price,4,HD한국조선해양,15.71%
0080Y0,SOL 조선TOP3플러스레버리지,2,국내 업종/테마,https://stock.naver.com/domestic/stock/0080Y0/price,5,HD현대마린솔루션,4.80%
475050,ACE KPOP포커스,2,국내 업종/테마,https://stock.naver.com/domestic/stock/475050/price,1,에스엠,25.61%
475050,ACE KPOP포커스,2,국내 업종/테마,https://stock.naver.com/domestic/stock/475050/price,2,JYP Ent.,24.97%
475050,ACE KPOP포커스,2,국내 업종/테마,https://stock.naver.com/domestic/stock/475050/price,3,하이브,23.70%
475050,ACE KPOP포커스,2,국내 업종/테마,https://stock.naver.com/domestic/stock/475050/price,4,와이지엔터테인먼트,20.05%
475050,ACE KPOP포커스,2,국내 업종/테마,https://stock.naver.com/domestic/stock/475050/price,5,큐브엔터,0.95%
486240,DAISHIN AI반도체&인프라액티브,2,국내 업종/테마,https://stock.naver.com/domestic/stock/486240/price,1,삼성전자,21.35%
486240,DAISHIN AI반도체&인프라액티브,2,국내 업종/테마,https://stock.naver.com/domestic/stock/486240/price,2,SK하이닉스,13.43%
486240,DAISHIN AI반도체&인프라액티브,2,국내 업종/테마,https://stock.naver.com/domestic/stock/486240/price,3,LS ELECTRIC,7.89%
486240,DAISHIN AI반도체&인프라액티브,2,국내 업종/테마,https://stock.naver.com/domestic/stock/486240/price,4,티엘비,4.31%
486240,DAISHIN AI반도체&인프라액티브,2,국내 업종/테마,https://stock.naver.com/domestic/stock/486240/price,5,티에스이,4.16%
0198A0,KIWOOM 코스닥150커버드콜액티브,2,국내 업종/테마,https://stock.naver.com/domestic/stock/0198A0/price,1,KIWOOM 코스닥150,12.34%
0198A0,KIWOOM 코스닥150커버드콜액티브,2,국내 업종/테마,https://stock.naver.com/domestic/stock/0198A0/price,2,알테오젠,5.84%
0198A0,KIWOOM 코스닥150커버드콜액티브,2,국내 업종/테마,https://stock.naver.com/domestic/stock/0198A0/price,3,에코프로,3.68%
0198A0,KIWOOM 코스닥150커버드콜액티브,2,국내 업종/테마,https://stock.naver.com/domestic/stock/0198A0/price,4,주성엔지니어링,3.17%
0198A0,KIWOOM 코스닥150커버드콜액티브,2,국내 업종/테마,https://stock.naver.com/domestic/stock/0198A0/price,5,에코프로비엠,2.91%
0008T0,SOL 화장품TOP3플러스,2,국내 업종/테마,https://stock.naver.com/domestic/stock/0008T0/price,1,한국콜마,22.01%
0008T0,SOL 화장품TOP3플러스,2,국내 업종/테마,https://stock.naver.com/domestic/stock/0008T0/price,2,실리콘투,18.62%
0008T0,SOL 화장품TOP3플러스,2,국내 업종/테마,https://stock.naver.com/domestic/stock/0008T0/price,3,에이피알,17.17%
0008T0,SOL 화장품TOP3플러스,2,국내 업종/테마,https://stock.naver.com/domestic/stock/0008T0/price,4,코스맥스,9.50%
0008T0,SOL 화장품TOP3플러스,2,국내 업종/테마,https://stock.naver.com/domestic/stock/0008T0/price,5,코스메카코리아,8.66%
0197X0,SOL SK하이닉스선물단일종목인버스2X,2,국내 업종/테마,https://stock.naver.com/domestic/stock/0197X0/price,1,2026-10 SK하이닉스개별선물,-15.18 (주)
0197X0,SOL SK하이닉스선물단일종목인버스2X,2,국내 업종/테마,https://stock.naver.com/domestic/stock/0197X0/price,2,설정현금액,100.00%
0197X0,SOL SK하이닉스선물단일종목인버스2X,2,국내 업종/테마,https://stock.naver.com/domestic/stock/0197X0/price,3,원화현금,100.00%
0007N0,아이엠에셋 200,1,국내 시장지수,https://stock.naver.com/domestic/stock/0007N0/price,1,삼성전자,34.28%
0007N0,아이엠에셋 200,1,국내 시장지수,https://stock.naver.com/domestic/stock/0007N0/price,2,SK하이닉스,27.85%
0007N0,아이엠에셋 200,1,국내 시장지수,https://stock.naver.com/domestic/stock/0007N0/price,3,SK스퀘어,2.84%
0007N0,아이엠에셋 200,1,국내 시장지수,https://stock.naver.com/domestic/stock/0007N0/price,4,삼성전기,2.36%
0007N0,아이엠에셋 200,1,국내 시장지수,https://stock.naver.com/domestic/stock/0007N0/price,5,KB금융,1.36%
325020,KODEX 배당가치,2,국내 업종/테마,https://stock.naver.com/domestic/stock/325020/price,1,삼성전자,19.26%
325020,KODEX 배당가치,2,국내 업종/테마,https://stock.naver.com/domestic/stock/325020/price,2,KB금융,8.06%
325020,KODEX 배당가치,2,국내 업종/테마,https://stock.naver.com/domestic/stock/325020/price,3,신한지주,6.10%
325020,KODEX 배당가치,2,국내 업종/테마,https://stock.naver.com/domestic/stock/325020/price,4,하나금융지주,4.83%
325020,KODEX 배당가치,2,국내 업종/테마,https://stock.naver.com/domestic/stock/325020/price,5,기아,4.34%
454320,HANARO CAPEX설비투자iSelect,2,국내 업종/테마,https://stock.naver.com/domestic/stock/454320/price,1,두산에너빌리티,10.08%
454320,HANARO CAPEX설비투자iSelect,2,국내 업종/테마,https://stock.naver.com/domestic/stock/454320/price,2,LS ELECTRIC,10.05%
454320,HANARO CAPEX설비투자iSelect,2,국내 업종/테마,https://stock.naver.com/domestic/stock/454320/price,3,효성중공업,9.47%
454320,HANARO CAPEX설비투자iSelect,2,국내 업종/테마,https://stock.naver.com/domestic/stock/454320/price,4,HD건설기계,9.07%
454320,HANARO CAPEX설비투자iSelect,2,국내 업종/테마,https://stock.naver.com/domestic/stock/454320/price,5,LS,8.81%
495040,PLUS 코리아밸류업,1,국내 시장지수,https://stock.naver.com/domestic/stock/495040/price,1,SK하이닉스,20.88%
495040,PLUS 코리아밸류업,1,국내 시장지수,https://stock.naver.com/domestic/stock/495040/price,2,삼성전자,17.35%
495040,PLUS 코리아밸류업,1,국내 시장지수,https://stock.naver.com/domestic/stock/495040/price,3,SK스퀘어,8.77%
495040,PLUS 코리아밸류업,1,국내 시장지수,https://stock.naver.com/domestic/stock/495040/price,4,KB금융,4.18%
495040,PLUS 코리아밸류업,1,국내 시장지수,https://stock.naver.com/domestic/stock/495040/price,5,현대차,3.89%
211900,KODEX 코리아배당성장,2,국내 업종/테마,https://stock.naver.com/domestic/stock/211900/price,1,DB손해보험,5.64%
211900,KODEX 코리아배당성장,2,국내 업종/테마,https://stock.naver.com/domestic/stock/211900/price,2,삼성카드,4.58%
211900,KODEX 코리아배당성장,2,국내 업종/테마,https://stock.naver.com/domestic/stock/211900/price,3,JB금융지주,4.54%
211900,KODEX 코리아배당성장,2,국내 업종/테마,https://stock.naver.com/domestic/stock/211900/price,4,BNK금융지주,3.63%
211900,KODEX 코리아배당성장,2,국내 업종/테마,https://stock.naver.com/domestic/stock/211900/price,5,다우기술,3.61%
359210,KODEX 코스피TR,1,국내 시장지수,https://stock.naver.com/domestic/stock/359210/price,1,삼성전자,28.87%
359210,KODEX 코스피TR,1,국내 시장지수,https://stock.naver.com/domestic/stock/359210/price,2,SK하이닉스,24.09%
359210,KODEX 코스피TR,1,국내 시장지수,https://stock.naver.com/domestic/stock/359210/price,3,SK스퀘어,2.76%
359210,KODEX 코스피TR,1,국내 시장지수,https://stock.naver.com/domestic/stock/359210/price,4,삼성전기,2.12%
359210,KODEX 코스피TR,1,국내 시장지수,https://stock.naver.com/domestic/stock/359210/price,5,LG에너지솔루션,1.55%
337140,KODEX 코스피대형주,2,국내 업종/테마,https://stock.naver.com/domestic/stock/337140/price,1,삼성전자,31.08%
337140,KODEX 코스피대형주,2,국내 업종/테마,https://stock.naver.com/domestic/stock/337140/price,2,SK하이닉스,25.90%
337140,KODEX 코스피대형주,2,국내 업종/테마,https://stock.naver.com/domestic/stock/337140/price,3,SK스퀘어,2.95%
337140,KODEX 코스피대형주,2,국내 업종/테마,https://stock.naver.com/domestic/stock/337140/price,4,삼성전기,2.29%
337140,KODEX 코스피대형주,2,국내 업종/테마,https://stock.naver.com/domestic/stock/337140/price,5,LG에너지솔루션,1.67%
108450,ACE 삼성그룹섹터가중,2,국내 업종/테마,https://stock.naver.com/domestic/stock/108450/price,1,삼성전자,25.45%
108450,ACE 삼성그룹섹터가중,2,국내 업종/테마,https://stock.naver.com/domestic/stock/108450/price,2,삼성전기,15.60%
108450,ACE 삼성그룹섹터가중,2,국내 업종/테마,https://stock.naver.com/domestic/stock/108450/price,3,에스원,9.53%
108450,ACE 삼성그룹섹터가중,2,국내 업종/테마,https://stock.naver.com/domestic/stock/108450/price,4,삼성중공업,9.06%
108450,ACE 삼성그룹섹터가중,2,국내 업종/테마,https://stock.naver.com/domestic/stock/108450/price,5,삼성SDI,8.48%
495750,HANARO 코리아밸류업,1,국내 시장지수,https://stock.naver.com/domestic/stock/495750/price,1,SK하이닉스,20.83%
495750,HANARO 코리아밸류업,1,국내 시장지수,https://stock.naver.com/domestic/stock/495750/price,2,삼성전자,17.33%
495750,HANARO 코리아밸류업,1,국내 시장지수,https://stock.naver.com/domestic/stock/495750/price,3,SK스퀘어,8.77%
495750,HANARO 코리아밸류업,1,국내 시장지수,https://stock.naver.com/domestic/stock/495750/price,4,KB금융,4.18%
495750,HANARO 코리아밸류업,1,국내 시장지수,https://stock.naver.com/domestic/stock/495750/price,5,현대차,3.86%
0018C0,PLUS 고배당주위클리고정커버드콜,2,국내 업종/테마,https://stock.naver.com/domestic/stock/0018C0/price,1,DB손해보험,5.96%
0018C0,PLUS 고배당주위클리고정커버드콜,2,국내 업종/테마,https://stock.naver.com/domestic/stock/0018C0/price,2,우리금융지주,5.28%
0018C0,PLUS 고배당주위클리고정커버드콜,2,국내 업종/테마,https://stock.naver.com/domestic/stock/0018C0/price,3,기업은행,5.01%
0018C0,PLUS 고배당주위클리고정커버드콜,2,국내 업종/테마,https://stock.naver.com/domestic/stock/0018C0/price,4,GS,4.99%
0018C0,PLUS 고배당주위클리고정커버드콜,2,국내 업종/테마,https://stock.naver.com/domestic/stock/0018C0/price,5,NH투자증권,4.46%
490480,SOL K방산,2,국내 업종/테마,https://stock.naver.com/domestic/stock/490480/price,1,한화에어로스페이스,28.58%
490480,SOL K방산,2,국내 업종/테마,https://stock.naver.com/domestic/stock/490480/price,2,LIG디펜스앤에어로스페이스,15.66%
490480,SOL K방산,2,국내 업종/테마,https://stock.naver.com/domestic/stock/490480/price,3,한국항공우주,13.58%
490480,SOL K방산,2,국내 업종/테마,https://stock.naver.com/domestic/stock/490480/price,4,한화오션,12.25%
490480,SOL K방산,2,국내 업종/테마,https://stock.naver.com/domestic/stock/490480/price,5,HD현대중공업,9.70%
365040,TIGER AI코리아그로스액티브,1,국내 시장지수,https://stock.naver.com/domestic/stock/365040/price,1,삼성전자,28.75%
365040,TIGER AI코리아그로스액티브,1,국내 시장지수,https://stock.naver.com/domestic/stock/365040/price,2,SK하이닉스,24.41%
365040,TIGER AI코리아그로스액티브,1,국내 시장지수,https://stock.naver.com/domestic/stock/365040/price,3,SK스퀘어,2.99%
365040,TIGER AI코리아그로스액티브,1,국내 시장지수,https://stock.naver.com/domestic/stock/365040/price,4,삼성전기,2.38%
365040,TIGER AI코리아그로스액티브,1,국내 시장지수,https://stock.naver.com/domestic/stock/365040/price,5,현대차,1.50%
138530,TIGER LG그룹플러스,2,국내 업종/테마,https://stock.naver.com/domestic/stock/138530/price,1,LG유플러스,18.59%
138530,TIGER LG그룹플러스,2,국내 업종/테마,https://stock.naver.com/domestic/stock/138530/price,2,LG화학,15.63%
138530,TIGER LG그룹플러스,2,국내 업종/테마,https://stock.naver.com/domestic/stock/138530/price,3,LG전자,15.01%
138530,TIGER LG그룹플러스,2,국내 업종/테마,https://stock.naver.com/domestic/stock/138530/price,4,LG,9.24%
138530,TIGER LG그룹플러스,2,국내 업종/테마,https://stock.naver.com/domestic/stock/138530/price,5,GS건설,7.41%
0098N0,PLUS 자사주매입고배당주,2,국내 업종/테마,https://stock.naver.com/domestic/stock/0098N0/price,1,메리츠금융지주,6.12%
0098N0,PLUS 자사주매입고배당주,2,국내 업종/테마,https://stock.naver.com/domestic/stock/0098N0/price,2,HMM,5.47%
0098N0,PLUS 자사주매입고배당주,2,국내 업종/테마,https://stock.naver.com/domestic/stock/0098N0/price,3,KB금융,5.08%
0098N0,PLUS 자사주매입고배당주,2,국내 업종/테마,https://stock.naver.com/domestic/stock/0098N0/price,4,신한지주,4.96%
0098N0,PLUS 자사주매입고배당주,2,국내 업종/테마,https://stock.naver.com/domestic/stock/0098N0/price,5,하나금융지주,4.70%
210780,TIGER 코스피고배당,2,국내 업종/테마,https://stock.naver.com/domestic/stock/210780/price,1,한일시멘트,3.42%
210780,TIGER 코스피고배당,2,국내 업종/테마,https://stock.naver.com/domestic/stock/210780/price,2,아이마켓코리아,3.12%
210780,TIGER 코스피고배당,2,국내 업종/테마,https://stock.naver.com/domestic/stock/210780/price,3,DB손해보험,2.95%
210780,TIGER 코스피고배당,2,국내 업종/테마,https://stock.naver.com/domestic/stock/210780/price,4,제일기획,2.94%
210780,TIGER 코스피고배당,2,국내 업종/테마,https://stock.naver.com/domestic/stock/210780/price,5,한국자산신탁,2.93%
364960,TIGER BBIG,2,국내 업종/테마,https://stock.naver.com/domestic/stock/364960/price,1,NC,9.78%
364960,TIGER BBIG,2,국내 업종/테마,https://stock.naver.com/domestic/stock/364960/price,2,서진시스템,9.58%
364960,TIGER BBIG,2,국내 업종/테마,https://stock.naver.com/domestic/stock/364960/price,3,넷마블,8.45%
364960,TIGER BBIG,2,국내 업종/테마,https://stock.naver.com/domestic/stock/364960/price,4,LG에너지솔루션,8.40%
364960,TIGER BBIG,2,국내 업종/테마,https://stock.naver.com/domestic/stock/364960/price,5,셀트리온,8.33%
0240J0,RISE 삼성SK그룹,2,국내 업종/테마,https://stock.naver.com/domestic/stock/0240J0/price,1,삼성전자,25.48%
0240J0,RISE 삼성SK그룹,2,국내 업종/테마,https://stock.naver.com/domestic/stock/0240J0/price,2,SK하이닉스,23.34%
0240J0,RISE 삼성SK그룹,2,국내 업종/테마,https://stock.naver.com/domestic/stock/0240J0/price,3,SK스퀘어,14.49%
0240J0,RISE 삼성SK그룹,2,국내 업종/테마,https://stock.naver.com/domestic/stock/0240J0/price,4,삼성전기,12.38%
0240J0,RISE 삼성SK그룹,2,국내 업종/테마,https://stock.naver.com/domestic/stock/0240J0/price,5,삼성물산,4.77%
0210E0,PLUS 200커버드콜액티브,2,국내 업종/테마,https://stock.naver.com/domestic/stock/0210E0/price,1,삼성전자,33.73%
0210E0,PLUS 200커버드콜액티브,2,국내 업종/테마,https://stock.naver.com/domestic/stock/0210E0/price,2,SK하이닉스,27.33%
0210E0,PLUS 200커버드콜액티브,2,국내 업종/테마,https://stock.naver.com/domestic/stock/0210E0/price,3,SK스퀘어,2.95%
0210E0,PLUS 200커버드콜액티브,2,국내 업종/테마,https://stock.naver.com/domestic/stock/0210E0/price,4,삼성전기,2.54%
0210E0,PLUS 200커버드콜액티브,2,국내 업종/테마,https://stock.naver.com/domestic/stock/0210E0/price,5,KB금융,1.37%
292190,KODEX KRX300,1,국내 시장지수,https://stock.naver.com/domestic/stock/292190/price,1,삼성전자,32.46%
292190,KODEX KRX300,1,국내 시장지수,https://stock.naver.com/domestic/stock/292190/price,2,SK하이닉스,26.37%
292190,KODEX KRX300,1,국내 시장지수,https://stock.naver.com/domestic/stock/292190/price,3,SK스퀘어,2.69%
292190,KODEX KRX300,1,국내 시장지수,https://stock.naver.com/domestic/stock/292190/price,4,삼성전기,2.23%
292190,KODEX KRX300,1,국내 시장지수,https://stock.naver.com/domestic/stock/292190/price,5,KB금융,1.28%
228810,TIGER 미디어컨텐츠,2,국내 업종/테마,https://stock.naver.com/domestic/stock/228810/price,1,CJ ENM,12.36%
228810,TIGER 미디어컨텐츠,2,국내 업종/테마,https://stock.naver.com/domestic/stock/228810/price,2,에스엠,11.39%
228810,TIGER 미디어컨텐츠,2,국내 업종/테마,https://stock.naver.com/domestic/stock/228810/price,3,와이지엔터테인먼트,10.97%
228810,TIGER 미디어컨텐츠,2,국내 업종/테마,https://stock.naver.com/domestic/stock/228810/price,4,스튜디오드래곤,10.39%
228810,TIGER 미디어컨텐츠,2,국내 업종/테마,https://stock.naver.com/domestic/stock/228810/price,5,디어유,9.76%
157490,TIGER 소프트웨어,2,국내 업종/테마,https://stock.naver.com/domestic/stock/157490/price,1,NAVER,25.23%
157490,TIGER 소프트웨어,2,국내 업종/테마,https://stock.naver.com/domestic/stock/157490/price,2,카카오,19.02%
157490,TIGER 소프트웨어,2,국내 업종/테마,https://stock.naver.com/domestic/stock/157490/price,3,삼성에스디에스,14.68%
157490,TIGER 소프트웨어,2,국내 업종/테마,https://stock.naver.com/domestic/stock/157490/price,4,크래프톤,9.55%
157490,TIGER 소프트웨어,2,국내 업종/테마,https://stock.naver.com/domestic/stock/157490/price,5,NC,7.45%
0098Z0,FOCUS 200,1,국내 시장지수,https://stock.naver.com/domestic/stock/0098Z0/price,1,삼성전자,33.95%
0098Z0,FOCUS 200,1,국내 시장지수,https://stock.naver.com/domestic/stock/0098Z0/price,2,SK하이닉스,27.60%
0098Z0,FOCUS 200,1,국내 시장지수,https://stock.naver.com/domestic/stock/0098Z0/price,3,SK스퀘어,2.81%
0098Z0,FOCUS 200,1,국내 시장지수,https://stock.naver.com/domestic/stock/0098Z0/price,4,삼성전기,2.34%
0098Z0,FOCUS 200,1,국내 시장지수,https://stock.naver.com/domestic/stock/0098Z0/price,5,KB금융,1.35%
441540,HANARO Fn조선해운,2,국내 업종/테마,https://stock.naver.com/domestic/stock/441540/price,1,HMM,19.44%
441540,HANARO Fn조선해운,2,국내 업종/테마,https://stock.naver.com/domestic/stock/441540/price,2,HD한국조선해양,14.87%
441540,HANARO Fn조선해운,2,국내 업종/테마,https://stock.naver.com/domestic/stock/441540/price,3,삼성중공업,13.42%
441540,HANARO Fn조선해운,2,국내 업종/테마,https://stock.naver.com/domestic/stock/441540/price,4,한화오션,12.30%
441540,HANARO Fn조선해운,2,국내 업종/테마,https://stock.naver.com/domestic/stock/441540/price,5,HD현대중공업,11.50%
266420,KODEX 헬스케어,2,국내 업종/테마,https://stock.naver.com/domestic/stock/266420/price,1,셀트리온,21.76%
266420,KODEX 헬스케어,2,국내 업종/테마,https://stock.naver.com/domestic/stock/266420/price,2,삼성바이오로직스,12.78%
266420,KODEX 헬스케어,2,국내 업종/테마,https://stock.naver.com/domestic/stock/266420/price,3,알테오젠,12.23%
266420,KODEX 헬스케어,2,국내 업종/테마,https://stock.naver.com/domestic/stock/266420/price,4,HLB,4.22%
266420,KODEX 헬스케어,2,국내 업종/테마,https://stock.naver.com/domestic/stock/266420/price,5,유한양행,3.64%
211560,TIGER 배당성장,2,국내 업종/테마,https://stock.naver.com/domestic/stock/211560/price,1,DB손해보험,5.62%
211560,TIGER 배당성장,2,국내 업종/테마,https://stock.naver.com/domestic/stock/211560/price,2,삼성카드,4.57%
211560,TIGER 배당성장,2,국내 업종/테마,https://stock.naver.com/domestic/stock/211560/price,3,JB금융지주,4.52%
211560,TIGER 배당성장,2,국내 업종/테마,https://stock.naver.com/domestic/stock/211560/price,4,BNK금융지주,3.62%
211560,TIGER 배당성장,2,국내 업종/테마,https://stock.naver.com/domestic/stock/211560/price,5,다우기술,3.60%
465330,RISE 2차전지TOP10,2,국내 업종/테마,https://stock.naver.com/domestic/stock/465330/price,1,SK이노베이션,16.67%
465330,RISE 2차전지TOP10,2,국내 업종/테마,https://stock.naver.com/domestic/stock/465330/price,2,LG에너지솔루션,14.60%
465330,RISE 2차전지TOP10,2,국내 업종/테마,https://stock.naver.com/domestic/stock/465330/price,3,삼성SDI,13.46%
465330,RISE 2차전지TOP10,2,국내 업종/테마,https://stock.naver.com/domestic/stock/465330/price,4,POSCO홀딩스,13.30%
465330,RISE 2차전지TOP10,2,국내 업종/테마,https://stock.naver.com/domestic/stock/465330/price,5,에코프로,12.46%
491700,HK 200,1,국내 시장지수,https://stock.naver.com/domestic/stock/491700/price,1,삼성전자,33.82%
491700,HK 200,1,국내 시장지수,https://stock.naver.com/domestic/stock/491700/price,2,SK하이닉스,27.48%
491700,HK 200,1,국내 시장지수,https://stock.naver.com/domestic/stock/491700/price,3,SK스퀘어,2.79%
491700,HK 200,1,국내 시장지수,https://stock.naver.com/domestic/stock/491700/price,4,삼성전기,2.32%
491700,HK 200,1,국내 시장지수,https://stock.naver.com/domestic/stock/491700/price,5,KB금융,1.33%
228800,TIGER 여행레저,2,국내 업종/테마,https://stock.naver.com/domestic/stock/228800/price,1,대한항공,11.56%
228800,TIGER 여행레저,2,국내 업종/테마,https://stock.naver.com/domestic/stock/228800/price,2,아시아나항공,11.50%
228800,TIGER 여행레저,2,국내 업종/테마,https://stock.naver.com/domestic/stock/228800/price,3,강원랜드,10.27%
228800,TIGER 여행레저,2,국내 업종/테마,https://stock.naver.com/domestic/stock/228800/price,4,호텔신라,8.10%
228800,TIGER 여행레저,2,국내 업종/테마,https://stock.naver.com/domestic/stock/228800/price,5,파라다이스,7.67%
0222D0,KoAct 고배당액티브,2,국내 업종/테마,https://stock.naver.com/domestic/stock/0222D0/price,1,현대엘리베이터,7.73%
0222D0,KoAct 고배당액티브,2,국내 업종/테마,https://stock.naver.com/domestic/stock/0222D0/price,2,우리금융지주,5.28%
0222D0,KoAct 고배당액티브,2,국내 업종/테마,https://stock.naver.com/domestic/stock/0222D0/price,3,GS,5.14%
0222D0,KoAct 고배당액티브,2,국내 업종/테마,https://stock.naver.com/domestic/stock/0222D0/price,4,DB손해보험,4.85%
0222D0,KoAct 고배당액티브,2,국내 업종/테마,https://stock.naver.com/domestic/stock/0222D0/price,5,삼성전자우,4.58%
277640,TIGER 코스피대형주,2,국내 업종/테마,https://stock.naver.com/domestic/stock/277640/price,1,삼성전자,31.29%
277640,TIGER 코스피대형주,2,국내 업종/테마,https://stock.naver.com/domestic/stock/277640/price,2,SK하이닉스,26.05%
277640,TIGER 코스피대형주,2,국내 업종/테마,https://stock.naver.com/domestic/stock/277640/price,3,SK스퀘어,2.95%
277640,TIGER 코스피대형주,2,국내 업종/테마,https://stock.naver.com/domestic/stock/277640/price,4,삼성전기,2.29%
277640,TIGER 코스피대형주,2,국내 업종/테마,https://stock.naver.com/domestic/stock/277640/price,5,LG에너지솔루션,1.69%
0123S0,HANARO 26-12 은행채(AA+이상)액티브,2,국내 업종/테마,https://stock.naver.com/domestic/stock/0123S0/price,1,광주은행2025-06이1.5갑-30,0.00 (주)
0123S0,HANARO 26-12 은행채(AA+이상)액티브,2,국내 업종/테마,https://stock.naver.com/domestic/stock/0123S0/price,2,산업금융채권24신이0206-0808-1,0.00 (주)
0123S0,HANARO 26-12 은행채(AA+이상)액티브,2,국내 업종/테마,https://stock.naver.com/domestic/stock/0123S0/price,3,수산금융채권(은행)25-7이17-28,0.00 (주)
0123S0,HANARO 26-12 은행채(AA+이상)액티브,2,국내 업종/테마,https://stock.naver.com/domestic/stock/0123S0/price,4,신한은행28-12-이-2-A,0.00 (주)
0123S0,HANARO 26-12 은행채(AA+이상)액티브,2,국내 업종/테마,https://stock.naver.com/domestic/stock/0123S0/price,5,중소기업은행(신)2508이1.5A-21,0.00 (주)
0115E0,KODEX 코리아소버린AI,2,국내 업종/테마,https://stock.naver.com/domestic/stock/0115E0/price,1,NAVER,18.23%
0115E0,KODEX 코리아소버린AI,2,국내 업종/테마,https://stock.naver.com/domestic/stock/0115E0/price,2,LG씨엔에스,6.86%
0115E0,KODEX 코리아소버린AI,2,국내 업종/테마,https://stock.naver.com/domestic/stock/0115E0/price,3,SK텔레콤,6.10%
0115E0,KODEX 코리아소버린AI,2,국내 업종/테마,https://stock.naver.com/domestic/stock/0115E0/price,4,SK하이닉스,5.11%
0115E0,KODEX 코리아소버린AI,2,국내 업종/테마,https://stock.naver.com/domestic/stock/0115E0/price,5,삼성전자,4.46%
0220B0,DS 코스닥액티브,1,국내 시장지수,https://stock.naver.com/domestic/stock/0220B0/price,1,심텍,9.56%
0220B0,DS 코스닥액티브,1,국내 시장지수,https://stock.naver.com/domestic/stock/0220B0/price,2,샘씨엔에스,6.60%
0220B0,DS 코스닥액티브,1,국내 시장지수,https://stock.naver.com/domestic/stock/0220B0/price,3,이오테크닉스,4.47%
0220B0,DS 코스닥액티브,1,국내 시장지수,https://stock.naver.com/domestic/stock/0220B0/price,4,디케이티,4.37%
0220B0,DS 코스닥액티브,1,국내 시장지수,https://stock.naver.com/domestic/stock/0220B0/price,5,미코,3.73%
491220,PLUS 200TR,1,국내 시장지수,https://stock.naver.com/domestic/stock/491220/price,1,삼성전자,34.20%
491220,PLUS 200TR,1,국내 시장지수,https://stock.naver.com/domestic/stock/491220/price,2,SK하이닉스,27.79%
491220,PLUS 200TR,1,국내 시장지수,https://stock.naver.com/domestic/stock/491220/price,3,SK스퀘어,2.82%
491220,PLUS 200TR,1,국내 시장지수,https://stock.naver.com/domestic/stock/491220/price,4,삼성전기,2.33%
491220,PLUS 200TR,1,국내 시장지수,https://stock.naver.com/domestic/stock/491220/price,5,KB금융,1.35%
140700,KODEX 보험,2,국내 업종/테마,https://stock.naver.com/domestic/stock/140700/price,1,DB손해보험,22.46%
140700,KODEX 보험,2,국내 업종/테마,https://stock.naver.com/domestic/stock/140700/price,2,삼성화재,18.67%
140700,KODEX 보험,2,국내 업종/테마,https://stock.naver.com/domestic/stock/140700/price,3,삼성생명,15.91%
140700,KODEX 보험,2,국내 업종/테마,https://stock.naver.com/domestic/stock/140700/price,4,현대해상,14.17%
140700,KODEX 보험,2,국내 업종/테마,https://stock.naver.com/domestic/stock/140700/price,5,코리안리,10.04%
434960,DAISHIN K200,1,국내 시장지수,https://stock.naver.com/domestic/stock/434960/price,1,삼성전자,34.18%
434960,DAISHIN K200,1,국내 시장지수,https://stock.naver.com/domestic/stock/434960/price,2,SK하이닉스,27.81%
434960,DAISHIN K200,1,국내 시장지수,https://stock.naver.com/domestic/stock/434960/price,3,SK스퀘어,2.81%
434960,DAISHIN K200,1,국내 시장지수,https://stock.naver.com/domestic/stock/434960/price,4,삼성전기,2.32%
434960,DAISHIN K200,1,국내 시장지수,https://stock.naver.com/domestic/stock/434960/price,5,KB금융,1.35%
385590,ACE ESG액티브,2,국내 업종/테마,https://stock.naver.com/domestic/stock/385590/price,1,삼성전자,24.79%
385590,ACE ESG액티브,2,국내 업종/테마,https://stock.naver.com/domestic/stock/385590/price,2,SK하이닉스,16.03%
385590,ACE ESG액티브,2,국내 업종/테마,https://stock.naver.com/domestic/stock/385590/price,3,SK스퀘어,6.36%
385590,ACE ESG액티브,2,국내 업종/테마,https://stock.naver.com/domestic/stock/385590/price,4,삼성전기,6.21%
385590,ACE ESG액티브,2,국내 업종/테마,https://stock.naver.com/domestic/stock/385590/price,5,KB금융,5.48%
0141S0,SOL 조선기자재,2,국내 업종/테마,https://stock.naver.com/domestic/stock/0141S0/price,1,HD현대마린솔루션,23.67%
0141S0,SOL 조선기자재,2,국내 업종/테마,https://stock.naver.com/domestic/stock/0141S0/price,2,한화엔진,21.82%
0141S0,SOL 조선기자재,2,국내 업종/테마,https://stock.naver.com/domestic/stock/0141S0/price,3,한국카본,17.09%
0141S0,SOL 조선기자재,2,국내 업종/테마,https://stock.naver.com/domestic/stock/0141S0/price,4,HD현대마린엔진,10.92%
0141S0,SOL 조선기자재,2,국내 업종/테마,https://stock.naver.com/domestic/stock/0141S0/price,5,대한조선,8.98%
261070,TIGER 코스닥150바이오테크,2,국내 업종/테마,https://stock.naver.com/domestic/stock/261070/price,1,알테오젠,27.96%
261070,TIGER 코스닥150바이오테크,2,국내 업종/테마,https://stock.naver.com/domestic/stock/261070/price,2,HLB,9.63%
261070,TIGER 코스닥150바이오테크,2,국내 업종/테마,https://stock.naver.com/domestic/stock/261070/price,3,삼천당제약,5.87%
261070,TIGER 코스닥150바이오테크,2,국내 업종/테마,https://stock.naver.com/domestic/stock/261070/price,4,펩트론,5.65%
261070,TIGER 코스닥150바이오테크,2,국내 업종/테마,https://stock.naver.com/domestic/stock/261070/price,5,리가켐바이오,4.34%
476260,HANARO 반도체핵심공정주도주,2,국내 업종/테마,https://stock.naver.com/domestic/stock/476260/price,1,브이엠,16.00%
476260,HANARO 반도체핵심공정주도주,2,국내 업종/테마,https://stock.naver.com/domestic/stock/476260/price,2,저스템,12.16%
476260,HANARO 반도체핵심공정주도주,2,국내 업종/테마,https://stock.naver.com/domestic/stock/476260/price,3,피에스케이,11.42%
476260,HANARO 반도체핵심공정주도주,2,국내 업종/테마,https://stock.naver.com/domestic/stock/476260/price,4,테스,10.17%
476260,HANARO 반도체핵심공정주도주,2,국내 업종/테마,https://stock.naver.com/domestic/stock/476260/price,5,ISC,9.03%
401470,KODEX 메타버스액티브,2,국내 업종/테마,https://stock.naver.com/domestic/stock/401470/price,1,NHN,8.60%
401470,KODEX 메타버스액티브,2,국내 업종/테마,https://stock.naver.com/domestic/stock/401470/price,2,NAVER,7.43%
401470,KODEX 메타버스액티브,2,국내 업종/테마,https://stock.naver.com/domestic/stock/401470/price,3,와이지엔터테인먼트,7.12%
401470,KODEX 메타버스액티브,2,국내 업종/테마,https://stock.naver.com/domestic/stock/401470/price,4,NC,6.69%
401470,KODEX 메타버스액티브,2,국내 업종/테마,https://stock.naver.com/domestic/stock/401470/price,5,하이브,6.44%
0166S0,PLUS K제조업핵심기업액티브,2,국내 업종/테마,https://stock.naver.com/domestic/stock/0166S0/price,1,삼성전자우,27.92%
0166S0,PLUS K제조업핵심기업액티브,2,국내 업종/테마,https://stock.naver.com/domestic/stock/0166S0/price,2,SK하이닉스,20.61%
0166S0,PLUS K제조업핵심기업액티브,2,국내 업종/테마,https://stock.naver.com/domestic/stock/0166S0/price,3,삼성SDI,4.40%
0166S0,PLUS K제조업핵심기업액티브,2,국내 업종/테마,https://stock.naver.com/domestic/stock/0166S0/price,4,LS,3.29%
0166S0,PLUS K제조업핵심기업액티브,2,국내 업종/테마,https://stock.naver.com/domestic/stock/0166S0/price,5,한화에어로스페이스,3.27%
0194T0,ACE SK하이닉스단일종목레버리지,2,국내 업종/테마,https://stock.naver.com/domestic/stock/0194T0/price,1,SK하이닉스,87.25%
0194T0,ACE SK하이닉스단일종목레버리지,2,국내 업종/테마,https://stock.naver.com/domestic/stock/0194T0/price,2,RISE SK하이닉스단일종목레버리지,17.51%
0194T0,ACE SK하이닉스단일종목레버리지,2,국내 업종/테마,https://stock.naver.com/domestic/stock/0194T0/price,3,2026-10 SK하이닉스개별선물,10.50 (주)
0194T0,ACE SK하이닉스단일종목레버리지,2,국내 업종/테마,https://stock.naver.com/domestic/stock/0194T0/price,4,설정현금액,100.00%
0194T0,ACE SK하이닉스단일종목레버리지,2,국내 업종/테마,https://stock.naver.com/domestic/stock/0194T0/price,5,원화현금,-4.10%
150460,TIGER 중국소비테마,2,국내 업종/테마,https://stock.naver.com/domestic/stock/150460/price,1,F&F,4.82%
150460,TIGER 중국소비테마,2,국내 업종/테마,https://stock.naver.com/domestic/stock/150460/price,2,덴티움,4.77%
150460,TIGER 중국소비테마,2,국내 업종/테마,https://stock.naver.com/domestic/stock/150460/price,3,원텍,4.66%
150460,TIGER 중국소비테마,2,국내 업종/테마,https://stock.naver.com/domestic/stock/150460/price,4,코스맥스,4.60%
150460,TIGER 중국소비테마,2,국내 업종/테마,https://stock.naver.com/domestic/stock/150460/price,5,에이피알,4.55%
0111J0,HANARO 증권고배당TOP3플러스,2,국내 업종/테마,https://stock.naver.com/domestic/stock/0111J0/price,1,한국금융지주,20.38%
0111J0,HANARO 증권고배당TOP3플러스,2,국내 업종/테마,https://stock.naver.com/domestic/stock/0111J0/price,2,키움증권,19.66%
0111J0,HANARO 증권고배당TOP3플러스,2,국내 업종/테마,https://stock.naver.com/domestic/stock/0111J0/price,3,NH투자증권,16.76%
0111J0,HANARO 증권고배당TOP3플러스,2,국내 업종/테마,https://stock.naver.com/domestic/stock/0111J0/price,4,미래에셋증권,16.02%
0111J0,HANARO 증권고배당TOP3플러스,2,국내 업종/테마,https://stock.naver.com/domestic/stock/0111J0/price,5,삼성증권,15.69%
275300,KODEX 우량주,2,국내 업종/테마,https://stock.naver.com/domestic/stock/275300/price,1,SK하이닉스,24.05%
275300,KODEX 우량주,2,국내 업종/테마,https://stock.naver.com/domestic/stock/275300/price,2,삼성전자,22.74%
275300,KODEX 우량주,2,국내 업종/테마,https://stock.naver.com/domestic/stock/275300/price,3,SK스퀘어,7.39%
275300,KODEX 우량주,2,국내 업종/테마,https://stock.naver.com/domestic/stock/275300/price,4,삼성전기,6.00%
275300,KODEX 우량주,2,국내 업종/테마,https://stock.naver.com/domestic/stock/275300/price,5,삼성전자우,2.84%
445150,KODEX 친환경조선해운액티브,2,국내 업종/테마,https://stock.naver.com/domestic/stock/445150/price,1,팬오션,8.93%
445150,KODEX 친환경조선해운액티브,2,국내 업종/테마,https://stock.naver.com/domestic/stock/445150/price,2,HMM,7.63%
445150,KODEX 친환경조선해운액티브,2,국내 업종/테마,https://stock.naver.com/domestic/stock/445150/price,3,HD한국조선해양,7.46%
445150,KODEX 친환경조선해운액티브,2,국내 업종/테마,https://stock.naver.com/domestic/stock/445150/price,4,동성화인텍,7.24%
445150,KODEX 친환경조선해운액티브,2,국내 업종/테마,https://stock.naver.com/domestic/stock/445150/price,5,삼성중공업,7.05%
0139P0,ACE 고배당주,2,국내 업종/테마,https://stock.naver.com/domestic/stock/0139P0/price,1,삼성화재,7.19%
0139P0,ACE 고배당주,2,국내 업종/테마,https://stock.naver.com/domestic/stock/0139P0/price,2,한국타이어앤테크놀로지,6.26%
0139P0,ACE 고배당주,2,국내 업종/테마,https://stock.naver.com/domestic/stock/0139P0/price,3,DB손해보험,6.13%
0139P0,ACE 고배당주,2,국내 업종/테마,https://stock.naver.com/domestic/stock/0139P0/price,4,코리안리,6.07%
0139P0,ACE 고배당주,2,국내 업종/테마,https://stock.naver.com/domestic/stock/0139P0/price,5,빙그레,5.75%
0000Z0,RISE 바이오TOP10액티브,2,국내 업종/테마,https://stock.naver.com/domestic/stock/0000Z0/price,1,올릭스,9.34%
0000Z0,RISE 바이오TOP10액티브,2,국내 업종/테마,https://stock.naver.com/domestic/stock/0000Z0/price,2,알테오젠,8.65%
0000Z0,RISE 바이오TOP10액티브,2,국내 업종/테마,https://stock.naver.com/domestic/stock/0000Z0/price,3,셀트리온,8.27%
0000Z0,RISE 바이오TOP10액티브,2,국내 업종/테마,https://stock.naver.com/domestic/stock/0000Z0/price,4,한미약품,7.95%
0000Z0,RISE 바이오TOP10액티브,2,국내 업종/테마,https://stock.naver.com/domestic/stock/0000Z0/price,5,리가켐바이오,6.91%
316670,KIWOOM 코스닥150,1,국내 시장지수,https://stock.naver.com/domestic/stock/316670/price,1,알테오젠,7.49%
316670,KIWOOM 코스닥150,1,국내 시장지수,https://stock.naver.com/domestic/stock/316670/price,2,에코프로,4.73%
316670,KIWOOM 코스닥150,1,국내 시장지수,https://stock.naver.com/domestic/stock/316670/price,3,주성엔지니어링,4.04%
316670,KIWOOM 코스닥150,1,국내 시장지수,https://stock.naver.com/domestic/stock/316670/price,4,에코프로비엠,3.72%
316670,KIWOOM 코스닥150,1,국내 시장지수,https://stock.naver.com/domestic/stock/316670/price,5,HLB,2.52%
140950,파워 코스피100,1,국내 시장지수,https://stock.naver.com/domestic/stock/140950/price,1,삼성전자,31.65%
140950,파워 코스피100,1,국내 시장지수,https://stock.naver.com/domestic/stock/140950/price,2,SK하이닉스,30.63%
140950,파워 코스피100,1,국내 시장지수,https://stock.naver.com/domestic/stock/140950/price,3,SK스퀘어,3.13%
140950,파워 코스피100,1,국내 시장지수,https://stock.naver.com/domestic/stock/140950/price,4,삼성전기,2.60%
140950,파워 코스피100,1,국내 시장지수,https://stock.naver.com/domestic/stock/140950/price,5,KB금융,1.49%
442260,마이티 다이나믹퀀트액티브,1,국내 시장지수,https://stock.naver.com/domestic/stock/442260/price,1,삼성전자,27.31%
442260,마이티 다이나믹퀀트액티브,1,국내 시장지수,https://stock.naver.com/domestic/stock/442260/price,2,SK하이닉스,23.45%
442260,마이티 다이나믹퀀트액티브,1,국내 시장지수,https://stock.naver.com/domestic/stock/442260/price,3,마이티 200TR,17.17%
442260,마이티 다이나믹퀀트액티브,1,국내 시장지수,https://stock.naver.com/domestic/stock/442260/price,4,SK스퀘어,3.10%
442260,마이티 다이나믹퀀트액티브,1,국내 시장지수,https://stock.naver.com/domestic/stock/442260/price,5,삼성전기,2.92%
0207G0,SOL 우주항공밸류체인,2,국내 업종/테마,https://stock.naver.com/domestic/stock/0207G0/price,1,스피어,14.42%
0207G0,SOL 우주항공밸류체인,2,국내 업종/테마,https://stock.naver.com/domestic/stock/0207G0/price,2,에이치브이엠,12.97%
0207G0,SOL 우주항공밸류체인,2,국내 업종/테마,https://stock.naver.com/domestic/stock/0207G0/price,3,인텔리안테크,12.80%
0207G0,SOL 우주항공밸류체인,2,국내 업종/테마,https://stock.naver.com/domestic/stock/0207G0/price,4,한화시스템,12.10%
0207G0,SOL 우주항공밸류체인,2,국내 업종/테마,https://stock.naver.com/domestic/stock/0207G0/price,5,대주전자재료,11.20%
442090,에셋플러스 코리아대장장이액티브,2,국내 업종/테마,https://stock.naver.com/domestic/stock/442090/price,1,SK하이닉스,11.44%
442090,에셋플러스 코리아대장장이액티브,2,국내 업종/테마,https://stock.naver.com/domestic/stock/442090/price,2,삼성전자우,9.39%
442090,에셋플러스 코리아대장장이액티브,2,국내 업종/테마,https://stock.naver.com/domestic/stock/442090/price,3,한화에어로스페이스,4.88%
442090,에셋플러스 코리아대장장이액티브,2,국내 업종/테마,https://stock.naver.com/domestic/stock/442090/price,4,이엔에프테크놀로지,4.58%
442090,에셋플러스 코리아대장장이액티브,2,국내 업종/테마,https://stock.naver.com/domestic/stock/442090/price,5,티씨케이,4.14%
305050,ACE 코스피,1,국내 시장지수,https://stock.naver.com/domestic/stock/305050/price,1,삼성전자,28.86%
305050,ACE 코스피,1,국내 시장지수,https://stock.naver.com/domestic/stock/305050/price,2,SK하이닉스,24.07%
305050,ACE 코스피,1,국내 시장지수,https://stock.naver.com/domestic/stock/305050/price,3,SK스퀘어,2.76%
305050,ACE 코스피,1,국내 시장지수,https://stock.naver.com/domestic/stock/305050/price,4,삼성전기,2.12%
305050,ACE 코스피,1,국내 시장지수,https://stock.naver.com/domestic/stock/305050/price,5,LG에너지솔루션,1.55%
447430,ACE 주주환원가치주액티브,2,국내 업종/테마,https://stock.naver.com/domestic/stock/447430/price,1,서희건설,9.49%
447430,ACE 주주환원가치주액티브,2,국내 업종/테마,https://stock.naver.com/domestic/stock/447430/price,2,더블유게임즈,8.71%
447430,ACE 주주환원가치주액티브,2,국내 업종/테마,https://stock.naver.com/domestic/stock/447430/price,3,영원무역홀딩스,7.71%
447430,ACE 주주환원가치주액티브,2,국내 업종/테마,https://stock.naver.com/domestic/stock/447430/price,4,KSS해운,7.51%
447430,ACE 주주환원가치주액티브,2,국내 업종/테마,https://stock.naver.com/domestic/stock/447430/price,5,쿠쿠홀딩스,5.95%
360140,KODEX 200롱코스닥150숏선물,2,국내 업종/테마,https://stock.naver.com/domestic/stock/360140/price,1,KODEX 200,19.27%
360140,KODEX 200롱코스닥150숏선물,2,국내 업종/테마,https://stock.naver.com/domestic/stock/360140/price,2,삼성전자,16.57%
360140,KODEX 200롱코스닥150숏선물,2,국내 업종/테마,https://stock.naver.com/domestic/stock/360140/price,3,SK하이닉스,13.15%
360140,KODEX 200롱코스닥150숏선물,2,국내 업종/테마,https://stock.naver.com/domestic/stock/360140/price,4,KODEX 코스닥150선물인버스,8.53%
360140,KODEX 200롱코스닥150숏선물,2,국내 업종/테마,https://stock.naver.com/domestic/stock/360140/price,5,SK스퀘어,1.37%
0086B0,TIGER 리츠부동산인프라TOP10액티브,2,국내 업종/테마,https://stock.naver.com/domestic/stock/0086B0/price,1,맥쿼리인프라,27.14%
0086B0,TIGER 리츠부동산인프라TOP10액티브,2,국내 업종/테마,https://stock.naver.com/domestic/stock/0086B0/price,2,SK리츠,16.95%
0086B0,TIGER 리츠부동산인프라TOP10액티브,2,국내 업종/테마,https://stock.naver.com/domestic/stock/0086B0/price,3,롯데리츠,11.48%
0086B0,TIGER 리츠부동산인프라TOP10액티브,2,국내 업종/테마,https://stock.naver.com/domestic/stock/0086B0/price,4,신한알파리츠,10.96%
0086B0,TIGER 리츠부동산인프라TOP10액티브,2,국내 업종/테마,https://stock.naver.com/domestic/stock/0086B0/price,5,한화리츠,9.79%
487130,KoAct AI인프라액티브,2,국내 업종/테마,https://stock.naver.com/domestic/stock/487130/price,1,SK하이닉스,12.09%
487130,KoAct AI인프라액티브,2,국내 업종/테마,https://stock.naver.com/domestic/stock/487130/price,2,삼성전기,6.49%
487130,KoAct AI인프라액티브,2,국내 업종/테마,https://stock.naver.com/domestic/stock/487130/price,3,삼성SDI,4.75%
487130,KoAct AI인프라액티브,2,국내 업종/테마,https://stock.naver.com/domestic/stock/487130/price,4,이오테크닉스,4.37%
487130,KoAct AI인프라액티브,2,국내 업종/테마,https://stock.naver.com/domestic/stock/487130/price,5,테스,4.35%
375770,KODEX 탄소효율그린뉴딜,2,국내 업종/테마,https://stock.naver.com/domestic/stock/375770/price,1,삼성전자,28.39%
375770,KODEX 탄소효율그린뉴딜,2,국내 업종/테마,https://stock.naver.com/domestic/stock/375770/price,2,SK하이닉스,20.65%
375770,KODEX 탄소효율그린뉴딜,2,국내 업종/테마,https://stock.naver.com/domestic/stock/375770/price,3,SK스퀘어,3.24%
375770,KODEX 탄소효율그린뉴딜,2,국내 업종/테마,https://stock.naver.com/domestic/stock/375770/price,4,두산에너빌리티,1.55%
375770,KODEX 탄소효율그린뉴딜,2,국내 업종/테마,https://stock.naver.com/domestic/stock/375770/price,5,KB금융,1.52%
0194M0,ACE 삼성전자단일종목레버리지,2,국내 업종/테마,https://stock.naver.com/domestic/stock/0194M0/price,1,삼성전자,81.48%
0194M0,ACE 삼성전자단일종목레버리지,2,국내 업종/테마,https://stock.naver.com/domestic/stock/0194M0/price,2,RISE 삼성전자단일종목레버리지,22.85%
0194M0,ACE 삼성전자단일종목레버리지,2,국내 업종/테마,https://stock.naver.com/domestic/stock/0194M0/price,3,2026-10 삼성전자개별선물,81.78 (주)
0194M0,ACE 삼성전자단일종목레버리지,2,국내 업종/테마,https://stock.naver.com/domestic/stock/0194M0/price,4,설정현금액,100.00%
0194M0,ACE 삼성전자단일종목레버리지,2,국내 업종/테마,https://stock.naver.com/domestic/stock/0194M0/price,5,원화현금,-4.25%
0197W0,SOL SK하이닉스단일종목레버리지,2,국내 업종/테마,https://stock.naver.com/domestic/stock/0197W0/price,1,SK하이닉스,104.03%
0197W0,SOL SK하이닉스단일종목레버리지,2,국내 업종/테마,https://stock.naver.com/domestic/stock/0197W0/price,2,2026-10 SK하이닉스개별선물,12.60 (주)
0197W0,SOL SK하이닉스단일종목레버리지,2,국내 업종/테마,https://stock.naver.com/domestic/stock/0197W0/price,3,설정현금액,100.00%
0197W0,SOL SK하이닉스단일종목레버리지,2,국내 업종/테마,https://stock.naver.com/domestic/stock/0197W0/price,4,원화현금,-3.57%
0112X0,마이티 200TR,1,국내 시장지수,https://stock.naver.com/domestic/stock/0112X0/price,1,삼성전자,34.28%
0112X0,마이티 200TR,1,국내 시장지수,https://stock.naver.com/domestic/stock/0112X0/price,2,SK하이닉스,27.86%
0112X0,마이티 200TR,1,국내 시장지수,https://stock.naver.com/domestic/stock/0112X0/price,3,SK스퀘어,2.86%
0112X0,마이티 200TR,1,국내 시장지수,https://stock.naver.com/domestic/stock/0112X0/price,4,삼성전기,2.33%
0112X0,마이티 200TR,1,국내 시장지수,https://stock.naver.com/domestic/stock/0112X0/price,5,KB금융,1.36%
100910,KIWOOM KRX100,1,국내 시장지수,https://stock.naver.com/domestic/stock/100910/price,1,삼성전자,25.54%
100910,KIWOOM KRX100,1,국내 시장지수,https://stock.naver.com/domestic/stock/100910/price,2,SK하이닉스,24.75%
100910,KIWOOM KRX100,1,국내 시장지수,https://stock.naver.com/domestic/stock/100910/price,3,SK스퀘어,3.98%
100910,KIWOOM KRX100,1,국내 시장지수,https://stock.naver.com/domestic/stock/100910/price,4,삼성전기,3.30%
100910,KIWOOM KRX100,1,국내 시장지수,https://stock.naver.com/domestic/stock/100910/price,5,KB금융,1.90%
472840,IBK 200,1,국내 시장지수,https://stock.naver.com/domestic/stock/472840/price,1,삼성전자,33.91%
472840,IBK 200,1,국내 시장지수,https://stock.naver.com/domestic/stock/472840/price,2,SK하이닉스,27.53%
472840,IBK 200,1,국내 시장지수,https://stock.naver.com/domestic/stock/472840/price,3,SK스퀘어,2.83%
472840,IBK 200,1,국내 시장지수,https://stock.naver.com/domestic/stock/472840/price,4,삼성전기,2.32%
472840,IBK 200,1,국내 시장지수,https://stock.naver.com/domestic/stock/472840/price,5,KB금융,1.34%
401170,RISE 메타버스,2,국내 업종/테마,https://stock.naver.com/domestic/stock/401170/price,1,NC,12.13%
401170,RISE 메타버스,2,국내 업종/테마,https://stock.naver.com/domestic/stock/401170/price,2,카카오,10.86%
401170,RISE 메타버스,2,국내 업종/테마,https://stock.naver.com/domestic/stock/401170/price,3,크래프톤,10.68%
401170,RISE 메타버스,2,국내 업종/테마,https://stock.naver.com/domestic/stock/401170/price,4,삼성전기,10.41%
401170,RISE 메타버스,2,국내 업종/테마,https://stock.naver.com/domestic/stock/401170/price,5,NAVER,10.40%
448570,FOCUS AI코리아액티브,1,국내 시장지수,https://stock.naver.com/domestic/stock/448570/price,1,삼성전자,23.47%
448570,FOCUS AI코리아액티브,1,국내 시장지수,https://stock.naver.com/domestic/stock/448570/price,2,SK하이닉스,17.18%
448570,FOCUS AI코리아액티브,1,국내 시장지수,https://stock.naver.com/domestic/stock/448570/price,3,한화에어로스페이스,5.39%
448570,FOCUS AI코리아액티브,1,국내 시장지수,https://stock.naver.com/domestic/stock/448570/price,4,한국항공우주,5.35%
448570,FOCUS AI코리아액티브,1,국내 시장지수,https://stock.naver.com/domestic/stock/448570/price,5,현대모비스,5.33%
275280,KODEX 모멘텀주,2,국내 업종/테마,https://stock.naver.com/domestic/stock/275280/price,1,SK하이닉스,24.03%
275280,KODEX 모멘텀주,2,국내 업종/테마,https://stock.naver.com/domestic/stock/275280/price,2,삼성전자,22.87%
275280,KODEX 모멘텀주,2,국내 업종/테마,https://stock.naver.com/domestic/stock/275280/price,3,SK스퀘어,9.05%
275280,KODEX 모멘텀주,2,국내 업종/테마,https://stock.naver.com/domestic/stock/275280/price,4,삼성전기,7.16%
275280,KODEX 모멘텀주,2,국내 업종/테마,https://stock.naver.com/domestic/stock/275280/price,5,삼성전자우,2.68%
450910,SOL 코스닥150,1,국내 시장지수,https://stock.naver.com/domestic/stock/450910/price,1,알테오젠,7.48%
450910,SOL 코스닥150,1,국내 시장지수,https://stock.naver.com/domestic/stock/450910/price,2,에코프로,4.71%
450910,SOL 코스닥150,1,국내 시장지수,https://stock.naver.com/domestic/stock/450910/price,3,주성엔지니어링,3.97%
450910,SOL 코스닥150,1,국내 시장지수,https://stock.naver.com/domestic/stock/450910/price,4,에코프로비엠,3.72%
450910,SOL 코스닥150,1,국내 시장지수,https://stock.naver.com/domestic/stock/450910/price,5,HLB,2.58%
322410,HANARO K고배당,2,국내 업종/테마,https://stock.naver.com/domestic/stock/322410/price,1,우리금융지주,11.22%
322410,HANARO K고배당,2,국내 업종/테마,https://stock.naver.com/domestic/stock/322410/price,2,하나금융지주,10.89%
322410,HANARO K고배당,2,국내 업종/테마,https://stock.naver.com/domestic/stock/322410/price,3,KT,10.21%
322410,HANARO K고배당,2,국내 업종/테마,https://stock.naver.com/domestic/stock/322410/price,4,기업은행,9.83%
322410,HANARO K고배당,2,국내 업종/테마,https://stock.naver.com/domestic/stock/322410/price,5,현대엘리베이터,8.68%
139280,TIGER 경기방어,2,국내 업종/테마,https://stock.naver.com/domestic/stock/139280/price,1,셀트리온,17.22%
139280,TIGER 경기방어,2,국내 업종/테마,https://stock.naver.com/domestic/stock/139280/price,2,KT&G,10.01%
139280,TIGER 경기방어,2,국내 업종/테마,https://stock.naver.com/domestic/stock/139280/price,3,삼성바이오로직스,9.44%
139280,TIGER 경기방어,2,국내 업종/테마,https://stock.naver.com/domestic/stock/139280/price,4,SK텔레콤,8.30%
139280,TIGER 경기방어,2,국내 업종/테마,https://stock.naver.com/domestic/stock/139280/price,5,KT,7.21%
0100K0,KODEX 방산TOP10레버리지,2,국내 업종/테마,https://stock.naver.com/domestic/stock/0100K0/price,1,한화에어로스페이스,32.41%
0100K0,KODEX 방산TOP10레버리지,2,국내 업종/테마,https://stock.naver.com/domestic/stock/0100K0/price,2,KODEX 방산TOP10,30.45%
0100K0,KODEX 방산TOP10레버리지,2,국내 업종/테마,https://stock.naver.com/domestic/stock/0100K0/price,3,한국항공우주,27.88%
0100K0,KODEX 방산TOP10레버리지,2,국내 업종/테마,https://stock.naver.com/domestic/stock/0100K0/price,4,LIG디펜스앤에어로스페이스,27.14%
0100K0,KODEX 방산TOP10레버리지,2,국내 업종/테마,https://stock.naver.com/domestic/stock/0100K0/price,5,한화시스템,15.69%
0192L0,RISE SK하이닉스단일종목레버리지,2,국내 업종/테마,https://stock.naver.com/domestic/stock/0192L0/price,1,SK하이닉스,73.30%
0192L0,RISE SK하이닉스단일종목레버리지,2,국내 업종/테마,https://stock.naver.com/domestic/stock/0192L0/price,2,SK하이닉스선물2610,17.19 (주)
0192L0,RISE SK하이닉스단일종목레버리지,2,국내 업종/테마,https://stock.naver.com/domestic/stock/0192L0/price,3,설정현금액,100.00%
0192L0,RISE SK하이닉스단일종목레버리지,2,국내 업종/테마,https://stock.naver.com/domestic/stock/0192L0/price,4,원화현금,27.02%
0234N0,KIWOOM 삼성SK그룹TOP4+,2,국내 업종/테마,https://stock.naver.com/domestic/stock/0234N0/price,1,삼성전자,27.68%
0234N0,KIWOOM 삼성SK그룹TOP4+,2,국내 업종/테마,https://stock.naver.com/domestic/stock/0234N0/price,2,SK하이닉스,23.38%
0234N0,KIWOOM 삼성SK그룹TOP4+,2,국내 업종/테마,https://stock.naver.com/domestic/stock/0234N0/price,3,삼성전기,14.47%
0234N0,KIWOOM 삼성SK그룹TOP4+,2,국내 업종/테마,https://stock.naver.com/domestic/stock/0234N0/price,4,SK스퀘어,13.65%
0234N0,KIWOOM 삼성SK그룹TOP4+,2,국내 업종/테마,https://stock.naver.com/domestic/stock/0234N0/price,5,삼성생명,5.99%
365000,TIGER 인터넷TOP10,2,국내 업종/테마,https://stock.naver.com/domestic/stock/365000/price,1,서진시스템,26.64%
365000,TIGER 인터넷TOP10,2,국내 업종/테마,https://stock.naver.com/domestic/stock/365000/price,2,카카오,22.61%
365000,TIGER 인터넷TOP10,2,국내 업종/테마,https://stock.naver.com/domestic/stock/365000/price,3,NAVER,21.79%
365000,TIGER 인터넷TOP10,2,국내 업종/테마,https://stock.naver.com/domestic/stock/365000/price,4,대한광통신,12.98%
365000,TIGER 인터넷TOP10,2,국내 업종/테마,https://stock.naver.com/domestic/stock/365000/price,5,케이엠더블유,3.43%
147970,TIGER 모멘텀,2,국내 업종/테마,https://stock.naver.com/domestic/stock/147970/price,1,대덕전자,4.39%
147970,TIGER 모멘텀,2,국내 업종/테마,https://stock.naver.com/domestic/stock/147970/price,2,OCI홀딩스,4.30%
147970,TIGER 모멘텀,2,국내 업종/테마,https://stock.naver.com/domestic/stock/147970/price,3,S-Oil,4.15%
147970,TIGER 모멘텀,2,국내 업종/테마,https://stock.naver.com/domestic/stock/147970/price,4,LX인터내셔널,3.95%
147970,TIGER 모멘텀,2,국내 업종/테마,https://stock.naver.com/domestic/stock/147970/price,5,현대건설,3.85%
0204S0,TIGER 코스닥액티브,1,국내 시장지수,https://stock.naver.com/domestic/stock/0204S0/price,1,심텍,6.44%
0204S0,TIGER 코스닥액티브,1,국내 시장지수,https://stock.naver.com/domestic/stock/0204S0/price,2,코세스,4.66%
0204S0,TIGER 코스닥액티브,1,국내 시장지수,https://stock.naver.com/domestic/stock/0204S0/price,3,한양디지텍,4.25%
0204S0,TIGER 코스닥액티브,1,국내 시장지수,https://stock.naver.com/domestic/stock/0204S0/price,4,ISC,3.97%
0204S0,TIGER 코스닥액티브,1,국내 시장지수,https://stock.naver.com/domestic/stock/0204S0/price,5,티에스이,3.85%
400970,TIGER Fn메타버스,2,국내 업종/테마,https://stock.naver.com/domestic/stock/400970/price,1,NC,11.64%
400970,TIGER Fn메타버스,2,국내 업종/테마,https://stock.naver.com/domestic/stock/400970/price,2,NAVER,10.77%
400970,TIGER Fn메타버스,2,국내 업종/테마,https://stock.naver.com/domestic/stock/400970/price,3,크래프톤,10.72%
400970,TIGER Fn메타버스,2,국내 업종/테마,https://stock.naver.com/domestic/stock/400970/price,4,하이브,8.92%
400970,TIGER Fn메타버스,2,국내 업종/테마,https://stock.naver.com/domestic/stock/400970/price,5,LG디스플레이,8.37%
385520,KODEX 자율주행액티브,2,국내 업종/테마,https://stock.naver.com/domestic/stock/385520/price,1,삼성전기,4.59%
385520,KODEX 자율주행액티브,2,국내 업종/테마,https://stock.naver.com/domestic/stock/385520/price,2,삼성전자,4.34%
385520,KODEX 자율주행액티브,2,국내 업종/테마,https://stock.naver.com/domestic/stock/385520/price,3,테스,3.95%
385520,KODEX 자율주행액티브,2,국내 업종/테마,https://stock.naver.com/domestic/stock/385520/price,4,대덕전자,3.78%
385520,KODEX 자율주행액티브,2,국내 업종/테마,https://stock.naver.com/domestic/stock/385520/price,5,심텍,3.77%
104530,KIWOOM 코리아고배당,2,국내 업종/테마,https://stock.naver.com/domestic/stock/104530/price,1,현대엘리베이터,9.56%
104530,KIWOOM 코리아고배당,2,국내 업종/테마,https://stock.naver.com/domestic/stock/104530/price,2,KG모빌리티플랫폼,7.66%
104530,KIWOOM 코리아고배당,2,국내 업종/테마,https://stock.naver.com/domestic/stock/104530/price,3,한국쉘석유,6.94%
104530,KIWOOM 코리아고배당,2,국내 업종/테마,https://stock.naver.com/domestic/stock/104530/price,4,한일시멘트,6.41%
104530,KIWOOM 코리아고배당,2,국내 업종/테마,https://stock.naver.com/domestic/stock/104530/price,5,DB손해보험,6.14%
117460,KODEX 에너지화학,2,국내 업종/테마,https://stock.naver.com/domestic/stock/117460/price,1,LG화학,16.70%
117460,KODEX 에너지화학,2,국내 업종/테마,https://stock.naver.com/domestic/stock/117460/price,2,SK이노베이션,15.89%
117460,KODEX 에너지화학,2,국내 업종/테마,https://stock.naver.com/domestic/stock/117460/price,3,HD현대,12.55%
117460,KODEX 에너지화학,2,국내 업종/테마,https://stock.naver.com/domestic/stock/117460/price,4,S-Oil,9.60%
117460,KODEX 에너지화학,2,국내 업종/테마,https://stock.naver.com/domestic/stock/117460/price,5,한화솔루션,7.10%
380340,ACE 코리아AI테크핵심산업,2,국내 업종/테마,https://stock.naver.com/domestic/stock/380340/price,1,삼성전기,21.20%
380340,ACE 코리아AI테크핵심산업,2,국내 업종/테마,https://stock.naver.com/domestic/stock/380340/price,2,NAVER,20.78%
380340,ACE 코리아AI테크핵심산업,2,국내 업종/테마,https://stock.naver.com/domestic/stock/380340/price,3,LG이노텍,10.94%
380340,ACE 코리아AI테크핵심산업,2,국내 업종/테마,https://stock.naver.com/domestic/stock/380340/price,4,삼성에스디에스,10.88%
380340,ACE 코리아AI테크핵심산업,2,국내 업종/테마,https://stock.naver.com/domestic/stock/380340/price,5,삼성전자,7.70%
266360,KODEX K콘텐츠,2,국내 업종/테마,https://stock.naver.com/domestic/stock/266360/price,1,카카오,20.04%
266360,KODEX K콘텐츠,2,국내 업종/테마,https://stock.naver.com/domestic/stock/266360/price,2,NAVER,19.21%
266360,KODEX K콘텐츠,2,국내 업종/테마,https://stock.naver.com/domestic/stock/266360/price,3,크래프톤,14.49%
266360,KODEX K콘텐츠,2,국내 업종/테마,https://stock.naver.com/domestic/stock/266360/price,4,NC,10.65%
266360,KODEX K콘텐츠,2,국내 업종/테마,https://stock.naver.com/domestic/stock/266360/price,5,하이브,10.08%
105780,RISE 5대그룹주,2,국내 업종/테마,https://stock.naver.com/domestic/stock/105780/price,1,SK스퀘어,11.10%
105780,RISE 5대그룹주,2,국내 업종/테마,https://stock.naver.com/domestic/stock/105780/price,2,삼성전자,10.83%
105780,RISE 5대그룹주,2,국내 업종/테마,https://stock.naver.com/domestic/stock/105780/price,3,삼성전기,10.30%
105780,RISE 5대그룹주,2,국내 업종/테마,https://stock.naver.com/domestic/stock/105780/price,4,SK하이닉스,10.29%
105780,RISE 5대그룹주,2,국내 업종/테마,https://stock.naver.com/domestic/stock/105780/price,5,현대차,6.36%
0154F0,WON 초대형IB&금융지주,2,국내 업종/테마,https://stock.naver.com/domestic/stock/0154F0/price,1,메리츠금융지주,12.63%
0154F0,WON 초대형IB&금융지주,2,국내 업종/테마,https://stock.naver.com/domestic/stock/0154F0/price,2,하나금융지주,11.69%
0154F0,WON 초대형IB&금융지주,2,국내 업종/테마,https://stock.naver.com/domestic/stock/0154F0/price,3,우리금융지주,11.57%
0154F0,WON 초대형IB&금융지주,2,국내 업종/테마,https://stock.naver.com/domestic/stock/0154F0/price,4,KB금융,11.48%
0154F0,WON 초대형IB&금융지주,2,국내 업종/테마,https://stock.naver.com/domestic/stock/0154F0/price,5,신한지주,11.25%
498860,RISE 코리아금융고배당,2,국내 업종/테마,https://stock.naver.com/domestic/stock/498860/price,1,DB손해보험,13.08%
498860,RISE 코리아금융고배당,2,국내 업종/테마,https://stock.naver.com/domestic/stock/498860/price,2,KB금융,12.67%
498860,RISE 코리아금융고배당,2,국내 업종/테마,https://stock.naver.com/domestic/stock/498860/price,3,기업은행,11.38%
498860,RISE 코리아금융고배당,2,국내 업종/테마,https://stock.naver.com/domestic/stock/498860/price,4,NH투자증권,9.75%
498860,RISE 코리아금융고배당,2,국내 업종/테마,https://stock.naver.com/domestic/stock/498860/price,5,신영증권,9.11%
0166N0,PLUS 코스닥150액티브,1,국내 시장지수,https://stock.naver.com/domestic/stock/0166N0/price,1,서진시스템,7.53%
0166N0,PLUS 코스닥150액티브,1,국내 시장지수,https://stock.naver.com/domestic/stock/0166N0/price,2,더블유씨피,7.30%
0166N0,PLUS 코스닥150액티브,1,국내 시장지수,https://stock.naver.com/domestic/stock/0166N0/price,3,씨어스,5.04%
0166N0,PLUS 코스닥150액티브,1,국내 시장지수,https://stock.naver.com/domestic/stock/0166N0/price,4,인텍플러스,4.05%
0166N0,PLUS 코스닥150액티브,1,국내 시장지수,https://stock.naver.com/domestic/stock/0166N0/price,5,에프앤가이드,3.67%
261060,TIGER 코스닥150IT,2,국내 업종/테마,https://stock.naver.com/domestic/stock/261060/price,1,주성엔지니어링,8.80%
261060,TIGER 코스닥150IT,2,국내 업종/테마,https://stock.naver.com/domestic/stock/261060/price,2,원익IPS,5.41%
261060,TIGER 코스닥150IT,2,국내 업종/테마,https://stock.naver.com/domestic/stock/261060/price,3,이오테크닉스,5.28%
261060,TIGER 코스닥150IT,2,국내 업종/테마,https://stock.naver.com/domestic/stock/261060/price,4,HPSP,5.06%
261060,TIGER 코스닥150IT,2,국내 업종/테마,https://stock.naver.com/domestic/stock/261060/price,5,심텍,5.06%
0192T0,SOL 코스닥TOP10,2,국내 업종/테마,https://stock.naver.com/domestic/stock/0192T0/price,1,알테오젠,16.27%
0192T0,SOL 코스닥TOP10,2,국내 업종/테마,https://stock.naver.com/domestic/stock/0192T0/price,2,에코프로,15.75%
0192T0,SOL 코스닥TOP10,2,국내 업종/테마,https://stock.naver.com/domestic/stock/0192T0/price,3,주성엔지니어링,13.40%
0192T0,SOL 코스닥TOP10,2,국내 업종/테마,https://stock.naver.com/domestic/stock/0192T0/price,4,에코프로비엠,12.43%
0192T0,SOL 코스닥TOP10,2,국내 업종/테마,https://stock.naver.com/domestic/stock/0192T0/price,5,HLB,8.60%
156080,KODEX MSCI Korea,1,국내 시장지수,https://stock.naver.com/domestic/stock/156080/price,1,삼성전자,35.02%
156080,KODEX MSCI Korea,1,국내 시장지수,https://stock.naver.com/domestic/stock/156080/price,2,SK하이닉스,27.60%
156080,KODEX MSCI Korea,1,국내 시장지수,https://stock.naver.com/domestic/stock/156080/price,3,삼성전자우,4.38%
156080,KODEX MSCI Korea,1,국내 시장지수,https://stock.naver.com/domestic/stock/156080/price,4,SK스퀘어,2.90%
156080,KODEX MSCI Korea,1,국내 시장지수,https://stock.naver.com/domestic/stock/156080/price,5,삼성전기,2.39%
0150K0,KoAct 수소전력ESS인프라액티브,2,국내 업종/테마,https://stock.naver.com/domestic/stock/0150K0/price,1,지엔씨에너지,8.07%
0150K0,KoAct 수소전력ESS인프라액티브,2,국내 업종/테마,https://stock.naver.com/domestic/stock/0150K0/price,2,상신이디피,7.11%
0150K0,KoAct 수소전력ESS인프라액티브,2,국내 업종/테마,https://stock.naver.com/domestic/stock/0150K0/price,3,삼성SDI,6.75%
0150K0,KoAct 수소전력ESS인프라액티브,2,국내 업종/테마,https://stock.naver.com/domestic/stock/0150K0/price,4,SK이터닉스,6.09%
0150K0,KoAct 수소전력ESS인프라액티브,2,국내 업종/테마,https://stock.naver.com/domestic/stock/0150K0/price,5,LG에너지솔루션,5.83%
275290,KODEX 가치주,2,국내 업종/테마,https://stock.naver.com/domestic/stock/275290/price,1,SK하이닉스,24.36%
275290,KODEX 가치주,2,국내 업종/테마,https://stock.naver.com/domestic/stock/275290/price,2,삼성전자,21.95%
275290,KODEX 가치주,2,국내 업종/테마,https://stock.naver.com/domestic/stock/275290/price,3,SK스퀘어,11.04%
275290,KODEX 가치주,2,국내 업종/테마,https://stock.naver.com/domestic/stock/275290/price,4,삼성전자우,3.93%
275290,KODEX 가치주,2,국내 업종/테마,https://stock.naver.com/domestic/stock/275290/price,5,기아,3.11%
469790,KIWOOM 코리아테크TOP10,2,국내 업종/테마,https://stock.naver.com/domestic/stock/469790/price,1,삼성전자,27.52%
469790,KIWOOM 코리아테크TOP10,2,국내 업종/테마,https://stock.naver.com/domestic/stock/469790/price,2,SK하이닉스,24.95%
469790,KIWOOM 코리아테크TOP10,2,국내 업종/테마,https://stock.naver.com/domestic/stock/469790/price,3,삼성전기,14.10%
469790,KIWOOM 코리아테크TOP10,2,국내 업종/테마,https://stock.naver.com/domestic/stock/469790/price,4,한미반도체,6.10%
469790,KIWOOM 코리아테크TOP10,2,국내 업종/테마,https://stock.naver.com/domestic/stock/469790/price,5,NAVER,5.19%
322400,HANARO e커머스,2,국내 업종/테마,https://stock.naver.com/domestic/stock/322400/price,1,카카오,20.77%
322400,HANARO e커머스,2,국내 업종/테마,https://stock.naver.com/domestic/stock/322400/price,2,NAVER,19.61%
322400,HANARO e커머스,2,국내 업종/테마,https://stock.naver.com/domestic/stock/322400/price,3,카카오페이,9.25%
322400,HANARO e커머스,2,국내 업종/테마,https://stock.naver.com/domestic/stock/322400/price,4,이마트,8.87%
322400,HANARO e커머스,2,국내 업종/테마,https://stock.naver.com/domestic/stock/322400/price,5,실리콘투,8.43%
395170,KODEX Top10동일가중,2,국내 업종/테마,https://stock.naver.com/domestic/stock/395170/price,1,삼성전기,11.38%
395170,KODEX Top10동일가중,2,국내 업종/테마,https://stock.naver.com/domestic/stock/395170/price,2,삼성전자,10.37%
395170,KODEX Top10동일가중,2,국내 업종/테마,https://stock.naver.com/domestic/stock/395170/price,3,SK스퀘어,10.36%
395170,KODEX Top10동일가중,2,국내 업종/테마,https://stock.naver.com/domestic/stock/395170/price,4,LG에너지솔루션,10.27%
395170,KODEX Top10동일가중,2,국내 업종/테마,https://stock.naver.com/domestic/stock/395170/price,5,SK하이닉스,10.06%
261140,TIGER 우선주,2,국내 업종/테마,https://stock.naver.com/domestic/stock/261140/price,1,삼성전자우,28.14%
261140,TIGER 우선주,2,국내 업종/테마,https://stock.naver.com/domestic/stock/261140/price,2,현대차2우B,14.63%
261140,TIGER 우선주,2,국내 업종/테마,https://stock.naver.com/domestic/stock/261140/price,3,삼성전기우,7.64%
261140,TIGER 우선주,2,국내 업종/테마,https://stock.naver.com/domestic/stock/261140/price,4,LG전자우,6.51%
261140,TIGER 우선주,2,국내 업종/테마,https://stock.naver.com/domestic/stock/261140/price,5,미래에셋증권2우B,6.30%
153270,KIWOOM 코스피100,1,국내 시장지수,https://stock.naver.com/domestic/stock/153270/price,1,삼성전자,31.61%
153270,KIWOOM 코스피100,1,국내 시장지수,https://stock.naver.com/domestic/stock/153270/price,2,SK하이닉스,30.61%
153270,KIWOOM 코스피100,1,국내 시장지수,https://stock.naver.com/domestic/stock/153270/price,3,SK스퀘어,3.09%
153270,KIWOOM 코스피100,1,국내 시장지수,https://stock.naver.com/domestic/stock/153270/price,4,삼성전기,2.56%
153270,KIWOOM 코스피100,1,국내 시장지수,https://stock.naver.com/domestic/stock/153270/price,5,KB금융,1.49%
0192M0,RISE 삼성전자단일종목레버리지,2,국내 업종/테마,https://stock.naver.com/domestic/stock/0192M0/price,1,삼성전자,72.98%
0192M0,RISE 삼성전자단일종목레버리지,2,국내 업종/테마,https://stock.naver.com/domestic/stock/0192M0/price,2,삼성전자선물2610,143.47 (주)
0192M0,RISE 삼성전자단일종목레버리지,2,국내 업종/테마,https://stock.naver.com/domestic/stock/0192M0/price,3,설정현금액,100.00%
0192M0,RISE 삼성전자단일종목레버리지,2,국내 업종/테마,https://stock.naver.com/domestic/stock/0192M0/price,4,원화현금,27.02%
227540,TIGER 200 헬스케어,2,국내 업종/테마,https://stock.naver.com/domestic/stock/227540/price,1,삼성바이오로직스,21.51%
227540,TIGER 200 헬스케어,2,국내 업종/테마,https://stock.naver.com/domestic/stock/227540/price,2,셀트리온,21.34%
227540,TIGER 200 헬스케어,2,국내 업종/테마,https://stock.naver.com/domestic/stock/227540/price,3,유한양행,12.57%
227540,TIGER 200 헬스케어,2,국내 업종/테마,https://stock.naver.com/domestic/stock/227540/price,4,한미약품,9.81%
227540,TIGER 200 헬스케어,2,국내 업종/테마,https://stock.naver.com/domestic/stock/227540/price,5,SK바이오팜,9.10%
0155N0,HANARO K휴머노이드테마TOP10,2,국내 업종/테마,https://stock.naver.com/domestic/stock/0155N0/price,1,레인보우로보틱스,14.88%
0155N0,HANARO K휴머노이드테마TOP10,2,국내 업종/테마,https://stock.naver.com/domestic/stock/0155N0/price,2,현대차,13.24%
0155N0,HANARO K휴머노이드테마TOP10,2,국내 업종/테마,https://stock.naver.com/domestic/stock/0155N0/price,3,삼현,10.24%
0155N0,HANARO K휴머노이드테마TOP10,2,국내 업종/테마,https://stock.naver.com/domestic/stock/0155N0/price,4,에스피지,10.00%
0155N0,HANARO K휴머노이드테마TOP10,2,국내 업종/테마,https://stock.naver.com/domestic/stock/0155N0/price,5,두산로보틱스,9.89%
139270,TIGER 200 금융,2,국내 업종/테마,https://stock.naver.com/domestic/stock/139270/price,1,KB금융,18.86%
139270,TIGER 200 금융,2,국내 업종/테마,https://stock.naver.com/domestic/stock/139270/price,2,신한지주,15.97%
139270,TIGER 200 금융,2,국내 업종/테마,https://stock.naver.com/domestic/stock/139270/price,3,하나금융지주,11.89%
139270,TIGER 200 금융,2,국내 업종/테마,https://stock.naver.com/domestic/stock/139270/price,4,삼성생명,9.10%
139270,TIGER 200 금융,2,국내 업종/테마,https://stock.naver.com/domestic/stock/139270/price,5,우리금융지주,8.35%
117680,KODEX 철강,2,국내 업종/테마,https://stock.naver.com/domestic/stock/117680/price,1,현대제철,19.56%
117680,KODEX 철강,2,국내 업종/테마,https://stock.naver.com/domestic/stock/117680/price,2,고려아연,18.09%
117680,KODEX 철강,2,국내 업종/테마,https://stock.naver.com/domestic/stock/117680/price,3,POSCO홀딩스,17.96%
117680,KODEX 철강,2,국내 업종/테마,https://stock.naver.com/domestic/stock/117680/price,4,풍산,15.09%
117680,KODEX 철강,2,국내 업종/테마,https://stock.naver.com/domestic/stock/117680/price,5,세아베스틸지주,6.40%
395290,HANARO Fn K-POP&미디어,2,국내 업종/테마,https://stock.naver.com/domestic/stock/395290/price,1,하이브,22.17%
395290,HANARO Fn K-POP&미디어,2,국내 업종/테마,https://stock.naver.com/domestic/stock/395290/price,2,에스엠,20.84%
395290,HANARO Fn K-POP&미디어,2,국내 업종/테마,https://stock.naver.com/domestic/stock/395290/price,3,JYP Ent.,20.27%
395290,HANARO Fn K-POP&미디어,2,국내 업종/테마,https://stock.naver.com/domestic/stock/395290/price,4,와이지엔터테인먼트,11.14%
395290,HANARO Fn K-POP&미디어,2,국내 업종/테마,https://stock.naver.com/domestic/stock/395290/price,5,CJ ENM,7.96%
145850,TREX 펀더멘탈 200,2,국내 업종/테마,https://stock.naver.com/domestic/stock/145850/price,1,삼성전자,21.36%
145850,TREX 펀더멘탈 200,2,국내 업종/테마,https://stock.naver.com/domestic/stock/145850/price,2,SK하이닉스,4.81%
145850,TREX 펀더멘탈 200,2,국내 업종/테마,https://stock.naver.com/domestic/stock/145850/price,3,KB금융,3.66%
145850,TREX 펀더멘탈 200,2,국내 업종/테마,https://stock.naver.com/domestic/stock/145850/price,4,하나금융지주,3.43%
145850,TREX 펀더멘탈 200,2,국내 업종/테마,https://stock.naver.com/domestic/stock/145850/price,5,신한지주,3.30%
192720,파워 고배당저변동성,2,국내 업종/테마,https://stock.naver.com/domestic/stock/192720/price,1,DB손해보험,3.94%
192720,파워 고배당저변동성,2,국내 업종/테마,https://stock.naver.com/domestic/stock/192720/price,2,GS,3.37%
192720,파워 고배당저변동성,2,국내 업종/테마,https://stock.naver.com/domestic/stock/192720/price,3,JB금융지주,3.14%
192720,파워 고배당저변동성,2,국내 업종/테마,https://stock.naver.com/domestic/stock/192720/price,4,우리금융지주,3.02%
192720,파워 고배당저변동성,2,국내 업종/테마,https://stock.naver.com/domestic/stock/192720/price,5,제일기획,3.01%
223190,KODEX 200가치저변동,2,국내 업종/테마,https://stock.naver.com/domestic/stock/223190/price,1,삼성전자,24.92%
223190,KODEX 200가치저변동,2,국내 업종/테마,https://stock.naver.com/domestic/stock/223190/price,2,KB금융,4.77%
223190,KODEX 200가치저변동,2,국내 업종/테마,https://stock.naver.com/domestic/stock/223190/price,3,신한지주,3.65%
223190,KODEX 200가치저변동,2,국내 업종/테마,https://stock.naver.com/domestic/stock/223190/price,4,현대차,3.25%
223190,KODEX 200가치저변동,2,국내 업종/테마,https://stock.naver.com/domestic/stock/223190/price,5,하나금융지주,2.96%
0239Z0,PLUS AI반도체소부장액티브,2,국내 업종/테마,https://stock.naver.com/domestic/stock/0239Z0/price,1,드림텍,8.13%
0239Z0,PLUS AI반도체소부장액티브,2,국내 업종/테마,https://stock.naver.com/domestic/stock/0239Z0/price,2,기가비스,7.80%
0239Z0,PLUS AI반도체소부장액티브,2,국내 업종/테마,https://stock.naver.com/domestic/stock/0239Z0/price,3,한양디지텍,6.85%
0239Z0,PLUS AI반도체소부장액티브,2,국내 업종/테마,https://stock.naver.com/domestic/stock/0239Z0/price,4,인텍플러스,6.49%
0239Z0,PLUS AI반도체소부장액티브,2,국내 업종/테마,https://stock.naver.com/domestic/stock/0239Z0/price,5,테스,6.43%
139250,TIGER 200 에너지화학,2,국내 업종/테마,https://stock.naver.com/domestic/stock/139250/price,1,SK,22.09%
139250,TIGER 200 에너지화학,2,국내 업종/테마,https://stock.naver.com/domestic/stock/139250/price,2,LG화학,12.86%
139250,TIGER 200 에너지화학,2,국내 업종/테마,https://stock.naver.com/domestic/stock/139250/price,3,SK이노베이션,12.19%
139250,TIGER 200 에너지화학,2,국내 업종/테마,https://stock.naver.com/domestic/stock/139250/price,4,HD현대,9.63%
139250,TIGER 200 에너지화학,2,국내 업종/테마,https://stock.naver.com/domestic/stock/139250/price,5,S-Oil,7.37%
0152E0,SOL 배당성향탑픽액티브,2,국내 업종/테마,https://stock.naver.com/domestic/stock/0152E0/price,1,DB손해보험,9.34%
0152E0,SOL 배당성향탑픽액티브,2,국내 업종/테마,https://stock.naver.com/domestic/stock/0152E0/price,2,우리금융지주,8.24%
0152E0,SOL 배당성향탑픽액티브,2,국내 업종/테마,https://stock.naver.com/domestic/stock/0152E0/price,3,삼성증권,7.89%
0152E0,SOL 배당성향탑픽액티브,2,국내 업종/테마,https://stock.naver.com/domestic/stock/0152E0/price,4,현대엘리베이터,7.40%
0152E0,SOL 배당성향탑픽액티브,2,국내 업종/테마,https://stock.naver.com/domestic/stock/0152E0/price,5,NH투자증권,7.37%
496120,ACE 코리아밸류업,1,국내 시장지수,https://stock.naver.com/domestic/stock/496120/price,1,SK하이닉스,20.78%
496120,ACE 코리아밸류업,1,국내 시장지수,https://stock.naver.com/domestic/stock/496120/price,2,삼성전자,17.31%
496120,ACE 코리아밸류업,1,국내 시장지수,https://stock.naver.com/domestic/stock/496120/price,3,SK스퀘어,8.78%
496120,ACE 코리아밸류업,1,국내 시장지수,https://stock.naver.com/domestic/stock/496120/price,4,KB금융,4.18%
496120,ACE 코리아밸류업,1,국내 시장지수,https://stock.naver.com/domestic/stock/496120/price,5,현대차,3.85%
292500,SOL KRX300,1,국내 시장지수,https://stock.naver.com/domestic/stock/292500/price,1,삼성전자,32.14%
292500,SOL KRX300,1,국내 시장지수,https://stock.naver.com/domestic/stock/292500/price,2,SK하이닉스,26.09%
292500,SOL KRX300,1,국내 시장지수,https://stock.naver.com/domestic/stock/292500/price,3,SK스퀘어,2.65%
292500,SOL KRX300,1,국내 시장지수,https://stock.naver.com/domestic/stock/292500/price,4,삼성전기,2.21%
292500,SOL KRX300,1,국내 시장지수,https://stock.naver.com/domestic/stock/292500/price,5,KB금융,1.27%
367740,HANARO Fn5G산업,2,국내 업종/테마,https://stock.naver.com/domestic/stock/367740/price,1,한미반도체,9.36%
367740,HANARO Fn5G산업,2,국내 업종/테마,https://stock.naver.com/domestic/stock/367740/price,2,삼성SDI,9.14%
367740,HANARO Fn5G산업,2,국내 업종/테마,https://stock.naver.com/domestic/stock/367740/price,3,KT,8.30%
367740,HANARO Fn5G산업,2,국내 업종/테마,https://stock.naver.com/domestic/stock/367740/price,4,SK텔레콤,8.01%
367740,HANARO Fn5G산업,2,국내 업종/테마,https://stock.naver.com/domestic/stock/367740/price,5,삼성전자,7.83%
292160,TIGER KRX300,1,국내 시장지수,https://stock.naver.com/domestic/stock/292160/price,1,삼성전자,32.36%
292160,TIGER KRX300,1,국내 시장지수,https://stock.naver.com/domestic/stock/292160/price,2,SK하이닉스,26.29%
292160,TIGER KRX300,1,국내 시장지수,https://stock.naver.com/domestic/stock/292160/price,3,SK스퀘어,2.68%
292160,TIGER KRX300,1,국내 시장지수,https://stock.naver.com/domestic/stock/292160/price,4,삼성전기,2.22%
292160,TIGER KRX300,1,국내 시장지수,https://stock.naver.com/domestic/stock/292160/price,5,KB금융,1.28%
159800,마이티 코스피100,1,국내 시장지수,https://stock.naver.com/domestic/stock/159800/price,1,삼성전자,31.69%
159800,마이티 코스피100,1,국내 시장지수,https://stock.naver.com/domestic/stock/159800/price,2,SK하이닉스,30.67%
159800,마이티 코스피100,1,국내 시장지수,https://stock.naver.com/domestic/stock/159800/price,3,SK스퀘어,3.13%
159800,마이티 코스피100,1,국내 시장지수,https://stock.naver.com/domestic/stock/159800/price,4,삼성전기,2.58%
159800,마이티 코스피100,1,국내 시장지수,https://stock.naver.com/domestic/stock/159800/price,5,KB금융,1.49%
0209Z0,ACE 코리아AI전력TOP10,2,국내 업종/테마,https://stock.naver.com/domestic/stock/0209Z0/price,1,LS ELECTRIC,20.86%
0209Z0,ACE 코리아AI전력TOP10,2,국내 업종/테마,https://stock.naver.com/domestic/stock/0209Z0/price,2,효성중공업,17.77%
0209Z0,ACE 코리아AI전력TOP10,2,국내 업종/테마,https://stock.naver.com/domestic/stock/0209Z0/price,3,HD현대일렉트릭,16.55%
0209Z0,ACE 코리아AI전력TOP10,2,국내 업종/테마,https://stock.naver.com/domestic/stock/0209Z0/price,4,두산에너빌리티,14.69%
0209Z0,ACE 코리아AI전력TOP10,2,국내 업종/테마,https://stock.naver.com/domestic/stock/0209Z0/price,5,두산퓨얼셀,9.55%
368190,HANARO Fn K-뉴딜디지털플러스,2,국내 업종/테마,https://stock.naver.com/domestic/stock/368190/price,1,셀트리온,11.58%
368190,HANARO Fn K-뉴딜디지털플러스,2,국내 업종/테마,https://stock.naver.com/domestic/stock/368190/price,2,삼성SDI,11.23%
368190,HANARO Fn K-뉴딜디지털플러스,2,국내 업종/테마,https://stock.naver.com/domestic/stock/368190/price,3,LG에너지솔루션,10.11%
368190,HANARO Fn K-뉴딜디지털플러스,2,국내 업종/테마,https://stock.naver.com/domestic/stock/368190/price,4,삼성바이오로직스,9.58%
368190,HANARO Fn K-뉴딜디지털플러스,2,국내 업종/테마,https://stock.naver.com/domestic/stock/368190/price,5,POSCO홀딩스,9.13%
0198D0,1Q SK하이닉스선물단일종목레버리지,2,국내 업종/테마,https://stock.naver.com/domestic/stock/0198D0/price,1,SK하이닉스,43.48%
0198D0,1Q SK하이닉스선물단일종목레버리지,2,국내 업종/테마,https://stock.naver.com/domestic/stock/0198D0/price,2,SK하이닉스 F 202610 (  10),4.35 (주)
0198D0,1Q SK하이닉스선물단일종목레버리지,2,국내 업종/테마,https://stock.naver.com/domestic/stock/0198D0/price,3,설정현금액,100.00%
0198D0,1Q SK하이닉스선물단일종목레버리지,2,국내 업종/테마,https://stock.naver.com/domestic/stock/0198D0/price,4,원화현금,56.71%
364690,KODEX 혁신기술테마액티브,1,국내 시장지수,https://stock.naver.com/domestic/stock/364690/price,1,삼성전자,25.49%
364690,KODEX 혁신기술테마액티브,1,국내 시장지수,https://stock.naver.com/domestic/stock/364690/price,2,SK하이닉스,19.76%
364690,KODEX 혁신기술테마액티브,1,국내 시장지수,https://stock.naver.com/domestic/stock/364690/price,3,삼성전기,7.91%
364690,KODEX 혁신기술테마액티브,1,국내 시장지수,https://stock.naver.com/domestic/stock/364690/price,4,SK스퀘어,5.14%
364690,KODEX 혁신기술테마액티브,1,국내 시장지수,https://stock.naver.com/domestic/stock/364690/price,5,한화에어로스페이스,4.16%
0103T0,1Q K소버린AI,2,국내 업종/테마,https://stock.naver.com/domestic/stock/0103T0/price,1,SK텔레콤,27.59%
0103T0,1Q K소버린AI,2,국내 업종/테마,https://stock.naver.com/domestic/stock/0103T0/price,2,NAVER,26.04%
0103T0,1Q K소버린AI,2,국내 업종/테마,https://stock.naver.com/domestic/stock/0103T0/price,3,삼성에스디에스,14.66%
0103T0,1Q K소버린AI,2,국내 업종/테마,https://stock.naver.com/domestic/stock/0103T0/price,4,LG씨엔에스,5.90%
0103T0,1Q K소버린AI,2,국내 업종/테마,https://stock.naver.com/domestic/stock/0103T0/price,5,현대오토에버,4.44%
0177A0,WON 두산그룹포커스,2,국내 업종/테마,https://stock.naver.com/domestic/stock/0177A0/price,1,두산,27.14%
0177A0,WON 두산그룹포커스,2,국내 업종/테마,https://stock.naver.com/domestic/stock/0177A0/price,2,두산에너빌리티,23.19%
0177A0,WON 두산그룹포커스,2,국내 업종/테마,https://stock.naver.com/domestic/stock/0177A0/price,3,두산로보틱스,22.55%
0177A0,WON 두산그룹포커스,2,국내 업종/테마,https://stock.naver.com/domestic/stock/0177A0/price,4,두산밥캣,5.78%
0177A0,WON 두산그룹포커스,2,국내 업종/테마,https://stock.naver.com/domestic/stock/0177A0/price,5,두산테스나,4.72%
479850,HANARO K-뷰티,2,국내 업종/테마,https://stock.naver.com/domestic/stock/479850/price,1,아모레퍼시픽,16.32%
479850,HANARO K-뷰티,2,국내 업종/테마,https://stock.naver.com/domestic/stock/479850/price,2,에이피알,16.22%
479850,HANARO K-뷰티,2,국내 업종/테마,https://stock.naver.com/domestic/stock/479850/price,3,LG생활건강,10.45%
479850,HANARO K-뷰티,2,국내 업종/테마,https://stock.naver.com/domestic/stock/479850/price,4,한국콜마,9.49%
479850,HANARO K-뷰티,2,국내 업종/테마,https://stock.naver.com/domestic/stock/479850/price,5,코스맥스,9.27%
300950,KODEX 게임산업,2,국내 업종/테마,https://stock.naver.com/domestic/stock/300950/price,1,크래프톤,23.47%
300950,KODEX 게임산업,2,국내 업종/테마,https://stock.naver.com/domestic/stock/300950/price,2,NC,20.37%
300950,KODEX 게임산업,2,국내 업종/테마,https://stock.naver.com/domestic/stock/300950/price,3,펄어비스,11.78%
300950,KODEX 게임산업,2,국내 업종/테마,https://stock.naver.com/domestic/stock/300950/price,4,넷마블,10.14%
300950,KODEX 게임산업,2,국내 업종/테마,https://stock.naver.com/domestic/stock/300950/price,5,시프트업,9.80%
375760,HANARO 탄소효율그린뉴딜,2,국내 업종/테마,https://stock.naver.com/domestic/stock/375760/price,1,삼성전자,29.38%
375760,HANARO 탄소효율그린뉴딜,2,국내 업종/테마,https://stock.naver.com/domestic/stock/375760/price,2,SK하이닉스,21.38%
375760,HANARO 탄소효율그린뉴딜,2,국내 업종/테마,https://stock.naver.com/domestic/stock/375760/price,3,SK스퀘어,3.38%
375760,HANARO 탄소효율그린뉴딜,2,국내 업종/테마,https://stock.naver.com/domestic/stock/375760/price,4,두산에너빌리티,1.61%
375760,HANARO 탄소효율그린뉴딜,2,국내 업종/테마,https://stock.naver.com/domestic/stock/375760/price,5,KB금융,1.58%
376410,TIGER 탄소효율그린뉴딜,2,국내 업종/테마,https://stock.naver.com/domestic/stock/376410/price,1,삼성전자,28.48%
376410,TIGER 탄소효율그린뉴딜,2,국내 업종/테마,https://stock.naver.com/domestic/stock/376410/price,2,SK하이닉스,20.71%
376410,TIGER 탄소효율그린뉴딜,2,국내 업종/테마,https://stock.naver.com/domestic/stock/376410/price,3,SK스퀘어,3.27%
376410,TIGER 탄소효율그린뉴딜,2,국내 업종/테마,https://stock.naver.com/domestic/stock/376410/price,4,두산에너빌리티,1.56%
376410,TIGER 탄소효율그린뉴딜,2,국내 업종/테마,https://stock.naver.com/domestic/stock/376410/price,5,KB금융,1.52%
0223A0,RISE 코스닥커버드콜액티브,2,국내 업종/테마,https://stock.naver.com/domestic/stock/0223A0/price,1,테스,7.30%
0223A0,RISE 코스닥커버드콜액티브,2,국내 업종/테마,https://stock.naver.com/domestic/stock/0223A0/price,2,기가비스,7.04%
0223A0,RISE 코스닥커버드콜액티브,2,국내 업종/테마,https://stock.naver.com/domestic/stock/0223A0/price,3,유진테크,6.92%
0223A0,RISE 코스닥커버드콜액티브,2,국내 업종/테마,https://stock.naver.com/domestic/stock/0223A0/price,4,심텍,6.88%
0223A0,RISE 코스닥커버드콜액티브,2,국내 업종/테마,https://stock.naver.com/domestic/stock/0223A0/price,5,피에스케이,6.79%
108590,TREX 200,1,국내 시장지수,https://stock.naver.com/domestic/stock/108590/price,1,삼성전자,34.15%
108590,TREX 200,1,국내 시장지수,https://stock.naver.com/domestic/stock/108590/price,2,SK하이닉스,27.73%
108590,TREX 200,1,국내 시장지수,https://stock.naver.com/domestic/stock/108590/price,3,SK스퀘어,2.85%
108590,TREX 200,1,국내 시장지수,https://stock.naver.com/domestic/stock/108590/price,4,삼성전기,2.35%
108590,TREX 200,1,국내 시장지수,https://stock.naver.com/domestic/stock/108590/price,5,KB금융,1.35%
388280,RISE K엔터&여행레저,2,국내 업종/테마,https://stock.naver.com/domestic/stock/388280/price,1,대한항공,15.55%
388280,RISE K엔터&여행레저,2,국내 업종/테마,https://stock.naver.com/domestic/stock/388280/price,2,하이브,8.96%
388280,RISE K엔터&여행레저,2,국내 업종/테마,https://stock.naver.com/domestic/stock/388280/price,3,강원랜드,7.03%
388280,RISE K엔터&여행레저,2,국내 업종/테마,https://stock.naver.com/domestic/stock/388280/price,4,신세계,5.82%
388280,RISE K엔터&여행레저,2,국내 업종/테마,https://stock.naver.com/domestic/stock/388280/price,5,영원무역,5.66%
0239Y0,PLUS 코리아HBM반도체,2,국내 업종/테마,https://stock.naver.com/domestic/stock/0239Y0/price,1,SK하이닉스,23.63%
0239Y0,PLUS 코리아HBM반도체,2,국내 업종/테마,https://stock.naver.com/domestic/stock/0239Y0/price,2,삼성전자,22.75%
0239Y0,PLUS 코리아HBM반도체,2,국내 업종/테마,https://stock.naver.com/domestic/stock/0239Y0/price,3,주성엔지니어링,7.20%
0239Y0,PLUS 코리아HBM반도체,2,국내 업종/테마,https://stock.naver.com/domestic/stock/0239Y0/price,4,대덕전자,7.03%
0239Y0,PLUS 코리아HBM반도체,2,국내 업종/테마,https://stock.naver.com/domestic/stock/0239Y0/price,5,심텍,6.92%
464600,SOL 자동차소부장Fn,2,국내 업종/테마,https://stock.naver.com/domestic/stock/464600/price,1,LG전자,11.45%
464600,SOL 자동차소부장Fn,2,국내 업종/테마,https://stock.naver.com/domestic/stock/464600/price,2,삼성전기,10.38%
464600,SOL 자동차소부장Fn,2,국내 업종/테마,https://stock.naver.com/domestic/stock/464600/price,3,현대모비스,7.99%
464600,SOL 자동차소부장Fn,2,국내 업종/테마,https://stock.naver.com/domestic/stock/464600/price,4,한온시스템,7.22%
464600,SOL 자동차소부장Fn,2,국내 업종/테마,https://stock.naver.com/domestic/stock/464600/price,5,고영,6.98%
411540,SOL 200 Top10,1,국내 시장지수,https://stock.naver.com/domestic/stock/411540/price,1,삼성바이오로직스,12.42%
411540,SOL 200 Top10,1,국내 시장지수,https://stock.naver.com/domestic/stock/411540/price,2,한화에어로스페이스,12.12%
411540,SOL 200 Top10,1,국내 시장지수,https://stock.naver.com/domestic/stock/411540/price,3,LG에너지솔루션,11.04%
411540,SOL 200 Top10,1,국내 시장지수,https://stock.naver.com/domestic/stock/411540/price,4,SK스퀘어,10.85%
411540,SOL 200 Top10,1,국내 시장지수,https://stock.naver.com/domestic/stock/411540/price,5,삼성전자,10.57%
304770,HANARO 코스닥150,1,국내 시장지수,https://stock.naver.com/domestic/stock/304770/price,1,알테오젠,7.40%
304770,HANARO 코스닥150,1,국내 시장지수,https://stock.naver.com/domestic/stock/304770/price,2,에코프로,4.69%
304770,HANARO 코스닥150,1,국내 시장지수,https://stock.naver.com/domestic/stock/304770/price,3,주성엔지니어링,3.96%
304770,HANARO 코스닥150,1,국내 시장지수,https://stock.naver.com/domestic/stock/304770/price,4,에코프로비엠,3.72%
304770,HANARO 코스닥150,1,국내 시장지수,https://stock.naver.com/domestic/stock/304770/price,5,HLB,2.56%
461450,KODEX 코스닥글로벌,1,국내 시장지수,https://stock.naver.com/domestic/stock/461450/price,1,알테오젠,15.73%
461450,KODEX 코스닥글로벌,1,국내 시장지수,https://stock.naver.com/domestic/stock/461450/price,2,에코프로,9.95%
461450,KODEX 코스닥글로벌,1,국내 시장지수,https://stock.naver.com/domestic/stock/461450/price,3,주성엔지니어링,8.45%
461450,KODEX 코스닥글로벌,1,국내 시장지수,https://stock.naver.com/domestic/stock/461450/price,4,에코프로비엠,7.85%
461450,KODEX 코스닥글로벌,1,국내 시장지수,https://stock.naver.com/domestic/stock/461450/price,5,원익IPS,5.20%
337120,KODEX 멀티팩터,2,국내 업종/테마,https://stock.naver.com/domestic/stock/337120/price,1,삼성전자,30.24%
337120,KODEX 멀티팩터,2,국내 업종/테마,https://stock.naver.com/domestic/stock/337120/price,2,SK하이닉스,25.21%
337120,KODEX 멀티팩터,2,국내 업종/테마,https://stock.naver.com/domestic/stock/337120/price,3,SK스퀘어,2.88%
337120,KODEX 멀티팩터,2,국내 업종/테마,https://stock.naver.com/domestic/stock/337120/price,4,삼성전기,2.01%
337120,KODEX 멀티팩터,2,국내 업종/테마,https://stock.naver.com/domestic/stock/337120/price,5,KB금융,1.11%
300640,RISE 게임테마,2,국내 업종/테마,https://stock.naver.com/domestic/stock/300640/price,1,NC,10.39%
300640,RISE 게임테마,2,국내 업종/테마,https://stock.naver.com/domestic/stock/300640/price,2,카카오게임즈,9.32%
300640,RISE 게임테마,2,국내 업종/테마,https://stock.naver.com/domestic/stock/300640/price,3,더블유게임즈,8.87%
300640,RISE 게임테마,2,국내 업종/테마,https://stock.naver.com/domestic/stock/300640/price,4,넷마블,8.86%
300640,RISE 게임테마,2,국내 업종/테마,https://stock.naver.com/domestic/stock/300640/price,5,시프트업,8.58%
364990,TIGER 게임TOP10,2,국내 업종/테마,https://stock.naver.com/domestic/stock/364990/price,1,NC,28.14%
364990,TIGER 게임TOP10,2,국내 업종/테마,https://stock.naver.com/domestic/stock/364990/price,2,넷마블,24.60%
364990,TIGER 게임TOP10,2,국내 업종/테마,https://stock.naver.com/domestic/stock/364990/price,3,크래프톤,23.16%
364990,TIGER 게임TOP10,2,국내 업종/테마,https://stock.naver.com/domestic/stock/364990/price,4,펄어비스,7.43%
364990,TIGER 게임TOP10,2,국내 업종/테마,https://stock.naver.com/domestic/stock/364990/price,5,NHN,4.26%
0193L0,PLUS 삼성전자선물단일종목인버스2X,2,국내 업종/테마,https://stock.naver.com/domestic/stock/0193L0/price,1,삼성전자선물2610,-110.25 (주)
0193L0,PLUS 삼성전자선물단일종목인버스2X,2,국내 업종/테마,https://stock.naver.com/domestic/stock/0193L0/price,2,설정현금액,100.00%
0193L0,PLUS 삼성전자선물단일종목인버스2X,2,국내 업종/테마,https://stock.naver.com/domestic/stock/0193L0/price,3,원화현금,100.00%
289040,KODEX MSCI KOREA ESG유니버설,2,국내 업종/테마,https://stock.naver.com/domestic/stock/289040/price,1,SK하이닉스,27.94%
289040,KODEX MSCI KOREA ESG유니버설,2,국내 업종/테마,https://stock.naver.com/domestic/stock/289040/price,2,삼성전자,22.65%
289040,KODEX MSCI KOREA ESG유니버설,2,국내 업종/테마,https://stock.naver.com/domestic/stock/289040/price,3,삼성전기,5.60%
289040,KODEX MSCI KOREA ESG유니버설,2,국내 업종/테마,https://stock.naver.com/domestic/stock/289040/price,4,KB금융,3.75%
289040,KODEX MSCI KOREA ESG유니버설,2,국내 업종/테마,https://stock.naver.com/domestic/stock/289040/price,5,삼성전자우,2.83%
226980,KODEX 200 중소형,1,국내 시장지수,https://stock.naver.com/domestic/stock/226980/price,1,이수페타시스,4.76%
226980,KODEX 200 중소형,1,국내 시장지수,https://stock.naver.com/domestic/stock/226980/price,2,LS,3.56%
226980,KODEX 200 중소형,1,국내 시장지수,https://stock.naver.com/domestic/stock/226980/price,3,JB금융지주,3.24%
226980,KODEX 200 중소형,1,국내 시장지수,https://stock.naver.com/domestic/stock/226980/price,4,BNK금융지주,3.11%
226980,KODEX 200 중소형,1,국내 시장지수,https://stock.naver.com/domestic/stock/226980/price,5,DB하이텍,3.10%
404120,TIME K신재생에너지액티브,2,국내 업종/테마,https://stock.naver.com/domestic/stock/404120/price,1,한화솔루션,10.01%
404120,TIME K신재생에너지액티브,2,국내 업종/테마,https://stock.naver.com/domestic/stock/404120/price,2,삼성SDI,9.41%
404120,TIME K신재생에너지액티브,2,국내 업종/테마,https://stock.naver.com/domestic/stock/404120/price,3,씨에스윈드,8.59%
404120,TIME K신재생에너지액티브,2,국내 업종/테마,https://stock.naver.com/domestic/stock/404120/price,4,삼성전자,7.70%
404120,TIME K신재생에너지액티브,2,국내 업종/테마,https://stock.naver.com/domestic/stock/404120/price,5,SK하이닉스,6.78%
289250,TIGER MSCI KOREA ESG유니버설,2,국내 업종/테마,https://stock.naver.com/domestic/stock/289250/price,1,SK하이닉스,26.20%
289250,TIGER MSCI KOREA ESG유니버설,2,국내 업종/테마,https://stock.naver.com/domestic/stock/289250/price,2,삼성전자,22.31%
289250,TIGER MSCI KOREA ESG유니버설,2,국내 업종/테마,https://stock.naver.com/domestic/stock/289250/price,3,삼성전기,5.88%
289250,TIGER MSCI KOREA ESG유니버설,2,국내 업종/테마,https://stock.naver.com/domestic/stock/289250/price,4,KB금융,3.92%
289250,TIGER MSCI KOREA ESG유니버설,2,국내 업종/테마,https://stock.naver.com/domestic/stock/289250/price,5,신한지주,2.88%
417630,TIGER KEDI혁신기업ESG30,2,국내 업종/테마,https://stock.naver.com/domestic/stock/417630/price,1,LIG디펜스앤에어로스페이스,3.80%
417630,TIGER KEDI혁신기업ESG30,2,국내 업종/테마,https://stock.naver.com/domestic/stock/417630/price,2,삼성전기,3.78%
417630,TIGER KEDI혁신기업ESG30,2,국내 업종/테마,https://stock.naver.com/domestic/stock/417630/price,3,한미약품,3.58%
417630,TIGER KEDI혁신기업ESG30,2,국내 업종/테마,https://stock.naver.com/domestic/stock/417630/price,4,LG전자,3.55%
417630,TIGER KEDI혁신기업ESG30,2,국내 업종/테마,https://stock.naver.com/domestic/stock/417630/price,5,KT&G,3.53%
304760,HANARO KRX300,1,국내 시장지수,https://stock.naver.com/domestic/stock/304760/price,1,삼성전자,32.35%
304760,HANARO KRX300,1,국내 시장지수,https://stock.naver.com/domestic/stock/304760/price,2,SK하이닉스,26.25%
304760,HANARO KRX300,1,국내 시장지수,https://stock.naver.com/domestic/stock/304760/price,3,SK스퀘어,2.66%
304760,HANARO KRX300,1,국내 시장지수,https://stock.naver.com/domestic/stock/304760/price,4,삼성전기,2.20%
304760,HANARO KRX300,1,국내 시장지수,https://stock.naver.com/domestic/stock/304760/price,5,KB금융,1.28%
404260,KODEX 기후변화솔루션,2,국내 업종/테마,https://stock.naver.com/domestic/stock/404260/price,1,씨에스윈드,11.70%
404260,KODEX 기후변화솔루션,2,국내 업종/테마,https://stock.naver.com/domestic/stock/404260/price,2,삼성SDI,9.08%
404260,KODEX 기후변화솔루션,2,국내 업종/테마,https://stock.naver.com/domestic/stock/404260/price,3,한화솔루션,8.87%
404260,KODEX 기후변화솔루션,2,국내 업종/테마,https://stock.naver.com/domestic/stock/404260/price,4,삼성전자,7.91%
404260,KODEX 기후변화솔루션,2,국내 업종/테마,https://stock.naver.com/domestic/stock/404260/price,5,SK하이닉스,7.49%
091220,TIGER 은행,2,국내 업종/테마,https://stock.naver.com/domestic/stock/091220/price,1,하나금융지주,19.94%
091220,TIGER 은행,2,국내 업종/테마,https://stock.naver.com/domestic/stock/091220/price,2,신한지주,19.86%
091220,TIGER 은행,2,국내 업종/테마,https://stock.naver.com/domestic/stock/091220/price,3,KB금융,19.73%
091220,TIGER 은행,2,국내 업종/테마,https://stock.naver.com/domestic/stock/091220/price,4,우리금융지주,18.96%
091220,TIGER 은행,2,국내 업종/테마,https://stock.naver.com/domestic/stock/091220/price,5,카카오뱅크,5.63%
228820,TIGER KTOP30,1,국내 시장지수,https://stock.naver.com/domestic/stock/228820/price,1,삼성전자,37.71%
228820,TIGER KTOP30,1,국내 시장지수,https://stock.naver.com/domestic/stock/228820/price,2,SK하이닉스,10.15%
228820,TIGER KTOP30,1,국내 시장지수,https://stock.naver.com/domestic/stock/228820/price,3,삼성전기,8.72%
228820,TIGER KTOP30,1,국내 시장지수,https://stock.naver.com/domestic/stock/228820/price,4,한화에어로스페이스,5.91%
228820,TIGER KTOP30,1,국내 시장지수,https://stock.naver.com/domestic/stock/228820/price,5,삼성화재,3.45%
229720,KODEX KTOP30,1,국내 시장지수,https://stock.naver.com/domestic/stock/229720/price,1,삼성전자,37.59%
229720,KODEX KTOP30,1,국내 시장지수,https://stock.naver.com/domestic/stock/229720/price,2,SK하이닉스,10.01%
229720,KODEX KTOP30,1,국내 시장지수,https://stock.naver.com/domestic/stock/229720/price,3,삼성전기,8.59%
229720,KODEX KTOP30,1,국내 시장지수,https://stock.naver.com/domestic/stock/229720/price,4,한화에어로스페이스,5.83%
229720,KODEX KTOP30,1,국내 시장지수,https://stock.naver.com/domestic/stock/229720/price,5,삼성화재,3.40%
284980,RISE 200금융,2,국내 업종/테마,https://stock.naver.com/domestic/stock/284980/price,1,KB금융,18.94%
284980,RISE 200금융,2,국내 업종/테마,https://stock.naver.com/domestic/stock/284980/price,2,신한지주,15.86%
284980,RISE 200금융,2,국내 업종/테마,https://stock.naver.com/domestic/stock/284980/price,3,하나금융지주,11.96%
284980,RISE 200금융,2,국내 업종/테마,https://stock.naver.com/domestic/stock/284980/price,4,삼성생명,9.08%
284980,RISE 200금융,2,국내 업종/테마,https://stock.naver.com/domestic/stock/284980/price,5,우리금융지주,8.43%
381560,HANARO Fn전기&수소차,2,국내 업종/테마,https://stock.naver.com/domestic/stock/381560/price,1,LG전자,9.29%
381560,HANARO Fn전기&수소차,2,국내 업종/테마,https://stock.naver.com/domestic/stock/381560/price,2,LG에너지솔루션,9.22%
381560,HANARO Fn전기&수소차,2,국내 업종/테마,https://stock.naver.com/domestic/stock/381560/price,3,기아,8.81%
381560,HANARO Fn전기&수소차,2,국내 업종/테마,https://stock.naver.com/domestic/stock/381560/price,4,POSCO홀딩스,8.26%
381560,HANARO Fn전기&수소차,2,국내 업종/테마,https://stock.naver.com/domestic/stock/381560/price,5,현대모비스,7.83%
445690,BNK 주주가치액티브,2,국내 업종/테마,https://stock.naver.com/domestic/stock/445690/price,1,SK하이닉스,20.36%
445690,BNK 주주가치액티브,2,국내 업종/테마,https://stock.naver.com/domestic/stock/445690/price,2,삼성전자,18.42%
445690,BNK 주주가치액티브,2,국내 업종/테마,https://stock.naver.com/domestic/stock/445690/price,3,현대차,3.76%
445690,BNK 주주가치액티브,2,국내 업종/테마,https://stock.naver.com/domestic/stock/445690/price,4,KB금융,2.95%
445690,BNK 주주가치액티브,2,국내 업종/테마,https://stock.naver.com/domestic/stock/445690/price,5,신한지주,2.94%
445910,TIGER MKF배당귀족,2,국내 업종/테마,https://stock.naver.com/domestic/stock/445910/price,1,GS,5.20%
445910,TIGER MKF배당귀족,2,국내 업종/테마,https://stock.naver.com/domestic/stock/445910/price,2,안랩,4.75%
445910,TIGER MKF배당귀족,2,국내 업종/테마,https://stock.naver.com/domestic/stock/445910/price,3,IPARK현대산업개발,4.05%
445910,TIGER MKF배당귀족,2,국내 업종/테마,https://stock.naver.com/domestic/stock/445910/price,4,JB금융지주,3.91%
445910,TIGER MKF배당귀족,2,국내 업종/테마,https://stock.naver.com/domestic/stock/445910/price,5,에스원,3.80%
0104P0,TIGER 코리아배당다우존스위클리커버드콜,2,국내 업종/테마,https://stock.naver.com/domestic/stock/0104P0/price,1,BNK금융지주,4.25%
0104P0,TIGER 코리아배당다우존스위클리커버드콜,2,국내 업종/테마,https://stock.naver.com/domestic/stock/0104P0/price,2,삼성증권,4.21%
0104P0,TIGER 코리아배당다우존스위클리커버드콜,2,국내 업종/테마,https://stock.naver.com/domestic/stock/0104P0/price,3,포스코인터내셔널,4.20%
0104P0,TIGER 코리아배당다우존스위클리커버드콜,2,국내 업종/테마,https://stock.naver.com/domestic/stock/0104P0/price,4,에스원,4.19%
0104P0,TIGER 코리아배당다우존스위클리커버드콜,2,국내 업종/테마,https://stock.naver.com/domestic/stock/0104P0/price,5,JB금융지주,4.07%
407310,HANARO 200 TOP10,1,국내 시장지수,https://stock.naver.com/domestic/stock/407310/price,1,한화에어로스페이스,12.07%
407310,HANARO 200 TOP10,1,국내 시장지수,https://stock.naver.com/domestic/stock/407310/price,2,삼성바이오로직스,11.96%
407310,HANARO 200 TOP10,1,국내 시장지수,https://stock.naver.com/domestic/stock/407310/price,3,LG에너지솔루션,11.00%
407310,HANARO 200 TOP10,1,국내 시장지수,https://stock.naver.com/domestic/stock/407310/price,4,SK스퀘어,10.81%
407310,HANARO 200 TOP10,1,국내 시장지수,https://stock.naver.com/domestic/stock/407310/price,5,삼성전자,10.56%
227830,PLUS 코스피,1,국내 시장지수,https://stock.naver.com/domestic/stock/227830/price,1,삼성전자,28.80%
227830,PLUS 코스피,1,국내 시장지수,https://stock.naver.com/domestic/stock/227830/price,2,SK하이닉스,24.01%
227830,PLUS 코스피,1,국내 시장지수,https://stock.naver.com/domestic/stock/227830/price,3,SK스퀘어,2.74%
227830,PLUS 코스피,1,국내 시장지수,https://stock.naver.com/domestic/stock/227830/price,4,삼성전기,2.13%
227830,PLUS 코스피,1,국내 시장지수,https://stock.naver.com/domestic/stock/227830/price,5,LG에너지솔루션,1.56%
0198B0,1Q 삼성전자선물단일종목레버리지,2,국내 업종/테마,https://stock.naver.com/domestic/stock/0198B0/price,1,삼성전자,43.59%
0198B0,1Q 삼성전자선물단일종목레버리지,2,국내 업종/테마,https://stock.naver.com/domestic/stock/0198B0/price,2,삼성전자   F 202610 (  10),36.13 (주)
0198B0,1Q 삼성전자선물단일종목레버리지,2,국내 업종/테마,https://stock.naver.com/domestic/stock/0198B0/price,3,설정현금액,100.00%
0198B0,1Q 삼성전자선물단일종목레버리지,2,국내 업종/테마,https://stock.naver.com/domestic/stock/0198B0/price,4,원화현금,56.41%
385600,ACE 2차전지&친환경차액티브,2,국내 업종/테마,https://stock.naver.com/domestic/stock/385600/price,1,삼성전기,8.95%
385600,ACE 2차전지&친환경차액티브,2,국내 업종/테마,https://stock.naver.com/domestic/stock/385600/price,2,LG전자,8.35%
385600,ACE 2차전지&친환경차액티브,2,국내 업종/테마,https://stock.naver.com/domestic/stock/385600/price,3,LG에너지솔루션,8.13%
385600,ACE 2차전지&친환경차액티브,2,국내 업종/테마,https://stock.naver.com/domestic/stock/385600/price,4,삼성SDI,7.53%
385600,ACE 2차전지&친환경차액티브,2,국내 업종/테마,https://stock.naver.com/domestic/stock/385600/price,5,현대모비스,7.38%
292050,RISE KRX300,1,국내 시장지수,https://stock.naver.com/domestic/stock/292050/price,1,삼성전자,32.70%
292050,RISE KRX300,1,국내 시장지수,https://stock.naver.com/domestic/stock/292050/price,2,SK하이닉스,26.56%
292050,RISE KRX300,1,국내 시장지수,https://stock.naver.com/domestic/stock/292050/price,3,SK스퀘어,2.73%
292050,RISE KRX300,1,국내 시장지수,https://stock.naver.com/domestic/stock/292050/price,4,삼성전기,2.23%
292050,RISE KRX300,1,국내 시장지수,https://stock.naver.com/domestic/stock/292050/price,5,KB금융,1.29%
391670,HK 베스트일레븐액티브,1,국내 시장지수,https://stock.naver.com/domestic/stock/391670/price,1,삼성전자,28.71%
391670,HK 베스트일레븐액티브,1,국내 시장지수,https://stock.naver.com/domestic/stock/391670/price,2,SK하이닉스,25.74%
391670,HK 베스트일레븐액티브,1,국내 시장지수,https://stock.naver.com/domestic/stock/391670/price,3,SK,7.34%
391670,HK 베스트일레븐액티브,1,국내 시장지수,https://stock.naver.com/domestic/stock/391670/price,4,두산에너빌리티,6.85%
391670,HK 베스트일레븐액티브,1,국내 시장지수,https://stock.naver.com/domestic/stock/391670/price,5,SK텔레콤,6.81%
289260,TIGER MSCI KOREA ESG리더스,2,국내 업종/테마,https://stock.naver.com/domestic/stock/289260/price,1,SK하이닉스,28.29%
289260,TIGER MSCI KOREA ESG리더스,2,국내 업종/테마,https://stock.naver.com/domestic/stock/289260/price,2,SK스퀘어,11.27%
289260,TIGER MSCI KOREA ESG리더스,2,국내 업종/테마,https://stock.naver.com/domestic/stock/289260/price,3,삼성전기,9.29%
289260,TIGER MSCI KOREA ESG리더스,2,국내 업종/테마,https://stock.naver.com/domestic/stock/289260/price,4,KB금융,5.94%
289260,TIGER MSCI KOREA ESG리더스,2,국내 업종/테마,https://stock.naver.com/domestic/stock/289260/price,5,신한지주,4.57%
0105D0,SOL 한국AI소프트웨어,2,국내 업종/테마,https://stock.naver.com/domestic/stock/0105D0/price,1,NAVER,24.37%
0105D0,SOL 한국AI소프트웨어,2,국내 업종/테마,https://stock.naver.com/domestic/stock/0105D0/price,2,삼성에스디에스,20.34%
0105D0,SOL 한국AI소프트웨어,2,국내 업종/테마,https://stock.naver.com/domestic/stock/0105D0/price,3,카카오,17.73%
0105D0,SOL 한국AI소프트웨어,2,국내 업종/테마,https://stock.naver.com/domestic/stock/0105D0/price,4,현대오토에버,12.55%
0105D0,SOL 한국AI소프트웨어,2,국내 업종/테마,https://stock.naver.com/domestic/stock/0105D0/price,5,LG씨엔에스,8.49%
494420,PLUS 미국배당증가성장주데일리커버드콜,2,국내 업종/테마,https://stock.naver.com/domestic/stock/494420/price,1,STRIVE 1000 DIVIDEND GROWTH,"1,962.58 (주)"
494420,PLUS 미국배당증가성장주데일리커버드콜,2,국내 업종/테마,https://stock.naver.com/domestic/stock/494420/price,2,DIREX DAI AV BULL 2X ETF-USD,214.89 (주)
494420,PLUS 미국배당증가성장주데일리커버드콜,2,국내 업종/테마,https://stock.naver.com/domestic/stock/494420/price,3,AMPHENOL CORP-CL A,91.37 (주)
494420,PLUS 미국배당증가성장주데일리커버드콜,2,국내 업종/테마,https://stock.naver.com/domestic/stock/494420/price,4,JPMORGAN CHASE & CO,83.79 (주)
494420,PLUS 미국배당증가성장주데일리커버드콜,2,국내 업종/테마,https://stock.naver.com/domestic/stock/494420/price,5,NEXTERA ENERGY INC,77.79 (주)
131890,ACE 삼성그룹동일가중,2,국내 업종/테마,https://stock.naver.com/domestic/stock/131890/price,1,삼성에피스홀딩스,6.61%
131890,ACE 삼성그룹동일가중,2,국내 업종/테마,https://stock.naver.com/domestic/stock/131890/price,2,제일기획,6.43%
131890,ACE 삼성그룹동일가중,2,국내 업종/테마,https://stock.naver.com/domestic/stock/131890/price,3,삼성전기,6.38%
131890,ACE 삼성그룹동일가중,2,국내 업종/테마,https://stock.naver.com/domestic/stock/131890/price,4,삼성SDI,6.36%
131890,ACE 삼성그룹동일가중,2,국내 업종/테마,https://stock.naver.com/domestic/stock/131890/price,5,삼성중공업,6.35%
0193K0,PLUS 삼성전자단일종목레버리지,2,국내 업종/테마,https://stock.naver.com/domestic/stock/0193K0/price,1,삼성전자,74.12%
0193K0,PLUS 삼성전자단일종목레버리지,2,국내 업종/테마,https://stock.naver.com/domestic/stock/0193K0/price,2,RISE 삼성전자단일종목레버리지,11.60%
0193K0,PLUS 삼성전자단일종목레버리지,2,국내 업종/테마,https://stock.naver.com/domestic/stock/0193K0/price,3,TIGER 삼성전자단일종목레버리지,7.00%
0193K0,PLUS 삼성전자단일종목레버리지,2,국내 업종/테마,https://stock.naver.com/domestic/stock/0193K0/price,4,삼성전자선물2610,104.33 (주)
0193K0,PLUS 삼성전자단일종목레버리지,2,국내 업종/테마,https://stock.naver.com/domestic/stock/0193K0/price,5,원화현금,7.28%
413930,WON AI ESG액티브,2,국내 업종/테마,https://stock.naver.com/domestic/stock/413930/price,1,삼성전자,30.18%
413930,WON AI ESG액티브,2,국내 업종/테마,https://stock.naver.com/domestic/stock/413930/price,2,SK하이닉스,22.51%
413930,WON AI ESG액티브,2,국내 업종/테마,https://stock.naver.com/domestic/stock/413930/price,3,삼성전기,2.85%
413930,WON AI ESG액티브,2,국내 업종/테마,https://stock.naver.com/domestic/stock/413930/price,4,두산에너빌리티,2.82%
413930,WON AI ESG액티브,2,국내 업종/테마,https://stock.naver.com/domestic/stock/413930/price,5,SK,2.75%
244620,KODEX 모멘텀Plus,2,국내 업종/테마,https://stock.naver.com/domestic/stock/244620/price,1,KT&G,3.88%
244620,KODEX 모멘텀Plus,2,국내 업종/테마,https://stock.naver.com/domestic/stock/244620/price,2,DB하이텍,3.05%
244620,KODEX 모멘텀Plus,2,국내 업종/테마,https://stock.naver.com/domestic/stock/244620/price,3,현대지에프홀딩스,2.77%
244620,KODEX 모멘텀Plus,2,국내 업종/테마,https://stock.naver.com/domestic/stock/244620/price,4,비츠로셀,2.70%
244620,KODEX 모멘텀Plus,2,국내 업종/테마,https://stock.naver.com/domestic/stock/244620/price,5,LG전자,2.70%
387280,TIGER 퓨처모빌리티액티브,2,국내 업종/테마,https://stock.naver.com/domestic/stock/387280/price,1,삼성SDI,8.81%
387280,TIGER 퓨처모빌리티액티브,2,국내 업종/테마,https://stock.naver.com/domestic/stock/387280/price,2,로보티즈,8.02%
387280,TIGER 퓨처모빌리티액티브,2,국내 업종/테마,https://stock.naver.com/domestic/stock/387280/price,3,삼성전기,7.89%
387280,TIGER 퓨처모빌리티액티브,2,국내 업종/테마,https://stock.naver.com/domestic/stock/387280/price,4,LG에너지솔루션,7.72%
387280,TIGER 퓨처모빌리티액티브,2,국내 업종/테마,https://stock.naver.com/domestic/stock/387280/price,5,SK하이닉스,6.13%
0222F0,마이티 AI데이터센터밸류체인,2,국내 업종/테마,https://stock.naver.com/domestic/stock/0222F0/price,1,삼성SDI,11.77%
0222F0,마이티 AI데이터센터밸류체인,2,국내 업종/테마,https://stock.naver.com/domestic/stock/0222F0/price,2,SK하이닉스,10.10%
0222F0,마이티 AI데이터센터밸류체인,2,국내 업종/테마,https://stock.naver.com/domestic/stock/0222F0/price,3,삼성전자,10.09%
0222F0,마이티 AI데이터센터밸류체인,2,국내 업종/테마,https://stock.naver.com/domestic/stock/0222F0/price,4,NAVER,9.11%
0222F0,마이티 AI데이터센터밸류체인,2,국내 업종/테마,https://stock.naver.com/domestic/stock/0222F0/price,5,효성중공업,8.91%
491510,파워 K-주주가치액티브,2,국내 업종/테마,https://stock.naver.com/domestic/stock/491510/price,1,JB금융지주,3.04%
491510,파워 K-주주가치액티브,2,국내 업종/테마,https://stock.naver.com/domestic/stock/491510/price,2,삼성화재,2.95%
491510,파워 K-주주가치액티브,2,국내 업종/테마,https://stock.naver.com/domestic/stock/491510/price,3,DB손해보험,2.92%
491510,파워 K-주주가치액티브,2,국내 업종/테마,https://stock.naver.com/domestic/stock/491510/price,4,코리안리,2.87%
491510,파워 K-주주가치액티브,2,국내 업종/테마,https://stock.naver.com/domestic/stock/491510/price,5,NICE평가정보,2.86%
337150,KODEX 200exTOP,2,국내 업종/테마,https://stock.naver.com/domestic/stock/337150/price,1,SK스퀘어,7.50%
337150,KODEX 200exTOP,2,국내 업종/테마,https://stock.naver.com/domestic/stock/337150/price,2,삼성전기,6.18%
337150,KODEX 200exTOP,2,국내 업종/테마,https://stock.naver.com/domestic/stock/337150/price,3,KB금융,3.58%
337150,KODEX 200exTOP,2,국내 업종/테마,https://stock.naver.com/domestic/stock/337150/price,4,현대차,3.30%
337150,KODEX 200exTOP,2,국내 업종/테마,https://stock.naver.com/domestic/stock/337150/price,5,신한지주,3.00%
0090B0,PLUS K방산소부장,2,국내 업종/테마,https://stock.naver.com/domestic/stock/0090B0/price,1,엠앤씨솔루션,16.19%
0090B0,PLUS K방산소부장,2,국내 업종/테마,https://stock.naver.com/domestic/stock/0090B0/price,2,SNT다이내믹스,15.58%
0090B0,PLUS K방산소부장,2,국내 업종/테마,https://stock.naver.com/domestic/stock/0090B0/price,3,퍼스텍,12.54%
0090B0,PLUS K방산소부장,2,국내 업종/테마,https://stock.naver.com/domestic/stock/0090B0/price,4,STX엔진,12.40%
0090B0,PLUS K방산소부장,2,국내 업종/테마,https://stock.naver.com/domestic/stock/0090B0/price,5,삼양컴텍,12.03%
404650,SOL KRX기후변화솔루션,2,국내 업종/테마,https://stock.naver.com/domestic/stock/404650/price,1,씨에스윈드,11.73%
404650,SOL KRX기후변화솔루션,2,국내 업종/테마,https://stock.naver.com/domestic/stock/404650/price,2,삼성SDI,9.12%
404650,SOL KRX기후변화솔루션,2,국내 업종/테마,https://stock.naver.com/domestic/stock/404650/price,3,한화솔루션,8.90%
404650,SOL KRX기후변화솔루션,2,국내 업종/테마,https://stock.naver.com/domestic/stock/404650/price,4,삼성전자,7.93%
404650,SOL KRX기후변화솔루션,2,국내 업종/테마,https://stock.naver.com/domestic/stock/404650/price,5,SK하이닉스,7.55%
487750,BNK 온디바이스AI,2,국내 업종/테마,https://stock.naver.com/domestic/stock/487750/price,1,삼성전자,19.36%
487750,BNK 온디바이스AI,2,국내 업종/테마,https://stock.naver.com/domestic/stock/487750/price,2,SK하이닉스,18.23%
487750,BNK 온디바이스AI,2,국내 업종/테마,https://stock.naver.com/domestic/stock/487750/price,3,삼성전기,8.35%
487750,BNK 온디바이스AI,2,국내 업종/테마,https://stock.naver.com/domestic/stock/487750/price,4,SFA반도체,4.98%
487750,BNK 온디바이스AI,2,국내 업종/테마,https://stock.naver.com/domestic/stock/487750/price,5,심텍,4.60%
104520,KIWOOM 블루칩,2,국내 업종/테마,https://stock.naver.com/domestic/stock/104520/price,1,HLB,3.28%
104520,KIWOOM 블루칩,2,국내 업종/테마,https://stock.naver.com/domestic/stock/104520/price,2,SK이노베이션,2.86%
104520,KIWOOM 블루칩,2,국내 업종/테마,https://stock.naver.com/domestic/stock/104520/price,3,LG에너지솔루션,2.73%
104520,KIWOOM 블루칩,2,국내 업종/테마,https://stock.naver.com/domestic/stock/104520/price,4,LG전자,2.71%
104520,KIWOOM 블루칩,2,국내 업종/테마,https://stock.naver.com/domestic/stock/104520/price,5,KT&G,2.68%
0088N0,WON K-글로벌수급상위,2,국내 업종/테마,https://stock.naver.com/domestic/stock/0088N0/price,1,HPSP,10.12%
0088N0,WON K-글로벌수급상위,2,국내 업종/테마,https://stock.naver.com/domestic/stock/0088N0/price,2,신세계,8.08%
0088N0,WON K-글로벌수급상위,2,국내 업종/테마,https://stock.naver.com/domestic/stock/0088N0/price,3,두산테스나,7.53%
0088N0,WON K-글로벌수급상위,2,국내 업종/테마,https://stock.naver.com/domestic/stock/0088N0/price,4,현대백화점,6.43%
0088N0,WON K-글로벌수급상위,2,국내 업종/테마,https://stock.naver.com/domestic/stock/0088N0/price,5,이오테크닉스,6.28%
234310,RISE V&S셀렉트밸류,2,국내 업종/테마,https://stock.naver.com/domestic/stock/234310/price,1,삼성전자,28.73%
234310,RISE V&S셀렉트밸류,2,국내 업종/테마,https://stock.naver.com/domestic/stock/234310/price,2,SK스퀘어,8.74%
234310,RISE V&S셀렉트밸류,2,국내 업종/테마,https://stock.naver.com/domestic/stock/234310/price,3,메리츠금융지주,5.54%
234310,RISE V&S셀렉트밸류,2,국내 업종/테마,https://stock.naver.com/domestic/stock/234310/price,4,삼성SDI,4.44%
234310,RISE V&S셀렉트밸류,2,국내 업종/테마,https://stock.naver.com/domestic/stock/234310/price,5,신한지주,3.39%
373490,KODEX 코리아혁신성장액티브,2,국내 업종/테마,https://stock.naver.com/domestic/stock/373490/price,1,삼성전자,8.61%
373490,KODEX 코리아혁신성장액티브,2,국내 업종/테마,https://stock.naver.com/domestic/stock/373490/price,2,삼성SDI,8.56%
373490,KODEX 코리아혁신성장액티브,2,국내 업종/테마,https://stock.naver.com/domestic/stock/373490/price,3,삼성전기,7.59%
373490,KODEX 코리아혁신성장액티브,2,국내 업종/테마,https://stock.naver.com/domestic/stock/373490/price,4,SK하이닉스,7.55%
373490,KODEX 코리아혁신성장액티브,2,국내 업종/테마,https://stock.naver.com/domestic/stock/373490/price,5,기아,6.42%
438900,HANARO Fn K-푸드,2,국내 업종/테마,https://stock.naver.com/domestic/stock/438900/price,1,농심,16.51%
438900,HANARO Fn K-푸드,2,국내 업종/테마,https://stock.naver.com/domestic/stock/438900/price,2,삼양식품,16.42%
438900,HANARO Fn K-푸드,2,국내 업종/테마,https://stock.naver.com/domestic/stock/438900/price,3,CJ제일제당,13.69%
438900,HANARO Fn K-푸드,2,국내 업종/테마,https://stock.naver.com/domestic/stock/438900/price,4,오리온,12.13%
438900,HANARO Fn K-푸드,2,국내 업종/테마,https://stock.naver.com/domestic/stock/438900/price,5,오뚜기,6.69%
0242S0,파워 SK그룹,2,국내 업종/테마,https://stock.naver.com/domestic/stock/0242S0/price,1,SK하이닉스,21.65%
0242S0,파워 SK그룹,2,국내 업종/테마,https://stock.naver.com/domestic/stock/0242S0/price,2,SK이노베이션,18.37%
0242S0,파워 SK그룹,2,국내 업종/테마,https://stock.naver.com/domestic/stock/0242S0/price,3,SK스퀘어,15.16%
0242S0,파워 SK그룹,2,국내 업종/테마,https://stock.naver.com/domestic/stock/0242S0/price,4,SK,14.72%
0242S0,파워 SK그룹,2,국내 업종/테마,https://stock.naver.com/domestic/stock/0242S0/price,5,SK텔레콤,13.02%
496130,TRUSTON 코리아밸류업액티브,1,국내 시장지수,https://stock.naver.com/domestic/stock/496130/price,1,SK하이닉스,19.08%
496130,TRUSTON 코리아밸류업액티브,1,국내 시장지수,https://stock.naver.com/domestic/stock/496130/price,2,삼성전자,19.05%
496130,TRUSTON 코리아밸류업액티브,1,국내 시장지수,https://stock.naver.com/domestic/stock/496130/price,3,삼성전자우,5.15%
496130,TRUSTON 코리아밸류업액티브,1,국내 시장지수,https://stock.naver.com/domestic/stock/496130/price,4,KB금융,3.83%
496130,TRUSTON 코리아밸류업액티브,1,국내 시장지수,https://stock.naver.com/domestic/stock/496130/price,5,삼성증권,3.57%
0153P0,ACE 리츠부동산인프라액티브,2,국내 업종/테마,https://stock.naver.com/domestic/stock/0153P0/price,1,맥쿼리인프라,23.21%
0153P0,ACE 리츠부동산인프라액티브,2,국내 업종/테마,https://stock.naver.com/domestic/stock/0153P0/price,2,KB발해인프라,18.17%
0153P0,ACE 리츠부동산인프라액티브,2,국내 업종/테마,https://stock.naver.com/domestic/stock/0153P0/price,3,롯데리츠,13.73%
0153P0,ACE 리츠부동산인프라액티브,2,국내 업종/테마,https://stock.naver.com/domestic/stock/0153P0/price,4,SK리츠,13.34%
0153P0,ACE 리츠부동산인프라액티브,2,국내 업종/테마,https://stock.naver.com/domestic/stock/0153P0/price,5,한화리츠,9.74%
360150,KODEX 코스닥150롱코스피200숏선물,2,국내 업종/테마,https://stock.naver.com/domestic/stock/360150/price,1,KODEX 코스닥150,19.71%
360150,KODEX 코스닥150롱코스피200숏선물,2,국내 업종/테마,https://stock.naver.com/domestic/stock/360150/price,2,KODEX 인버스,7.96%
360150,KODEX 코스닥150롱코스피200숏선물,2,국내 업종/테마,https://stock.naver.com/domestic/stock/360150/price,3,2026-12 코스닥150선물,17.05 (주)
360150,KODEX 코스닥150롱코스피200숏선물,2,국내 업종/테마,https://stock.naver.com/domestic/stock/360150/price,4,2026-12 코스피200지수선물,-1.10 (주)
360150,KODEX 코스닥150롱코스피200숏선물,2,국내 업종/테마,https://stock.naver.com/domestic/stock/360150/price,5,설정현금액,100.00%
102960,KODEX 기계장비,2,국내 업종/테마,https://stock.naver.com/domestic/stock/102960/price,1,두산에너빌리티,15.39%
102960,KODEX 기계장비,2,국내 업종/테마,https://stock.naver.com/domestic/stock/102960/price,2,LG에너지솔루션,8.04%
102960,KODEX 기계장비,2,국내 업종/테마,https://stock.naver.com/domestic/stock/102960/price,3,LS ELECTRIC,7.20%
102960,KODEX 기계장비,2,국내 업종/테마,https://stock.naver.com/domestic/stock/102960/price,4,HD한국조선해양,6.70%
102960,KODEX 기계장비,2,국내 업종/테마,https://stock.naver.com/domestic/stock/102960/price,5,HD현대일렉트릭,6.58%
0104G0,PLUS K방산레버리지,2,국내 업종/테마,https://stock.naver.com/domestic/stock/0104G0/price,1,한화에어로스페이스,50.43%
0104G0,PLUS K방산레버리지,2,국내 업종/테마,https://stock.naver.com/domestic/stock/0104G0/price,2,한화오션,35.96%
0104G0,PLUS K방산레버리지,2,국내 업종/테마,https://stock.naver.com/domestic/stock/0104G0/price,3,LIG디펜스앤에어로스페이스,34.44%
0104G0,PLUS K방산레버리지,2,국내 업종/테마,https://stock.naver.com/domestic/stock/0104G0/price,4,한국항공우주,31.60%
0104G0,PLUS K방산레버리지,2,국내 업종/테마,https://stock.naver.com/domestic/stock/0104G0/price,5,현대로템,28.27%
472720,TRUSTON 주주가치액티브,1,국내 시장지수,https://stock.naver.com/domestic/stock/472720/price,1,SK하이닉스,17.28%
472720,TRUSTON 주주가치액티브,1,국내 시장지수,https://stock.naver.com/domestic/stock/472720/price,2,삼성전자우,8.77%
472720,TRUSTON 주주가치액티브,1,국내 시장지수,https://stock.naver.com/domestic/stock/472720/price,3,삼성전자,5.56%
472720,TRUSTON 주주가치액티브,1,국내 시장지수,https://stock.naver.com/domestic/stock/472720/price,4,NH투자증권,4.22%
472720,TRUSTON 주주가치액티브,1,국내 시장지수,https://stock.naver.com/domestic/stock/472720/price,5,현대차2우B,3.87%
279540,KODEX 최소변동성,2,국내 업종/테마,https://stock.naver.com/domestic/stock/279540/price,1,삼성전자,12.86%
279540,KODEX 최소변동성,2,국내 업종/테마,https://stock.naver.com/domestic/stock/279540/price,2,SK하이닉스,9.42%
279540,KODEX 최소변동성,2,국내 업종/테마,https://stock.naver.com/domestic/stock/279540/price,3,삼성전기,8.30%
279540,KODEX 최소변동성,2,국내 업종/테마,https://stock.naver.com/domestic/stock/279540/price,4,삼성SDI,6.91%
279540,KODEX 최소변동성,2,국내 업종/테마,https://stock.naver.com/domestic/stock/279540/price,5,S-Oil,3.43%
0194R0,KIWOOM SK하이닉스선물단일종목레버리지,2,국내 업종/테마,https://stock.naver.com/domestic/stock/0194R0/price,1,SK하이닉스,31.92%
0194R0,KIWOOM SK하이닉스선물단일종목레버리지,2,국내 업종/테마,https://stock.naver.com/domestic/stock/0194R0/price,2,SK하이닉스선물2610,21.76 (주)
0194R0,KIWOOM SK하이닉스선물단일종목레버리지,2,국내 업종/테마,https://stock.naver.com/domestic/stock/0194R0/price,3,설정현금액,100.00%
0194R0,KIWOOM SK하이닉스선물단일종목레버리지,2,국내 업종/테마,https://stock.naver.com/domestic/stock/0194R0/price,4,원화현금,68.22%
0208N0,IBK 코스피액티브,1,국내 시장지수,https://stock.naver.com/domestic/stock/0208N0/price,1,삼성전자,29.17%
0208N0,IBK 코스피액티브,1,국내 시장지수,https://stock.naver.com/domestic/stock/0208N0/price,2,SK하이닉스,25.85%
0208N0,IBK 코스피액티브,1,국내 시장지수,https://stock.naver.com/domestic/stock/0208N0/price,3,삼성전기,4.44%
0208N0,IBK 코스피액티브,1,국내 시장지수,https://stock.naver.com/domestic/stock/0208N0/price,4,SK,3.88%
0208N0,IBK 코스피액티브,1,국내 시장지수,https://stock.naver.com/domestic/stock/0208N0/price,5,효성중공업,2.84%
300610,TIGER K게임,2,국내 업종/테마,https://stock.naver.com/domestic/stock/300610/price,1,카카오게임즈,11.41%
300610,TIGER K게임,2,국내 업종/테마,https://stock.naver.com/domestic/stock/300610/price,2,NC,9.52%
300610,TIGER K게임,2,국내 업종/테마,https://stock.naver.com/domestic/stock/300610/price,3,펄어비스,9.43%
300610,TIGER K게임,2,국내 업종/테마,https://stock.naver.com/domestic/stock/300610/price,4,넷마블,9.34%
300610,TIGER K게임,2,국내 업종/테마,https://stock.naver.com/domestic/stock/300610/price,5,더블유게임즈,9.31%
280920,PLUS 주도업종,2,국내 업종/테마,https://stock.naver.com/domestic/stock/280920/price,1,삼성전자,21.35%
280920,PLUS 주도업종,2,국내 업종/테마,https://stock.naver.com/domestic/stock/280920/price,2,삼성전기,12.16%
280920,PLUS 주도업종,2,국내 업종/테마,https://stock.naver.com/domestic/stock/280920/price,3,현대차,6.49%
280920,PLUS 주도업종,2,국내 업종/테마,https://stock.naver.com/domestic/stock/280920/price,4,한화에어로스페이스,5.13%
280920,PLUS 주도업종,2,국내 업종/테마,https://stock.naver.com/domestic/stock/280920/price,5,두산에너빌리티,4.89%
140710,KODEX 운송,2,국내 업종/테마,https://stock.naver.com/domestic/stock/140710/price,1,대한항공,20.89%
140710,KODEX 운송,2,국내 업종/테마,https://stock.naver.com/domestic/stock/140710/price,2,HMM,19.24%
140710,KODEX 운송,2,국내 업종/테마,https://stock.naver.com/domestic/stock/140710/price,3,현대글로비스,18.35%
140710,KODEX 운송,2,국내 업종/테마,https://stock.naver.com/domestic/stock/140710/price,4,팬오션,13.74%
140710,KODEX 운송,2,국내 업종/테마,https://stock.naver.com/domestic/stock/140710/price,5,CJ대한통운,7.59%
410870,TIME K컬처액티브,2,국내 업종/테마,https://stock.naver.com/domestic/stock/410870/price,1,올릭스,7.97%
410870,TIME K컬처액티브,2,국내 업종/테마,https://stock.naver.com/domestic/stock/410870/price,2,파마리서치,7.71%
410870,TIME K컬처액티브,2,국내 업종/테마,https://stock.naver.com/domestic/stock/410870/price,3,서부T&D,7.63%
410870,TIME K컬처액티브,2,국내 업종/테마,https://stock.naver.com/domestic/stock/410870/price,4,NC,5.61%
410870,TIME K컬처액티브,2,국내 업종/테마,https://stock.naver.com/domestic/stock/410870/price,5,하이브,5.50%
404540,TIGER KRX기후변화솔루션,2,국내 업종/테마,https://stock.naver.com/domestic/stock/404540/price,1,씨에스윈드,11.71%
404540,TIGER KRX기후변화솔루션,2,국내 업종/테마,https://stock.naver.com/domestic/stock/404540/price,2,삼성SDI,9.08%
404540,TIGER KRX기후변화솔루션,2,국내 업종/테마,https://stock.naver.com/domestic/stock/404540/price,3,한화솔루션,8.89%
404540,TIGER KRX기후변화솔루션,2,국내 업종/테마,https://stock.naver.com/domestic/stock/404540/price,4,삼성전자,7.91%
404540,TIGER KRX기후변화솔루션,2,국내 업종/테마,https://stock.naver.com/domestic/stock/404540/price,5,SK하이닉스,7.49%
395760,PLUS ESG성장주액티브,2,국내 업종/테마,https://stock.naver.com/domestic/stock/395760/price,1,삼성전자,28.54%
395760,PLUS ESG성장주액티브,2,국내 업종/테마,https://stock.naver.com/domestic/stock/395760/price,2,SK하이닉스,15.16%
395760,PLUS ESG성장주액티브,2,국내 업종/테마,https://stock.naver.com/domestic/stock/395760/price,3,삼성전기,4.72%
395760,PLUS ESG성장주액티브,2,국내 업종/테마,https://stock.naver.com/domestic/stock/395760/price,4,SK스퀘어,4.62%
395760,PLUS ESG성장주액티브,2,국내 업종/테마,https://stock.naver.com/domestic/stock/395760/price,5,두산에너빌리티,1.97%
251590,PLUS 고배당저변동50,2,국내 업종/테마,https://stock.naver.com/domestic/stock/251590/price,1,롯데렌탈,3.40%
251590,PLUS 고배당저변동50,2,국내 업종/테마,https://stock.naver.com/domestic/stock/251590/price,2,아이마켓코리아,3.05%
251590,PLUS 고배당저변동50,2,국내 업종/테마,https://stock.naver.com/domestic/stock/251590/price,3,한국자산신탁,3.01%
251590,PLUS 고배당저변동50,2,국내 업종/테마,https://stock.naver.com/domestic/stock/251590/price,4,우리금융지주,2.86%
251590,PLUS 고배당저변동50,2,국내 업종/테마,https://stock.naver.com/domestic/stock/251590/price,5,KT&G,2.86%
140580,RISE 우량업종대표주,2,국내 업종/테마,https://stock.naver.com/domestic/stock/140580/price,1,한화솔루션,2.49%
140580,RISE 우량업종대표주,2,국내 업종/테마,https://stock.naver.com/domestic/stock/140580/price,2,한온시스템,2.25%
140580,RISE 우량업종대표주,2,국내 업종/테마,https://stock.naver.com/domestic/stock/140580/price,3,이수페타시스,2.24%
140580,RISE 우량업종대표주,2,국내 업종/테마,https://stock.naver.com/domestic/stock/140580/price,4,S-Oil,2.24%
140580,RISE 우량업종대표주,2,국내 업종/테마,https://stock.naver.com/domestic/stock/140580/price,5,한미반도체,2.24%
0216Z0,ACE K방산TOP5+,2,국내 업종/테마,https://stock.naver.com/domestic/stock/0216Z0/price,1,한화에어로스페이스,20.77%
0216Z0,ACE K방산TOP5+,2,국내 업종/테마,https://stock.naver.com/domestic/stock/0216Z0/price,2,LIG디펜스앤에어로스페이스,18.54%
0216Z0,ACE K방산TOP5+,2,국내 업종/테마,https://stock.naver.com/domestic/stock/0216Z0/price,3,한화시스템,17.12%
0216Z0,ACE K방산TOP5+,2,국내 업종/테마,https://stock.naver.com/domestic/stock/0216Z0/price,4,한국항공우주,12.16%
0216Z0,ACE K방산TOP5+,2,국내 업종/테마,https://stock.naver.com/domestic/stock/0216Z0/price,5,현대로템,9.08%
0191S0,IBK 코스닥150,1,국내 시장지수,https://stock.naver.com/domestic/stock/0191S0/price,1,알테오젠,7.43%
0191S0,IBK 코스닥150,1,국내 시장지수,https://stock.naver.com/domestic/stock/0191S0/price,2,에코프로,4.71%
0191S0,IBK 코스닥150,1,국내 시장지수,https://stock.naver.com/domestic/stock/0191S0/price,3,주성엔지니어링,4.01%
0191S0,IBK 코스닥150,1,국내 시장지수,https://stock.naver.com/domestic/stock/0191S0/price,4,에코프로비엠,3.73%
0191S0,IBK 코스닥150,1,국내 시장지수,https://stock.naver.com/domestic/stock/0191S0/price,5,HLB,2.57%
266410,KODEX 필수소비재,2,국내 업종/테마,https://stock.naver.com/domestic/stock/266410/price,1,KT&G,19.87%
266410,KODEX 필수소비재,2,국내 업종/테마,https://stock.naver.com/domestic/stock/266410/price,2,에이피알,18.07%
266410,KODEX 필수소비재,2,국내 업종/테마,https://stock.naver.com/domestic/stock/266410/price,3,삼양식품,9.59%
266410,KODEX 필수소비재,2,국내 업종/테마,https://stock.naver.com/domestic/stock/266410/price,4,아모레퍼시픽,8.34%
266410,KODEX 필수소비재,2,국내 업종/테마,https://stock.naver.com/domestic/stock/266410/price,5,LG생활건강,4.94%
252650,KODEX 200동일가중,1,국내 시장지수,https://stock.naver.com/domestic/stock/252650/price,1,한솔케미칼,0.69%
252650,KODEX 200동일가중,1,국내 시장지수,https://stock.naver.com/domestic/stock/252650/price,2,DB하이텍,0.67%
252650,KODEX 200동일가중,1,국내 시장지수,https://stock.naver.com/domestic/stock/252650/price,3,이수스페셜티케미컬,0.63%
252650,KODEX 200동일가중,1,국내 시장지수,https://stock.naver.com/domestic/stock/252650/price,4,후성,0.61%
252650,KODEX 200동일가중,1,국내 시장지수,https://stock.naver.com/domestic/stock/252650/price,5,한화솔루션,0.61%
464610,SOL 의료기기소부장Fn,2,국내 업종/테마,https://stock.naver.com/domestic/stock/464610/price,1,파마리서치,12.65%
464610,SOL 의료기기소부장Fn,2,국내 업종/테마,https://stock.naver.com/domestic/stock/464610/price,2,대웅제약,10.46%
464610,SOL 의료기기소부장Fn,2,국내 업종/테마,https://stock.naver.com/domestic/stock/464610/price,3,엘앤씨바이오,9.51%
464610,SOL 의료기기소부장Fn,2,국내 업종/테마,https://stock.naver.com/domestic/stock/464610/price,4,메디톡스,9.41%
464610,SOL 의료기기소부장Fn,2,국내 업종/테마,https://stock.naver.com/domestic/stock/464610/price,5,휴젤,8.74%
446700,RISE 배터리 리사이클링,2,국내 업종/테마,https://stock.naver.com/domestic/stock/446700/price,1,삼성SDI,9.65%
446700,RISE 배터리 리사이클링,2,국내 업종/테마,https://stock.naver.com/domestic/stock/446700/price,2,성일하이텍,7.83%
446700,RISE 배터리 리사이클링,2,국내 업종/테마,https://stock.naver.com/domestic/stock/446700/price,3,SK이노베이션,7.63%
446700,RISE 배터리 리사이클링,2,국내 업종/테마,https://stock.naver.com/domestic/stock/446700/price,4,LG에너지솔루션,7.46%
446700,RISE 배터리 리사이클링,2,국내 업종/테마,https://stock.naver.com/domestic/stock/446700/price,5,에코프로,7.19%
407820,에셋플러스 코리아플랫폼액티브,2,국내 업종/테마,https://stock.naver.com/domestic/stock/407820/price,1,삼성전자우,10.58%
407820,에셋플러스 코리아플랫폼액티브,2,국내 업종/테마,https://stock.naver.com/domestic/stock/407820/price,2,SK,8.75%
407820,에셋플러스 코리아플랫폼액티브,2,국내 업종/테마,https://stock.naver.com/domestic/stock/407820/price,3,NAVER,7.61%
407820,에셋플러스 코리아플랫폼액티브,2,국내 업종/테마,https://stock.naver.com/domestic/stock/407820/price,4,DB하이텍,6.26%
407820,에셋플러스 코리아플랫폼액티브,2,국내 업종/테마,https://stock.naver.com/domestic/stock/407820/price,5,한국금융지주,6.08%
0000H0,KODEX 인도Nifty미드캡100,2,국내 업종/테마,https://stock.naver.com/domestic/stock/0000H0/price,1,Yes Bank Ltd,"18,160.96 (주)"
0000H0,KODEX 인도Nifty미드캡100,2,국내 업종/테마,https://stock.naver.com/domestic/stock/0000H0/price,2,SUZLON ENERGY LTD,"12,576.63 (주)"
0000H0,KODEX 인도Nifty미드캡100,2,국내 업종/테마,https://stock.naver.com/domestic/stock/0000H0/price,3,IDFC Bank Ltd,"6,864.81 (주)"
0000H0,KODEX 인도Nifty미드캡100,2,국내 업종/테마,https://stock.naver.com/domestic/stock/0000H0/price,4,NHPC Ltd,"3,895.98 (주)"
0000H0,KODEX 인도Nifty미드캡100,2,국내 업종/테마,https://stock.naver.com/domestic/stock/0000H0/price,5,GMR Airports Limited,"3,587.72 (주)"
252000,TIGER 200동일가중,1,국내 시장지수,https://stock.naver.com/domestic/stock/252000/price,1,한솔케미칼,0.68%
252000,TIGER 200동일가중,1,국내 시장지수,https://stock.naver.com/domestic/stock/252000/price,2,삼성전기,0.65%
252000,TIGER 200동일가중,1,국내 시장지수,https://stock.naver.com/domestic/stock/252000/price,3,후성,0.63%
252000,TIGER 200동일가중,1,국내 시장지수,https://stock.naver.com/domestic/stock/252000/price,4,이수스페셜티케미컬,0.62%
252000,TIGER 200동일가중,1,국내 시장지수,https://stock.naver.com/domestic/stock/252000/price,5,DB하이텍,0.62%
482030,KoAct 반도체&2차전지핵심소재액티브,2,국내 업종/테마,https://stock.naver.com/domestic/stock/482030/price,1,솔브레인,7.42%
482030,KoAct 반도체&2차전지핵심소재액티브,2,국내 업종/테마,https://stock.naver.com/domestic/stock/482030/price,2,동진쎄미켐,5.92%
482030,KoAct 반도체&2차전지핵심소재액티브,2,국내 업종/테마,https://stock.naver.com/domestic/stock/482030/price,3,포스코퓨처엠,5.90%
482030,KoAct 반도체&2차전지핵심소재액티브,2,국내 업종/테마,https://stock.naver.com/domestic/stock/482030/price,4,포스코인터내셔널,5.25%
482030,KoAct 반도체&2차전지핵심소재액티브,2,국내 업종/테마,https://stock.naver.com/domestic/stock/482030/price,5,후성,4.35%
0219B0,KoAct 광통신&위성네트워크액티브,2,국내 업종/테마,https://stock.naver.com/domestic/stock/0219B0/price,1,RF머트리얼즈,11.56%
0219B0,KoAct 광통신&위성네트워크액티브,2,국내 업종/테마,https://stock.naver.com/domestic/stock/0219B0/price,2,우리로,7.95%
0219B0,KoAct 광통신&위성네트워크액티브,2,국내 업종/테마,https://stock.naver.com/domestic/stock/0219B0/price,3,오이솔루션,6.60%
0219B0,KoAct 광통신&위성네트워크액티브,2,국내 업종/테마,https://stock.naver.com/domestic/stock/0219B0/price,4,대한광통신,6.50%
0219B0,KoAct 광통신&위성네트워크액티브,2,국내 업종/테마,https://stock.naver.com/domestic/stock/0219B0/price,5,파이버프로,5.86%
385710,TIME K이노베이션액티브,2,국내 업종/테마,https://stock.naver.com/domestic/stock/385710/price,1,서진시스템,11.79%
385710,TIME K이노베이션액티브,2,국내 업종/테마,https://stock.naver.com/domestic/stock/385710/price,2,NC,11.29%
385710,TIME K이노베이션액티브,2,국내 업종/테마,https://stock.naver.com/domestic/stock/385710/price,3,삼성SDI,10.06%
385710,TIME K이노베이션액티브,2,국내 업종/테마,https://stock.naver.com/domestic/stock/385710/price,4,알테오젠,9.26%
385710,TIME K이노베이션액티브,2,국내 업종/테마,https://stock.naver.com/domestic/stock/385710/price,5,셀트리온,9.09%
438740,MIDAS 중소형액티브,2,국내 업종/테마,https://stock.naver.com/domestic/stock/438740/price,1,삼성전기,5.21%
438740,MIDAS 중소형액티브,2,국내 업종/테마,https://stock.naver.com/domestic/stock/438740/price,2,테스,2.83%
438740,MIDAS 중소형액티브,2,국내 업종/테마,https://stock.naver.com/domestic/stock/438740/price,3,두산,2.47%
438740,MIDAS 중소형액티브,2,국내 업종/테마,https://stock.naver.com/domestic/stock/438740/price,4,엘앤씨바이오,2.33%
438740,MIDAS 중소형액티브,2,국내 업종/테마,https://stock.naver.com/domestic/stock/438740/price,5,효성중공업,2.24%
140570,RISE 수출주,2,국내 업종/테마,https://stock.naver.com/domestic/stock/140570/price,1,SK이노베이션,3.24%
140570,RISE 수출주,2,국내 업종/테마,https://stock.naver.com/domestic/stock/140570/price,2,GS,3.22%
140570,RISE 수출주,2,국내 업종/테마,https://stock.naver.com/domestic/stock/140570/price,3,S-Oil,3.19%
140570,RISE 수출주,2,국내 업종/테마,https://stock.naver.com/domestic/stock/140570/price,4,대한항공,2.68%
140570,RISE 수출주,2,국내 업종/테마,https://stock.naver.com/domestic/stock/140570/price,5,HMM,2.47%
0189Z0,DAISHIN 금융&지주고배당,2,국내 업종/테마,https://stock.naver.com/domestic/stock/0189Z0/price,1,신한지주,11.34%
0189Z0,DAISHIN 금융&지주고배당,2,국내 업종/테마,https://stock.naver.com/domestic/stock/0189Z0/price,2,하나금융지주,10.60%
0189Z0,DAISHIN 금융&지주고배당,2,국내 업종/테마,https://stock.naver.com/domestic/stock/0189Z0/price,3,우리금융지주,10.52%
0189Z0,DAISHIN 금융&지주고배당,2,국내 업종/테마,https://stock.naver.com/domestic/stock/0189Z0/price,4,기업은행,9.41%
0189Z0,DAISHIN 금융&지주고배당,2,국내 업종/테마,https://stock.naver.com/domestic/stock/0189Z0/price,5,코리안리,5.66%
0001P0,마이티 바이오시밀러&CDMO액티브,2,국내 업종/테마,https://stock.naver.com/domestic/stock/0001P0/price,1,셀트리온,14.67%
0001P0,마이티 바이오시밀러&CDMO액티브,2,국내 업종/테마,https://stock.naver.com/domestic/stock/0001P0/price,2,알테오젠,13.29%
0001P0,마이티 바이오시밀러&CDMO액티브,2,국내 업종/테마,https://stock.naver.com/domestic/stock/0001P0/price,3,에스티팜,8.90%
0001P0,마이티 바이오시밀러&CDMO액티브,2,국내 업종/테마,https://stock.naver.com/domestic/stock/0001P0/price,4,지놈앤컴퍼니,6.28%
0001P0,마이티 바이오시밀러&CDMO액티브,2,국내 업종/테마,https://stock.naver.com/domestic/stock/0001P0/price,5,지투지바이오,4.70%
461580,TIGER 코스닥글로벌,1,국내 시장지수,https://stock.naver.com/domestic/stock/461580/price,1,알테오젠,15.68%
461580,TIGER 코스닥글로벌,1,국내 시장지수,https://stock.naver.com/domestic/stock/461580/price,2,에코프로,9.92%
461580,TIGER 코스닥글로벌,1,국내 시장지수,https://stock.naver.com/domestic/stock/461580/price,3,주성엔지니어링,8.41%
461580,TIGER 코스닥글로벌,1,국내 시장지수,https://stock.naver.com/domestic/stock/461580/price,4,에코프로비엠,7.83%
461580,TIGER 코스닥글로벌,1,국내 시장지수,https://stock.naver.com/domestic/stock/461580/price,5,원익IPS,5.19%
301400,PLUS 코스닥150,1,국내 시장지수,https://stock.naver.com/domestic/stock/301400/price,1,알테오젠,7.45%
301400,PLUS 코스닥150,1,국내 시장지수,https://stock.naver.com/domestic/stock/301400/price,2,에코프로,4.71%
301400,PLUS 코스닥150,1,국내 시장지수,https://stock.naver.com/domestic/stock/301400/price,3,주성엔지니어링,4.00%
301400,PLUS 코스닥150,1,국내 시장지수,https://stock.naver.com/domestic/stock/301400/price,4,에코프로비엠,3.73%
301400,PLUS 코스닥150,1,국내 시장지수,https://stock.naver.com/domestic/stock/301400/price,5,HLB,2.57%
281990,RISE 중소형고배당,2,국내 업종/테마,https://stock.naver.com/domestic/stock/281990/price,1,강원랜드,5.50%
281990,RISE 중소형고배당,2,국내 업종/테마,https://stock.naver.com/domestic/stock/281990/price,2,동서,4.10%
281990,RISE 중소형고배당,2,국내 업종/테마,https://stock.naver.com/domestic/stock/281990/price,3,에스원,3.99%
281990,RISE 중소형고배당,2,국내 업종/테마,https://stock.naver.com/domestic/stock/281990/price,4,제일기획,3.96%
281990,RISE 중소형고배당,2,국내 업종/테마,https://stock.naver.com/domestic/stock/281990/price,5,미스토홀딩스,3.49%
0194N0,KIWOOM 삼성전자선물단일종목레버리지,2,국내 업종/테마,https://stock.naver.com/domestic/stock/0194N0/price,1,삼성전자,32.11%
0194N0,KIWOOM 삼성전자선물단일종목레버리지,2,국내 업종/테마,https://stock.naver.com/domestic/stock/0194N0/price,2,삼성전자선물2610,187.19 (주)
0194N0,KIWOOM 삼성전자선물단일종목레버리지,2,국내 업종/테마,https://stock.naver.com/domestic/stock/0194N0/price,3,설정현금액,100.00%
0194N0,KIWOOM 삼성전자선물단일종목레버리지,2,국내 업종/테마,https://stock.naver.com/domestic/stock/0194N0/price,4,원화현금,67.89%
0120J0,BNK 카카오그룹포커스,2,국내 업종/테마,https://stock.naver.com/domestic/stock/0120J0/price,1,카카오,20.30%
0120J0,BNK 카카오그룹포커스,2,국내 업종/테마,https://stock.naver.com/domestic/stock/0120J0/price,2,카카오뱅크,19.54%
0120J0,BNK 카카오그룹포커스,2,국내 업종/테마,https://stock.naver.com/domestic/stock/0120J0/price,3,카카오페이,17.54%
0120J0,BNK 카카오그룹포커스,2,국내 업종/테마,https://stock.naver.com/domestic/stock/0120J0/price,4,에스엠,16.82%
0120J0,BNK 카카오그룹포커스,2,국내 업종/테마,https://stock.naver.com/domestic/stock/0120J0/price,5,카카오게임즈,10.02%
139240,TIGER 200 철강소재,2,국내 업종/테마,https://stock.naver.com/domestic/stock/139240/price,1,POSCO홀딩스,20.85%
139240,TIGER 200 철강소재,2,국내 업종/테마,https://stock.naver.com/domestic/stock/139240/price,2,현대제철,20.50%
139240,TIGER 200 철강소재,2,국내 업종/테마,https://stock.naver.com/domestic/stock/139240/price,3,풍산,19.76%
139240,TIGER 200 철강소재,2,국내 업종/테마,https://stock.naver.com/domestic/stock/139240/price,4,고려아연,18.60%
139240,TIGER 200 철강소재,2,국내 업종/테마,https://stock.naver.com/domestic/stock/139240/price,5,세아베스틸지주,8.36%
498050,HANARO 바이오코리아액티브,2,국내 업종/테마,https://stock.naver.com/domestic/stock/498050/price,1,에이비엘바이오,7.87%
498050,HANARO 바이오코리아액티브,2,국내 업종/테마,https://stock.naver.com/domestic/stock/498050/price,2,한미약품,7.05%
498050,HANARO 바이오코리아액티브,2,국내 업종/테마,https://stock.naver.com/domestic/stock/498050/price,3,한올바이오파마,6.84%
498050,HANARO 바이오코리아액티브,2,국내 업종/테마,https://stock.naver.com/domestic/stock/498050/price,4,리가켐바이오,6.55%
498050,HANARO 바이오코리아액티브,2,국내 업종/테마,https://stock.naver.com/domestic/stock/498050/price,5,올릭스,4.93%
466810,BNK 2차전지양극재,2,국내 업종/테마,https://stock.naver.com/domestic/stock/466810/price,1,SK이노베이션,13.06%
466810,BNK 2차전지양극재,2,국내 업종/테마,https://stock.naver.com/domestic/stock/466810/price,2,코스모신소재,9.48%
466810,BNK 2차전지양극재,2,국내 업종/테마,https://stock.naver.com/domestic/stock/466810/price,3,삼성SDI,9.14%
466810,BNK 2차전지양극재,2,국내 업종/테마,https://stock.naver.com/domestic/stock/466810/price,4,포스코퓨처엠,8.84%
466810,BNK 2차전지양극재,2,국내 업종/테마,https://stock.naver.com/domestic/stock/466810/price,5,LG에너지솔루션,8.35%
0221Z0,ACE K바이오코스닥액티브,2,국내 업종/테마,https://stock.naver.com/domestic/stock/0221Z0/price,1,알테오젠,8.77%
0221Z0,ACE K바이오코스닥액티브,2,국내 업종/테마,https://stock.naver.com/domestic/stock/0221Z0/price,2,프로티나,8.05%
0221Z0,ACE K바이오코스닥액티브,2,국내 업종/테마,https://stock.naver.com/domestic/stock/0221Z0/price,3,지투지바이오,7.77%
0221Z0,ACE K바이오코스닥액티브,2,국내 업종/테마,https://stock.naver.com/domestic/stock/0221Z0/price,4,올릭스,7.60%
0221Z0,ACE K바이오코스닥액티브,2,국내 업종/테마,https://stock.naver.com/domestic/stock/0221Z0/price,5,보로노이,7.00%
381570,HANARO Fn친환경에너지,2,국내 업종/테마,https://stock.naver.com/domestic/stock/381570/price,1,삼성SDI,11.12%
381570,HANARO Fn친환경에너지,2,국내 업종/테마,https://stock.naver.com/domestic/stock/381570/price,2,한화솔루션,10.80%
381570,HANARO Fn친환경에너지,2,국내 업종/테마,https://stock.naver.com/domestic/stock/381570/price,3,LG에너지솔루션,10.23%
381570,HANARO Fn친환경에너지,2,국내 업종/테마,https://stock.naver.com/domestic/stock/381570/price,4,한화,9.65%
381570,HANARO Fn친환경에너지,2,국내 업종/테마,https://stock.naver.com/domestic/stock/381570/price,5,POSCO홀딩스,9.10%
270800,RISE KQ고배당,2,국내 업종/테마,https://stock.naver.com/domestic/stock/270800/price,1,피에스케이홀딩스,6.32%
270800,RISE KQ고배당,2,국내 업종/테마,https://stock.naver.com/domestic/stock/270800/price,2,SFA,4.90%
270800,RISE KQ고배당,2,국내 업종/테마,https://stock.naver.com/domestic/stock/270800/price,3,에코프로,4.54%
270800,RISE KQ고배당,2,국내 업종/테마,https://stock.naver.com/domestic/stock/270800/price,4,메가스터디교육,4.45%
270800,RISE KQ고배당,2,국내 업종/테마,https://stock.naver.com/domestic/stock/270800/price,5,SOOP,4.23%
266390,KODEX 경기소비재,2,국내 업종/테마,https://stock.naver.com/domestic/stock/266390/price,1,LG전자,22.26%
266390,KODEX 경기소비재,2,국내 업종/테마,https://stock.naver.com/domestic/stock/266390/price,2,한진칼,17.64%
266390,KODEX 경기소비재,2,국내 업종/테마,https://stock.naver.com/domestic/stock/266390/price,3,코웨이,15.58%
266390,KODEX 경기소비재,2,국내 업종/테마,https://stock.naver.com/domestic/stock/266390/price,4,신세계,5.91%
266390,KODEX 경기소비재,2,국내 업종/테마,https://stock.naver.com/domestic/stock/266390/price,5,강원랜드,4.62%
395150,KODEX 웹툰&드라마,2,국내 업종/테마,https://stock.naver.com/domestic/stock/395150/price,1,CJ ENM,15.24%
395150,KODEX 웹툰&드라마,2,국내 업종/테마,https://stock.naver.com/domestic/stock/395150/price,2,NAVER,14.18%
395150,KODEX 웹툰&드라마,2,국내 업종/테마,https://stock.naver.com/domestic/stock/395150/price,3,카카오,14.04%
395150,KODEX 웹툰&드라마,2,국내 업종/테마,https://stock.naver.com/domestic/stock/395150/price,4,스튜디오드래곤,13.56%
395150,KODEX 웹툰&드라마,2,국내 업종/테마,https://stock.naver.com/domestic/stock/395150/price,5,키다리스튜디오,8.40%
215620,HK S&P코리아로우볼,2,국내 업종/테마,https://stock.naver.com/domestic/stock/215620/price,1,롯데렌탈,4.00%
215620,HK S&P코리아로우볼,2,국내 업종/테마,https://stock.naver.com/domestic/stock/215620/price,2,한화리츠,3.42%
215620,HK S&P코리아로우볼,2,국내 업종/테마,https://stock.naver.com/domestic/stock/215620/price,3,신한알파리츠,3.26%
215620,HK S&P코리아로우볼,2,국내 업종/테마,https://stock.naver.com/domestic/stock/215620/price,4,아시아나항공,3.21%
215620,HK S&P코리아로우볼,2,국내 업종/테마,https://stock.naver.com/domestic/stock/215620/price,5,하이트진로,2.98%
174350,TIGER 로우볼,2,국내 업종/테마,https://stock.naver.com/domestic/stock/174350/price,1,제일기획,3.78%
174350,TIGER 로우볼,2,국내 업종/테마,https://stock.naver.com/domestic/stock/174350/price,2,오뚜기,3.53%
174350,TIGER 로우볼,2,국내 업종/테마,https://stock.naver.com/domestic/stock/174350/price,3,KT&G,3.52%
174350,TIGER 로우볼,2,국내 업종/테마,https://stock.naver.com/domestic/stock/174350/price,4,LG유플러스,3.20%
174350,TIGER 로우볼,2,국내 업종/테마,https://stock.naver.com/domestic/stock/174350/price,5,KT,3.08%
457930,BNK 미래전략기술액티브,2,국내 업종/테마,https://stock.naver.com/domestic/stock/457930/price,1,삼성전자,11.95%
457930,BNK 미래전략기술액티브,2,국내 업종/테마,https://stock.naver.com/domestic/stock/457930/price,2,SK하이닉스,11.56%
457930,BNK 미래전략기술액티브,2,국내 업종/테마,https://stock.naver.com/domestic/stock/457930/price,3,한화에어로스페이스,2.72%
457930,BNK 미래전략기술액티브,2,국내 업종/테마,https://stock.naver.com/domestic/stock/457930/price,4,셀트리온,2.69%
457930,BNK 미래전략기술액티브,2,국내 업종/테마,https://stock.naver.com/domestic/stock/457930/price,5,두산에너빌리티,2.55%
395750,PLUS ESG가치주액티브,2,국내 업종/테마,https://stock.naver.com/domestic/stock/395750/price,1,삼성전자,26.77%
395750,PLUS ESG가치주액티브,2,국내 업종/테마,https://stock.naver.com/domestic/stock/395750/price,2,SK하이닉스,20.06%
395750,PLUS ESG가치주액티브,2,국내 업종/테마,https://stock.naver.com/domestic/stock/395750/price,3,SK스퀘어,2.55%
395750,PLUS ESG가치주액티브,2,국내 업종/테마,https://stock.naver.com/domestic/stock/395750/price,4,두산,2.43%
395750,PLUS ESG가치주액티브,2,국내 업종/테마,https://stock.naver.com/domestic/stock/395750/price,5,삼성전기,2.12%
395280,HANARO Fn K-게임,2,국내 업종/테마,https://stock.naver.com/domestic/stock/395280/price,1,NC,25.01%
395280,HANARO Fn K-게임,2,국내 업종/테마,https://stock.naver.com/domestic/stock/395280/price,2,크래프톤,22.95%
395280,HANARO Fn K-게임,2,국내 업종/테마,https://stock.naver.com/domestic/stock/395280/price,3,펄어비스,10.59%
395280,HANARO Fn K-게임,2,국내 업종/테마,https://stock.naver.com/domestic/stock/395280/price,4,넷마블,9.12%
395280,HANARO Fn K-게임,2,국내 업종/테마,https://stock.naver.com/domestic/stock/395280/price,5,시프트업,8.82%
0214M0,MIDAS 바이오헬스케어액티브,2,국내 업종/테마,https://stock.naver.com/domestic/stock/0214M0/price,1,알테오젠,9.57%
0214M0,MIDAS 바이오헬스케어액티브,2,국내 업종/테마,https://stock.naver.com/domestic/stock/0214M0/price,2,한미약품,9.12%
0214M0,MIDAS 바이오헬스케어액티브,2,국내 업종/테마,https://stock.naver.com/domestic/stock/0214M0/price,3,지투지바이오,7.88%
0214M0,MIDAS 바이오헬스케어액티브,2,국내 업종/테마,https://stock.naver.com/domestic/stock/0214M0/price,4,오스코텍,7.01%
0214M0,MIDAS 바이오헬스케어액티브,2,국내 업종/테마,https://stock.naver.com/domestic/stock/0214M0/price,5,리가켐바이오,6.54%
0226G0,WON 피지컬AI TOP2플러스액티브,2,국내 업종/테마,https://stock.naver.com/domestic/stock/0226G0/price,1,삼성전자,23.60%
0226G0,WON 피지컬AI TOP2플러스액티브,2,국내 업종/테마,https://stock.naver.com/domestic/stock/0226G0/price,2,현대차,17.39%
0226G0,WON 피지컬AI TOP2플러스액티브,2,국내 업종/테마,https://stock.naver.com/domestic/stock/0226G0/price,3,대덕전자,5.29%
0226G0,WON 피지컬AI TOP2플러스액티브,2,국내 업종/테마,https://stock.naver.com/domestic/stock/0226G0/price,4,삼성전기,4.85%
0226G0,WON 피지컬AI TOP2플러스액티브,2,국내 업종/테마,https://stock.naver.com/domestic/stock/0226G0/price,5,기가비스,4.53%
0176P0,FOCUS AI반도체위클리고정커버드콜,2,국내 업종/테마,https://stock.naver.com/domestic/stock/0176P0/price,1,삼성전자,18.44%
0176P0,FOCUS AI반도체위클리고정커버드콜,2,국내 업종/테마,https://stock.naver.com/domestic/stock/0176P0/price,2,SK하이닉스,16.31%
0176P0,FOCUS AI반도체위클리고정커버드콜,2,국내 업종/테마,https://stock.naver.com/domestic/stock/0176P0/price,3,삼성전기,6.68%
0176P0,FOCUS AI반도체위클리고정커버드콜,2,국내 업종/테마,https://stock.naver.com/domestic/stock/0176P0/price,4,디아이,5.33%
0176P0,FOCUS AI반도체위클리고정커버드콜,2,국내 업종/테마,https://stock.naver.com/domestic/stock/0176P0/price,5,와이씨,4.34%
227550,TIGER 200 산업재,2,국내 업종/테마,https://stock.naver.com/domestic/stock/227550/price,1,한화에어로스페이스,17.96%
227550,TIGER 200 산업재,2,국내 업종/테마,https://stock.naver.com/domestic/stock/227550/price,2,LG에너지솔루션,13.02%
227550,TIGER 200 산업재,2,국내 업종/테마,https://stock.naver.com/domestic/stock/227550/price,3,LS ELECTRIC,11.70%
227550,TIGER 200 산업재,2,국내 업종/테마,https://stock.naver.com/domestic/stock/227550/price,4,LIG디펜스앤에어로스페이스,7.29%
227550,TIGER 200 산업재,2,국내 업종/테마,https://stock.naver.com/domestic/stock/227550/price,5,한국항공우주,6.71%
0218K0,BNK 스마트카,2,국내 업종/테마,https://stock.naver.com/domestic/stock/0218K0/price,1,삼성전기,20.52%
0218K0,BNK 스마트카,2,국내 업종/테마,https://stock.naver.com/domestic/stock/0218K0/price,2,현대차,11.31%
0218K0,BNK 스마트카,2,국내 업종/테마,https://stock.naver.com/domestic/stock/0218K0/price,3,기아,8.02%
0218K0,BNK 스마트카,2,국내 업종/테마,https://stock.naver.com/domestic/stock/0218K0/price,4,삼성SDI,7.85%
0218K0,BNK 스마트카,2,국내 업종/테마,https://stock.naver.com/domestic/stock/0218K0/price,5,현대모비스,7.39%
227570,TIGER 우량가치,2,국내 업종/테마,https://stock.naver.com/domestic/stock/227570/price,1,SK디스커버리,3.10%
227570,TIGER 우량가치,2,국내 업종/테마,https://stock.naver.com/domestic/stock/227570/price,2,GS,3.04%
227570,TIGER 우량가치,2,국내 업종/테마,https://stock.naver.com/domestic/stock/227570/price,3,팬오션,2.56%
227570,TIGER 우량가치,2,국내 업종/테마,https://stock.naver.com/domestic/stock/227570/price,4,빙그레,2.52%
227570,TIGER 우량가치,2,국내 업종/테마,https://stock.naver.com/domestic/stock/227570/price,5,HDC,2.42%
285690,FOCUS ESG리더스,2,국내 업종/테마,https://stock.naver.com/domestic/stock/285690/price,1,삼성전기,5.57%
285690,FOCUS ESG리더스,2,국내 업종/테마,https://stock.naver.com/domestic/stock/285690/price,2,SK스퀘어,4.19%
285690,FOCUS ESG리더스,2,국내 업종/테마,https://stock.naver.com/domestic/stock/285690/price,3,SK하이닉스,3.24%
285690,FOCUS ESG리더스,2,국내 업종/테마,https://stock.naver.com/domestic/stock/285690/price,4,SK,2.38%
285690,FOCUS ESG리더스,2,국내 업종/테마,https://stock.naver.com/domestic/stock/285690/price,5,LS ELECTRIC,2.33%
0138D0,RISE 동학개미,2,국내 업종/테마,https://stock.naver.com/domestic/stock/0138D0/price,1,삼성전기,10.80%
0138D0,RISE 동학개미,2,국내 업종/테마,https://stock.naver.com/domestic/stock/0138D0/price,2,삼성전자,9.76%
0138D0,RISE 동학개미,2,국내 업종/테마,https://stock.naver.com/domestic/stock/0138D0/price,3,SK하이닉스,9.57%
0138D0,RISE 동학개미,2,국내 업종/테마,https://stock.naver.com/domestic/stock/0138D0/price,4,로보티즈,9.14%
0138D0,RISE 동학개미,2,국내 업종/테마,https://stock.naver.com/domestic/stock/0138D0/price,5,유진테크,6.04%
253280,RISE 헬스케어,2,국내 업종/테마,https://stock.naver.com/domestic/stock/253280/price,1,셀트리온,12.07%
253280,RISE 헬스케어,2,국내 업종/테마,https://stock.naver.com/domestic/stock/253280/price,2,삼성바이오로직스,11.46%
253280,RISE 헬스케어,2,국내 업종/테마,https://stock.naver.com/domestic/stock/253280/price,3,알테오젠,10.69%
253280,RISE 헬스케어,2,국내 업종/테마,https://stock.naver.com/domestic/stock/253280/price,4,HLB,6.78%
253280,RISE 헬스케어,2,국내 업종/테마,https://stock.naver.com/domestic/stock/253280/price,5,유한양행,5.80%
0172Y0,ACE K수출핵심TOP10산업액티브,2,국내 업종/테마,https://stock.naver.com/domestic/stock/0172Y0/price,1,삼성전자,9.06%
0172Y0,ACE K수출핵심TOP10산업액티브,2,국내 업종/테마,https://stock.naver.com/domestic/stock/0172Y0/price,2,SK하이닉스,8.80%
0172Y0,ACE K수출핵심TOP10산업액티브,2,국내 업종/테마,https://stock.naver.com/domestic/stock/0172Y0/price,3,셀트리온,5.75%
0172Y0,ACE K수출핵심TOP10산업액티브,2,국내 업종/테마,https://stock.naver.com/domestic/stock/0172Y0/price,4,GS건설,5.53%
0172Y0,ACE K수출핵심TOP10산업액티브,2,국내 업종/테마,https://stock.naver.com/domestic/stock/0172Y0/price,5,현대건설,5.47%
402460,HANARO Fn K-메타버스MZ,2,국내 업종/테마,https://stock.naver.com/domestic/stock/402460/price,1,KT,11.26%
402460,HANARO Fn K-메타버스MZ,2,국내 업종/테마,https://stock.naver.com/domestic/stock/402460/price,2,LG전자,10.79%
402460,HANARO Fn K-메타버스MZ,2,국내 업종/테마,https://stock.naver.com/domestic/stock/402460/price,3,SK텔레콤,10.20%
402460,HANARO Fn K-메타버스MZ,2,국내 업종/테마,https://stock.naver.com/domestic/stock/402460/price,4,삼성전기,9.68%
402460,HANARO Fn K-메타버스MZ,2,국내 업종/테마,https://stock.naver.com/domestic/stock/402460/price,5,NAVER,9.42%
315270,TIGER 200커뮤니케이션서비스,2,국내 업종/테마,https://stock.naver.com/domestic/stock/315270/price,1,NAVER,21.11%
315270,TIGER 200커뮤니케이션서비스,2,국내 업종/테마,https://stock.naver.com/domestic/stock/315270/price,2,SK텔레콤,18.45%
315270,TIGER 200커뮤니케이션서비스,2,국내 업종/테마,https://stock.naver.com/domestic/stock/315270/price,3,KT,16.02%
315270,TIGER 200커뮤니케이션서비스,2,국내 업종/테마,https://stock.naver.com/domestic/stock/315270/price,4,카카오,15.85%
315270,TIGER 200커뮤니케이션서비스,2,국내 업종/테마,https://stock.naver.com/domestic/stock/315270/price,5,크래프톤,7.82%
0191B0,MIDAS 코스닥액티브,1,국내 시장지수,https://stock.naver.com/domestic/stock/0191B0/price,1,심텍,6.95%
0191B0,MIDAS 코스닥액티브,1,국내 시장지수,https://stock.naver.com/domestic/stock/0191B0/price,2,인텍플러스,6.45%
0191B0,MIDAS 코스닥액티브,1,국내 시장지수,https://stock.naver.com/domestic/stock/0191B0/price,3,이오테크닉스,6.10%
0191B0,MIDAS 코스닥액티브,1,국내 시장지수,https://stock.naver.com/domestic/stock/0191B0/price,4,테스,5.58%
0191B0,MIDAS 코스닥액티브,1,국내 시장지수,https://stock.naver.com/domestic/stock/0191B0/price,5,피에스케이홀딩스,4.44%
244670,KODEX 밸류Plus,2,국내 업종/테마,https://stock.naver.com/domestic/stock/244670/price,1,동원산업,3.33%
244670,KODEX 밸류Plus,2,국내 업종/테마,https://stock.naver.com/domestic/stock/244670/price,2,아세아제지,3.30%
244670,KODEX 밸류Plus,2,국내 업종/테마,https://stock.naver.com/domestic/stock/244670/price,3,CJ제일제당,3.30%
244670,KODEX 밸류Plus,2,국내 업종/테마,https://stock.naver.com/domestic/stock/244670/price,4,LX인터내셔널,3.22%
244670,KODEX 밸류Plus,2,국내 업종/테마,https://stock.naver.com/domestic/stock/244670/price,5,유니드,3.14%
326230,RISE 내수주플러스,2,국내 업종/테마,https://stock.naver.com/domestic/stock/326230/price,1,LG전자,10.54%
326230,RISE 내수주플러스,2,국내 업종/테마,https://stock.naver.com/domestic/stock/326230/price,2,KT&G,8.79%
326230,RISE 내수주플러스,2,국내 업종/테마,https://stock.naver.com/domestic/stock/326230/price,3,SK텔레콤,7.61%
326230,RISE 내수주플러스,2,국내 업종/테마,https://stock.naver.com/domestic/stock/326230/price,4,한국전력,5.74%
326230,RISE 내수주플러스,2,국내 업종/테마,https://stock.naver.com/domestic/stock/326230/price,5,에이피알,5.73%
139290,TIGER 200 경기소비재,2,국내 업종/테마,https://stock.naver.com/domestic/stock/139290/price,1,현대모비스,19.85%
139290,TIGER 200 경기소비재,2,국내 업종/테마,https://stock.naver.com/domestic/stock/139290/price,2,기아,17.14%
139290,TIGER 200 경기소비재,2,국내 업종/테마,https://stock.naver.com/domestic/stock/139290/price,3,현대차,15.25%
139290,TIGER 200 경기소비재,2,국내 업종/테마,https://stock.naver.com/domestic/stock/139290/price,4,한진칼,8.16%
139290,TIGER 200 경기소비재,2,국내 업종/테마,https://stock.naver.com/domestic/stock/139290/price,5,코웨이,7.21%
307510,TIGER 의료기기,2,국내 업종/테마,https://stock.naver.com/domestic/stock/307510/price,1,파마리서치,13.13%
307510,TIGER 의료기기,2,국내 업종/테마,https://stock.naver.com/domestic/stock/307510/price,2,씨젠,7.56%
307510,TIGER 의료기기,2,국내 업종/테마,https://stock.naver.com/domestic/stock/307510/price,3,엘앤씨바이오,6.47%
307510,TIGER 의료기기,2,국내 업종/테마,https://stock.naver.com/domestic/stock/307510/price,4,큐리옥스바이오시스템즈,5.37%
307510,TIGER 의료기기,2,국내 업종/테마,https://stock.naver.com/domestic/stock/307510/price,5,클래시스,5.23%
368680,KODEX K-뉴딜디지털플러스,2,국내 업종/테마,https://stock.naver.com/domestic/stock/368680/price,1,셀트리온,11.58%
368680,KODEX K-뉴딜디지털플러스,2,국내 업종/테마,https://stock.naver.com/domestic/stock/368680/price,2,삼성SDI,11.21%
368680,KODEX K-뉴딜디지털플러스,2,국내 업종/테마,https://stock.naver.com/domestic/stock/368680/price,3,LG에너지솔루션,10.17%
368680,KODEX K-뉴딜디지털플러스,2,국내 업종/테마,https://stock.naver.com/domestic/stock/368680/price,4,삼성바이오로직스,9.33%
368680,KODEX K-뉴딜디지털플러스,2,국내 업종/테마,https://stock.naver.com/domestic/stock/368680/price,5,POSCO홀딩스,9.18%
483020,KIWOOM 의료AI,2,국내 업종/테마,https://stock.naver.com/domestic/stock/483020/price,1,셀트리온,23.15%
483020,KIWOOM 의료AI,2,국내 업종/테마,https://stock.naver.com/domestic/stock/483020/price,2,삼성바이오로직스,23.02%
483020,KIWOOM 의료AI,2,국내 업종/테마,https://stock.naver.com/domestic/stock/483020/price,3,SK바이오팜,18.03%
483020,KIWOOM 의료AI,2,국내 업종/테마,https://stock.naver.com/domestic/stock/483020/price,4,씨어스,5.77%
483020,KIWOOM 의료AI,2,국내 업종/테마,https://stock.naver.com/domestic/stock/483020/price,5,루닛,5.64%
433250,UNICORN R&D 액티브,1,국내 시장지수,https://stock.naver.com/domestic/stock/433250/price,1,SK하이닉스,22.22%
433250,UNICORN R&D 액티브,1,국내 시장지수,https://stock.naver.com/domestic/stock/433250/price,2,삼성전자,17.54%
433250,UNICORN R&D 액티브,1,국내 시장지수,https://stock.naver.com/domestic/stock/433250/price,3,한화에어로스페이스,6.69%
433250,UNICORN R&D 액티브,1,국내 시장지수,https://stock.naver.com/domestic/stock/433250/price,4,삼성전기,3.74%
433250,UNICORN R&D 액티브,1,국내 시장지수,https://stock.naver.com/domestic/stock/433250/price,5,NAVER,3.55%
314700,HANARO 농업융복합산업,2,국내 업종/테마,https://stock.naver.com/domestic/stock/314700/price,1,KT&G,21.57%
314700,HANARO 농업융복합산업,2,국내 업종/테마,https://stock.naver.com/domestic/stock/314700/price,2,LG화학,16.74%
314700,HANARO 농업융복합산업,2,국내 업종/테마,https://stock.naver.com/domestic/stock/314700/price,3,동원산업,15.48%
314700,HANARO 농업융복합산업,2,국내 업종/테마,https://stock.naver.com/domestic/stock/314700/price,4,CJ,12.49%
314700,HANARO 농업융복합산업,2,국내 업종/테마,https://stock.naver.com/domestic/stock/314700/price,5,하림지주,9.31%
0053M0,더제이 중소형포커스액티브,2,국내 업종/테마,https://stock.naver.com/domestic/stock/0053M0/price,1,피에스케이홀딩스,7.89%
0053M0,더제이 중소형포커스액티브,2,국내 업종/테마,https://stock.naver.com/domestic/stock/0053M0/price,2,케이씨텍,6.45%
0053M0,더제이 중소형포커스액티브,2,국내 업종/테마,https://stock.naver.com/domestic/stock/0053M0/price,3,두산,6.26%
0053M0,더제이 중소형포커스액티브,2,국내 업종/테마,https://stock.naver.com/domestic/stock/0053M0/price,4,LS,6.08%
0053M0,더제이 중소형포커스액티브,2,국내 업종/테마,https://stock.naver.com/domestic/stock/0053M0/price,5,에이피알,5.98%
0229F0,마이티 신약포커스바이오액티브,2,국내 업종/테마,https://stock.naver.com/domestic/stock/0229F0/price,1,올릭스,10.08%
0229F0,마이티 신약포커스바이오액티브,2,국내 업종/테마,https://stock.naver.com/domestic/stock/0229F0/price,2,지투지바이오,9.88%
0229F0,마이티 신약포커스바이오액티브,2,국내 업종/테마,https://stock.naver.com/domestic/stock/0229F0/price,3,알테오젠,8.17%
0229F0,마이티 신약포커스바이오액티브,2,국내 업종/테마,https://stock.naver.com/domestic/stock/0229F0/price,4,알지노믹스,7.87%
0229F0,마이티 신약포커스바이오액티브,2,국내 업종/테마,https://stock.naver.com/domestic/stock/0229F0/price,5,오스코텍,7.78%
407300,HANARO Fn골프테마,2,국내 업종/테마,https://stock.naver.com/domestic/stock/407300/price,1,DB하이텍,11.87%
407300,HANARO Fn골프테마,2,국내 업종/테마,https://stock.naver.com/domestic/stock/407300/price,2,카카오,11.15%
407300,HANARO Fn골프테마,2,국내 업종/테마,https://stock.naver.com/domestic/stock/407300/price,3,두산에너빌리티,11.03%
407300,HANARO Fn골프테마,2,국내 업종/테마,https://stock.naver.com/domestic/stock/407300/price,4,삼성물산,9.52%
407300,HANARO Fn골프테마,2,국내 업종/테마,https://stock.naver.com/domestic/stock/407300/price,5,강원랜드,9.08%
470310,UNICORN 생성형AI강소기업액티브,2,국내 업종/테마,https://stock.naver.com/domestic/stock/470310/price,1,NHN,11.28%
470310,UNICORN 생성형AI강소기업액티브,2,국내 업종/테마,https://stock.naver.com/domestic/stock/470310/price,2,LG전자,9.49%
470310,UNICORN 생성형AI강소기업액티브,2,국내 업종/테마,https://stock.naver.com/domestic/stock/470310/price,3,삼성에스디에스,9.07%
470310,UNICORN 생성형AI강소기업액티브,2,국내 업종/테마,https://stock.naver.com/domestic/stock/470310/price,4,LG씨엔에스,8.66%
470310,UNICORN 생성형AI강소기업액티브,2,국내 업종/테마,https://stock.naver.com/domestic/stock/470310/price,5,루닛,8.62%
0184V0,UNICORN K바이오액티브,2,국내 업종/테마,https://stock.naver.com/domestic/stock/0184V0/price,1,지투지바이오,10.08%
0184V0,UNICORN K바이오액티브,2,국내 업종/테마,https://stock.naver.com/domestic/stock/0184V0/price,2,올릭스,8.99%
0184V0,UNICORN K바이오액티브,2,국내 업종/테마,https://stock.naver.com/domestic/stock/0184V0/price,3,티움바이오,7.61%
0184V0,UNICORN K바이오액티브,2,국내 업종/테마,https://stock.naver.com/domestic/stock/0184V0/price,4,알테오젠,7.37%
0184V0,UNICORN K바이오액티브,2,국내 업종/테마,https://stock.naver.com/domestic/stock/0184V0/price,5,지아이이노베이션,7.22%
227560,TIGER 200 생활소비재,2,국내 업종/테마,https://stock.naver.com/domestic/stock/227560/price,1,KT&G,21.22%
227560,TIGER 200 생활소비재,2,국내 업종/테마,https://stock.naver.com/domestic/stock/227560/price,2,한국전력,14.20%
227560,TIGER 200 생활소비재,2,국내 업종/테마,https://stock.naver.com/domestic/stock/227560/price,3,에이피알,13.39%
227560,TIGER 200 생활소비재,2,국내 업종/테마,https://stock.naver.com/domestic/stock/227560/price,4,삼양식품,6.89%
227560,TIGER 200 생활소비재,2,국내 업종/테마,https://stock.naver.com/domestic/stock/227560/price,5,아모레퍼시픽,6.15%
266550,PLUS 중형주저변동50,2,국내 업종/테마,https://stock.naver.com/domestic/stock/266550/price,1,한국콜마,3.61%
266550,PLUS 중형주저변동50,2,국내 업종/테마,https://stock.naver.com/domestic/stock/266550/price,2,현대해상,3.23%
266550,PLUS 중형주저변동50,2,국내 업종/테마,https://stock.naver.com/domestic/stock/266550/price,3,iM금융지주,3.20%
266550,PLUS 중형주저변동50,2,국내 업종/테마,https://stock.naver.com/domestic/stock/266550/price,4,에스원,3.10%
266550,PLUS 중형주저변동50,2,국내 업종/테마,https://stock.naver.com/domestic/stock/266550/price,5,코리안리,2.96%
277650,TIGER 코스피중형주,2,국내 업종/테마,https://stock.naver.com/domestic/stock/277650/price,1,가온전선,2.77%
277650,TIGER 코스피중형주,2,국내 업종/테마,https://stock.naver.com/domestic/stock/277650/price,2,JB금융지주,1.52%
277650,TIGER 코스피중형주,2,국내 업종/테마,https://stock.naver.com/domestic/stock/277650/price,3,SKC,1.49%
277650,TIGER 코스피중형주,2,국내 업종/테마,https://stock.naver.com/domestic/stock/277650/price,4,BNK금융지주,1.38%
277650,TIGER 코스피중형주,2,국내 업종/테마,https://stock.naver.com/domestic/stock/277650/price,5,한전기술,1.37%
226380,ACE Fn성장소비주도주,2,국내 업종/테마,https://stock.naver.com/domestic/stock/226380/price,1,코스맥스,3.27%
226380,ACE Fn성장소비주도주,2,국내 업종/테마,https://stock.naver.com/domestic/stock/226380/price,2,한국콜마,3.12%
226380,ACE Fn성장소비주도주,2,국내 업종/테마,https://stock.naver.com/domestic/stock/226380/price,3,컴투스,2.97%
226380,ACE Fn성장소비주도주,2,국내 업종/테마,https://stock.naver.com/domestic/stock/226380/price,4,NHN,2.81%
226380,ACE Fn성장소비주도주,2,국내 업종/테마,https://stock.naver.com/domestic/stock/226380/price,5,아모레퍼시픽,2.50%
243890,TIGER 200에너지화학레버리지,2,국내 업종/테마,https://stock.naver.com/domestic/stock/243890/price,1,SK,15.22%
243890,TIGER 200에너지화학레버리지,2,국내 업종/테마,https://stock.naver.com/domestic/stock/243890/price,2,TIGER 200 에너지화학,13.57%
243890,TIGER 200에너지화학레버리지,2,국내 업종/테마,https://stock.naver.com/domestic/stock/243890/price,3,LG화학,8.86%
243890,TIGER 200에너지화학레버리지,2,국내 업종/테마,https://stock.naver.com/domestic/stock/243890/price,4,SK이노베이션,8.40%
243890,TIGER 200에너지화학레버리지,2,국내 업종/테마,https://stock.naver.com/domestic/stock/243890/price,5,HD현대,6.63%
244660,KODEX 퀄리티Plus,2,국내 업종/테마,https://stock.naver.com/domestic/stock/244660/price,1,이노션,5.03%
244660,KODEX 퀄리티Plus,2,국내 업종/테마,https://stock.naver.com/domestic/stock/244660/price,2,하이트진로,4.18%
244660,KODEX 퀄리티Plus,2,국내 업종/테마,https://stock.naver.com/domestic/stock/244660/price,3,제일기획,4.03%
244660,KODEX 퀄리티Plus,2,국내 업종/테마,https://stock.naver.com/domestic/stock/244660/price,4,종근당,4.02%
244660,KODEX 퀄리티Plus,2,국내 업종/테마,https://stock.naver.com/domestic/stock/244660/price,5,대상,3.62%
427120,RISE AI플랫폼,2,국내 업종/테마,https://stock.naver.com/domestic/stock/427120/price,1,NHN,11.74%
427120,RISE AI플랫폼,2,국내 업종/테마,https://stock.naver.com/domestic/stock/427120/price,2,NICE평가정보,9.09%
427120,RISE AI플랫폼,2,국내 업종/테마,https://stock.naver.com/domestic/stock/427120/price,3,카페24,8.32%
427120,RISE AI플랫폼,2,국내 업종/테마,https://stock.naver.com/domestic/stock/427120/price,4,NAVER,7.04%
427120,RISE AI플랫폼,2,국내 업종/테마,https://stock.naver.com/domestic/stock/427120/price,5,카카오,7.00%
476000,UNICORN 포스트IPO액티브,2,국내 업종/테마,https://stock.naver.com/domestic/stock/476000/price,1,씨어스,12.00%
476000,UNICORN 포스트IPO액티브,2,국내 업종/테마,https://stock.naver.com/domestic/stock/476000/price,2,액스비스,10.66%
476000,UNICORN 포스트IPO액티브,2,국내 업종/테마,https://stock.naver.com/domestic/stock/476000/price,3,세미티에스,10.57%
476000,UNICORN 포스트IPO액티브,2,국내 업종/테마,https://stock.naver.com/domestic/stock/476000/price,4,마키나락스,7.81%
476000,UNICORN 포스트IPO액티브,2,국내 업종/테마,https://stock.naver.com/domestic/stock/476000/price,5,리센스메디컬,6.39%
412560,TIGER BBIG레버리지,2,국내 업종/테마,https://stock.naver.com/domestic/stock/412560/price,1,TIGER BBIG,22.56%
412560,TIGER BBIG레버리지,2,국내 업종/테마,https://stock.naver.com/domestic/stock/412560/price,2,NC,7.36%
412560,TIGER BBIG레버리지,2,국내 업종/테마,https://stock.naver.com/domestic/stock/412560/price,3,서진시스템,7.22%
412560,TIGER BBIG레버리지,2,국내 업종/테마,https://stock.naver.com/domestic/stock/412560/price,4,삼성바이오로직스,6.68%
412560,TIGER BBIG레버리지,2,국내 업종/테마,https://stock.naver.com/domestic/stock/412560/price,5,넷마블,6.37%
